{"ABSYSTEMLABS":"eyJ0ZXh0dXJlcyI6eyJTS0lOIjp7InVybCI6Imh0dHA6Ly90ZXh0dXJlcy5taW5lY3JhZnQubmV0L3RleHR1cmUvNTA0M2ZkNTc5NGEzOGI5ZTZkZTE5YzBhNmE3OGE4Yjg0OGYwMmRiYjYyNDhhZjNkOWEwMGNjZjg0MGU3OTE3ZCJ9fX0=",".ImWolfTxd":"eyJ0ZXh0dXJlcyI6eyJTS0lOIjp7InVybCI6Imh0dHA6Ly90ZXh0dXJlcy5taW5lY3JhZnQubmV0L3RleHR1cmUvZjg3NWYzM2YwN2MyMmQ4NzJiMTUxNmY3OTkzMDY1ZTJhODk5YzkyMmM1MTU0YWU0ZDAyN2JiZTdmMGNmNjY0ZiJ9fX0=","tito":"eyJ0ZXh0dXJlcyI6eyJTS0lOIjp7InVybCI6Imh0dHA6Ly90ZXh0dXJlcy5taW5lY3JhZnQubmV0L3RleHR1cmUvZDhkYWJlNzE0NjA4NGM1NThhMjUwNmE2ODlkMmM3MDQ1MzYwZTM2ZjUwM2IyMjJmNThjNmM4ZmU1ODIxZmFkOSJ9fX0=","bot":"eyJ0ZXh0dXJlcyI6eyJTS0lOIjp7InVybCI6Imh0dHA6Ly90ZXh0dXJlcy5taW5lY3JhZnQubmV0L3RleHR1cmUvMWRiOGZjZjQ3YmM4MDM0MTFlMzM4ZDNjMzUyZmZkOWMyMmVlOWNlNmI2ODJhNjE4M2NjNDkxYTllN2ExMjUifX19",".EDDYplay123":"eyJ0ZXh0dXJlcyI6eyJTS0lOIjp7InVybCI6Imh0dHA6Ly90ZXh0dXJlcy5taW5lY3JhZnQubmV0L3RleHR1cmUvY2FlOGFiZGQ2MjAzYTBjYzgwN2E1M2RlZDE3ZGM0MWMwMzZjNzg0MGZhN2I2NmIyNTdmMjYwY2FmM2JkYTcyNyJ9fX0=","lycanzitow":"eyJ0ZXh0dXJlcyI6eyJTS0lOIjp7InVybCI6Imh0dHA6Ly90ZXh0dXJlcy5taW5lY3JhZnQubmV0L3RleHR1cmUvYjIyNGNiZTczYTYzMGYyNjY5ZGRkM2M1NzYxOWNmNDdhNGQwMTI2MmY1Yjk0NTg0MGIxOWI5OTljNTVhYmQ0ZSJ9fX0=","Hguay":"eyJ0ZXh0dXJlcyI6eyJTS0lOIjp7InVybCI6Imh0dHA6Ly90ZXh0dXJlcy5taW5lY3JhZnQubmV0L3RleHR1cmUvMTZiMTNlYTMyNjcwYjc5MTA3N2I5MGIwMmQwZDMyNmRiZDYzZjY2OTUzZjVmZDJmMDUyYTA0ODAwZTZjZGQxMCJ9fX0=",".Horisco":"eyJ0ZXh0dXJlcyI6eyJTS0lOIjp7InVybCI6Imh0dHA6Ly90ZXh0dXJlcy5taW5lY3JhZnQubmV0L3RleHR1cmUvY2ZkYzQ1ODNkMDZjN2U1N2I4YjBkNTk2OGNjYzc2YmE1ZTc0YTcxODhlNDZiNWE1MDQxMmJkZTQyYTUzYTIwNCJ9fX0=","eduardogames1505":" ","Manu0221":" ",".MintFriend58775":"eyJ0ZXh0dXJlcyI6eyJTS0lOIjp7InVybCI6Imh0dHA6Ly90ZXh0dXJlcy5taW5lY3JhZnQubmV0L3RleHR1cmUvZTI3OGE4YzE0NDNiMWQwY2MzMDZjMmU0NDYxYWUwY2E0Mzk0ZDg1YTZlMDVjMzA5ZjE0Mzc1MTUxNTQ5NmMzYyJ9fX0=","jonamv":"eyJ0ZXh0dXJlcyI6eyJTS0lOIjp7InVybCI6Imh0dHA6Ly90ZXh0dXJlcy5taW5lY3JhZnQubmV0L3RleHR1cmUvZjUyOTgwZTk2MjVlNmJjZjAyYTllOWEwNjhmYWMzZGU2Yzk5ZmQ4M2I4NWUwNDhmMjcxZDIyZGI4NzBmMGE3MiJ9fX0=",".Miku6180":"eyJ0ZXh0dXJlcyI6eyJTS0lOIjp7InVybCI6Imh0dHA6Ly90ZXh0dXJlcy5taW5lY3JhZnQubmV0L3RleHR1cmUvNTY5ZmUyYmYyZmUzZmZlNTgwODJkNzgzYzBhODgwNDUwNjJhMWQxNGEyZjZmNjg5ZDI2ODEyNWE2NTFlYzI5NCJ9fX0=",".Chakalon200xp":"eyJ0ZXh0dXJlcyI6eyJTS0lOIjp7InVybCI6Imh0dHA6Ly90ZXh0dXJlcy5taW5lY3JhZnQubmV0L3RleHR1cmUvYTJiYjZhNmY0ZjI5Njk1Y2ExZDlhYmJhMTU3NWQ0ZDQwZGMwZGIyNGZiNmVkYjA4OThiYmQxZTgxNzZhMjliMiJ9fX0=","Eryajeig":"eyJ0ZXh0dXJlcyI6eyJTS0lOIjp7InVybCI6Imh0dHA6Ly90ZXh0dXJlcy5taW5lY3JhZnQubmV0L3RleHR1cmUvNGUwZDNlYjc4NjRlMWE0NGU3M2UxYWQ4MmNhZTQ5MGJkZjU3Njc2MDU0MTBhZjQwY2U2NzExMjg3ZmFiZDM5ZSJ9fX0=","Dylan_Zw_13":" ","juancachorro77":" ","LEONARDOGVL":"eyJ0ZXh0dXJlcyI6eyJTS0lOIjp7InVybCI6Imh0dHA6Ly90ZXh0dXJlcy5taW5lY3JhZnQubmV0L3RleHR1cmUvYWIyOTNhZTYxM2RjNDMxN2EzNmEzODlmODFiOGVjNjk2Njc5ODczZjU3NTBkOTBkYTA4MGZiMTU5NmI5NTYyYiJ9fX0=","Panda_Ss":"eyJ0ZXh0dXJlcyI6eyJTS0lOIjp7InVybCI6Imh0dHA6Ly90ZXh0dXJlcy5taW5lY3JhZnQubmV0L3RleHR1cmUvZGMzMTZhN2JkZmI0NTNlOGU0YmQ1OWMwNDNlMWVkYjc1YWQ5YmY2ZTc4YTNmZjhiYzRiZGJkZGYxMzk0Nzc3OCJ9fX0=",".THE_COOPER77":"eyJ0ZXh0dXJlcyI6eyJTS0lOIjp7InVybCI6Imh0dHA6Ly90ZXh0dXJlcy5taW5lY3JhZnQubmV0L3RleHR1cmUvYzNjYjNjOTYxMTJkZDU2YjIwNGIyNjk3OGQzMTdmYWE4ZjI0NjczYWQ5YjcxZDU2OGUxYjBjNmFkNmE4NzI4ZSJ9fX0=","javierpk20061":" ","Mummra":"eyJ0ZXh0dXJlcyI6eyJTS0lOIjp7InVybCI6Imh0dHA6Ly90ZXh0dXJlcy5taW5lY3JhZnQubmV0L3RleHR1cmUvNDFlM2U1YmUwMmVhMTk4M2EzZTFmZDA5NjM3ODBkMzUzMzM4MzUzZDI5OTAzMDgzMGJlYjNmMzVmZWFmYjBkYSJ9fX0=","CenturionMarioG":"eyJ0ZXh0dXJlcyI6eyJTS0lOIjp7InVybCI6Imh0dHA6Ly90ZXh0dXJlcy5taW5lY3JhZnQubmV0L3RleHR1cmUvMjhiMThiY2QzM2RmZjU3ZjY4NzhmZjRlMjc3MDJiNTJjMDI1NjZlNWQ2NDUwMzgzYmYyNDlkOTNhZjM4NGVjMSJ9fX0=",".Geovanny193":"eyJ0ZXh0dXJlcyI6eyJTS0lOIjp7InVybCI6Imh0dHA6Ly90ZXh0dXJlcy5taW5lY3JhZnQubmV0L3RleHR1cmUvMWE0YWY3MTg0NTVkNGFhYjUyOGU3YTYxZjg2ZmEyNWU2YTM2OWQxNzY4ZGNiMTNmN2RmMzE5YTcxM2ViODEwYiJ9fX0=",".Cherryan15":"eyJ0ZXh0dXJlcyI6eyJTS0lOIjp7InVybCI6Imh0dHA6Ly90ZXh0dXJlcy5taW5lY3JhZnQubmV0L3RleHR1cmUvMTAxYTViYjY2MDA5YjA2MGRlOGYyNjFiOGI0NDE5ZDU2NzE4YTU3OThhZDRhZTViOGI5OWNhY2I3Njg1MWY0In19fQ==","Daniphantom":"eyJ0ZXh0dXJlcyI6eyJTS0lOIjp7InVybCI6Imh0dHA6Ly90ZXh0dXJlcy5taW5lY3JhZnQubmV0L3RleHR1cmUvNzlmNmE1ZjRmMDM5OGUwNmIwMDkxNTUzMzhiZDgwODM5YTFkMGFmNGI3NmE2MmFiNmU5NzBjZDA3ZmE0MzRiMiJ9fX0=","Gabocrackelpro0":"eyJ0ZXh0dXJlcyI6eyJTS0lOIjp7InVybCI6Imh0dHA6Ly90ZXh0dXJlcy5taW5lY3JhZnQubmV0L3RleHR1cmUvYmFlZDI0OGY2NGMxNDQxZWIwNGNlMjNiMGEyMDFiMGVmMzBkY2E5ZTNhMjhhNjU3YTM1OTUyNjMyZTRlOTYyMiJ9fX0=","FERNANDOAVL":" ","Buba":"eyJ0ZXh0dXJlcyI6eyJTS0lOIjp7InVybCI6Imh0dHA6Ly90ZXh0dXJlcy5taW5lY3JhZnQubmV0L3RleHR1cmUvMWM0NjFkYjRkYzI4MmYzMzFhNTliZWUwNDkyMzRiYTc3OWFjMWU1NmYyZWRiNGY1ZjYzYzNhOGEyNjllMmZhNiJ9fX0=","yojan_33":" ","BKM125":"eyJ0ZXh0dXJlcyI6eyJTS0lOIjp7InVybCI6Imh0dHA6Ly90ZXh0dXJlcy5taW5lY3JhZnQubmV0L3RleHR1cmUvYWViZWQ0ZDhhNWEyNjZmZDI0N2E4NDFjY2U4MDAyNWE0YmQwOGEyMjM5NmRiZmUxZjQ4OTMwZDgxMDE0NDIzYSJ9fX0=","anfadero":"eyJ0ZXh0dXJlcyI6eyJTS0lOIjp7InVybCI6Imh0dHA6Ly90ZXh0dXJlcy5taW5lY3JhZnQubmV0L3RleHR1cmUvYzBjMmZjMmVjNTc0ZDA0MDRkMWM3ZDFlOTQzYTUxZDA3YmQ2N2I0ZGIyNzI4M2ExMGU1NTY0ODgyYTBkNGE4MSJ9fX0=","Caverelpro100":" ","helldez":" ",".Lulu81597":"eyJ0ZXh0dXJlcyI6eyJTS0lOIjp7InVybCI6Imh0dHA6Ly90ZXh0dXJlcy5taW5lY3JhZnQubmV0L3RleHR1cmUvNWEzZTY2N2FiY2U3YWYxZGExNWY0YjhkNDlmYjI3NGYxYjZiYTY0OTFiNjQzNzIwNDY5OGQ3NDY3M2EyYmM0OSJ9fX0=",".Gatogojogojo":"eyJ0ZXh0dXJlcyI6eyJTS0lOIjp7InVybCI6Imh0dHA6Ly90ZXh0dXJlcy5taW5lY3JhZnQubmV0L3RleHR1cmUvZWQ2MDQ0MmFmYzAwNDg3NWUzZGU5NjNiZjA0MGMzNTBiNWZmNWUyODJjODZiNTc5NTQ0YjdlZjJiNDdhYjcyNyJ9fX0=","ABu3LA_SeX0":"eyJ0ZXh0dXJlcyI6eyJTS0lOIjp7InVybCI6Imh0dHA6Ly90ZXh0dXJlcy5taW5lY3JhZnQubmV0L3RleHR1cmUvZTg0Y2NhNmRlYTY4ZTdlM2M2YTQyYmE0NmEzYTdmZTg3ZWQ2N2E5N2ZkYzk0ZTU2NDcyNWE3NGU2MWIwZjkyNyJ9fX0=","SlxxpyGhost":" ",".DamianMDFK":"eyJ0ZXh0dXJlcyI6eyJTS0lOIjp7InVybCI6Imh0dHA6Ly90ZXh0dXJlcy5taW5lY3JhZnQubmV0L3RleHR1cmUvYzUxY2NkN2RmOWY0YzMwODY5NjVjMjYxODdhYTMxOTMyMzk2ZjliYjEyMGNmN2U2ZDhjYzljMDNhOTc0NjA0In19fQ==","Geovanny1":"eyJ0ZXh0dXJlcyI6eyJTS0lOIjp7InVybCI6Imh0dHA6Ly90ZXh0dXJlcy5taW5lY3JhZnQubmV0L3RleHR1cmUvMTViNGM0ZGVlY2Y1ZjU3ZDYxZjQ1MmUwOWUxYTczYzk1ODJkMzY0YWNjN2JhMzY3ODY5Y2NmMzFkMWI1MmFkNCJ9fX0=","BrunoGomezRoca":"eyJ0ZXh0dXJlcyI6eyJTS0lOIjp7InVybCI6Imh0dHA6Ly90ZXh0dXJlcy5taW5lY3JhZnQubmV0L3RleHR1cmUvMzhhNmZmZDRjZDYwZWZjMTY5OGIyMGU2OTk3N2Q1YjFlNTg1NTUyNzg3NzdlODY5NmNjMjg2NTRmZDdiYjUyMSJ9fX0="}