{"stats":{"minecraft:killed_by":{"minecraft:zombie_villager":1,"minecraft:pillager":8,"minecraft:zombie":6,"minecraft:husk":19,"minecraft:slime":1,"minecraft:warden":6,"minecraft:giant":1,"minecraft:ghast":3,"minecraft:wither_skeleton":1,"minecraft:creeper":2,"minecraft:blaze":2,"minecraft:witch":7,"minecraft:endermite":2,"minecraft:player":44,"minecraft:spider":2,"minecraft:enderman":4,"minecraft:skeleton":3},"minecraft:picked_up":{"minecraft:iron_chestplate":1,"minecraft:chainmail_boots":1,"minecraft:prismarine_shard":1,"minecraft:anvil":1,"minecraft:suspicious_stew":1,"minecraft:lead":7,"minecraft:diamond_sword":35,"minecraft:enchanted_book":2,"minecraft:brewing_stand":1,"minecraft:amethyst_block":63,"minecraft:polished_deepslate":26,"minecraft:string":68,"minecraft:diamond_leggings":14,"minecraft:cobbled_deepslate":1287,"minecraft:spruce_planks":15,"minecraft:written_book":2,"minecraft:enchanted_golden_apple":50,"minecraft:diamond_ore":4,"minecraft:golden_helmet":1,"minecraft:spruce_pressure_plate":1,"minecraft:stone_sword":2,"minecraft:tropical_fish":1,"minecraft:iron_block":118,"minecraft:red_tulip":1,"minecraft:blaze_rod":97,"minecraft:barrier":3,"minecraft:magma_block":3,"minecraft:feather":5,"minecraft:cooked_beef":823,"minecraft:flint":11,"minecraft:cherry_fence":4,"minecraft:netherite_leggings":2,"minecraft:lantern":6,"minecraft:diamond_helmet":9,"minecraft:moss_block":22,"minecraft:stripped_spruce_log":18,"minecraft:ink_sac":3,"minecraft:loom":1,"minecraft:dark_oak_log":19,"minecraft:trapped_chest":3,"minecraft:granite":314,"minecraft:bread":40,"minecraft:rooted_dirt":31,"minecraft:diamond_pickaxe":7,"minecraft:crafting_table":3,"minecraft:coarse_dirt":10,"minecraft:nether_wart":75,"minecraft:leather_leggings":5,"minecraft:cornflower":4,"minecraft:netherite_sword":1,"minecraft:cyan_wool":1,"minecraft:poppy":20,"minecraft:spruce_slab":1,"minecraft:minecart":22,"minecraft:chest":41,"minecraft:egg":1,"minecraft:stone":218,"minecraft:cake":1,"minecraft:carrot":60,"minecraft:netherite_pickaxe":6,"minecraft:redstone":13904,"minecraft:tnt":1,"minecraft:polished_granite_stairs":72,"minecraft:diamond_chestplate":11,"minecraft:cooked_cod":4,"minecraft:diamond_boots":13,"minecraft:deepslate_bricks":4,"minecraft:gold_ingot":62,"minecraft:totem_of_undying":24,"minecraft:glow_berries":8,"minecraft:mutton":7,"minecraft:white_wool":14,"minecraft:rail":8,"minecraft:oxeye_daisy":3,"minecraft:tripwire_hook":5,"minecraft:yellow_dye":13,"minecraft:red_mushroom":8,"minecraft:oak_log":30,"minecraft:sculk_vein":1,"minecraft:paper":84,"minecraft:white_banner":10,"minecraft:stone_bricks":297,"minecraft:apple":8,"minecraft:stone_pickaxe":1,"minecraft:glass_bottle":4,"minecraft:iron_sword":4,"minecraft:flowering_azalea":1,"minecraft:milk_bucket":3,"minecraft:smooth_basalt":8,"minecraft:dark_oak_slab":5,"minecraft:spyglass":1,"minecraft:gravel":60,"minecraft:spruce_log":88,"minecraft:firework_rocket":42,"minecraft:slime_ball":235,"minecraft:stone_axe":1,"minecraft:diamond_axe":1,"minecraft:painting":3,"minecraft:baked_potato":40,"minecraft:pink_dye":6,"minecraft:ender_pearl":4,"minecraft:wheat":869,"minecraft:redstone_block":71,"minecraft:sentry_armor_trim_smithing_template":1,"minecraft:potion":27,"minecraft:stone_brick_stairs":3,"minecraft:raw_copper":10784,"minecraft:iron_leggings":1,"minecraft:sticky_piston":1,"minecraft:netherite_ingot":4,"minecraft:experience_bottle":18,"minecraft:oak_sign":1,"minecraft:activator_rail":5,"minecraft:deepslate_tiles":3,"minecraft:light_weighted_pressure_plate":1,"minecraft:white_tulip":1,"minecraft:red_dye":1,"minecraft:rose_bush":1,"minecraft:redstone_torch":27,"minecraft:calcite":41,"minecraft:iron_pickaxe":2,"minecraft:furnace":43,"minecraft:iron_boots":1,"minecraft:stick":16,"minecraft:oak_fence":4,"minecraft:torch":52,"minecraft:spruce_stairs":28,"minecraft:porkchop":1,"minecraft:pointed_dripstone":46,"minecraft:diorite":67,"minecraft:goat_horn":2,"minecraft:rotten_flesh":341,"minecraft:mangrove_roots":826,"minecraft:obsidian":21,"minecraft:cod":6,"minecraft:cobblestone":28332,"minecraft:leather_chestplate":6,"minecraft:magma_cream":12,"minecraft:cherry_planks":5,"minecraft:andesite":48,"minecraft:beacon":9,"minecraft:chiseled_quartz_block":1,"minecraft:potato":4713,"minecraft:tuff":104,"minecraft:wither_skeleton_skull":1,"minecraft:lapis_lazuli":24235,"minecraft:dirt":261,"minecraft:polished_granite":22,"minecraft:name_tag":1,"minecraft:leather_boots":3,"minecraft:bone":127,"minecraft:bow":9,"minecraft:wheat_seeds":2374,"minecraft:orange_tulip":1,"minecraft:raw_gold":4167,"minecraft:light_blue_dye":2,"minecraft:powered_rail":3,"minecraft:oak_planks":3,"minecraft:ghast_tear":572,"minecraft:cooked_porkchop":13,"minecraft:pink_stained_glass_pane":1,"minecraft:poisonous_potato":127,"minecraft:sand":1,"minecraft:diamond_block":37,"minecraft:grass_block":5,"minecraft:lily_of_the_valley":2,"minecraft:shulker_box":3,"minecraft:diamond":3678,"minecraft:crossbow":8,"minecraft:golden_apple":18,"minecraft:white_concrete":7,"minecraft:spruce_sign":8,"minecraft:emerald":885,"minecraft:nether_star":1,"minecraft:splash_potion":3,"minecraft:allium":3,"minecraft:azure_bluet":1,"minecraft:chicken":2,"minecraft:wooden_pickaxe":3,"minecraft:gold_block":43,"minecraft:shield":4,"minecraft:iron_axe":1,"minecraft:wooden_sword":1,"minecraft:item_frame":8,"minecraft:warped_fence":1,"minecraft:creeper_banner_pattern":2,"minecraft:echo_shard":1,"minecraft:oak_boat":1,"minecraft:player_head":3,"minecraft:lectern":11,"minecraft:sugar_cane":74,"minecraft:phantom_membrane":1,"minecraft:raw_iron":13729,"minecraft:end_stone":433,"minecraft:trident":1,"minecraft:arrow":292,"minecraft:weeping_vines":1,"minecraft:pink_tulip":2,"minecraft:saddle":1,"minecraft:salmon":3,"minecraft:leather":75,"minecraft:granite_stairs":33,"minecraft:gunpowder":1195,"minecraft:cooked_mutton":60,"minecraft:iron_ingot":216,"minecraft:cooked_chicken":3,"minecraft:music_disc_chirp":1,"minecraft:book":17,"minecraft:sculk_catalyst":2,"minecraft:scaffolding":4,"minecraft:dandelion":12,"minecraft:dripstone_block":36,"minecraft:red_banner":1,"minecraft:spruce_door":1,"minecraft:spider_eye":16,"minecraft:lime_dye":7,"minecraft:iron_helmet":1,"minecraft:cherry_sapling":15,"minecraft:coal":7229,"minecraft:sunflower":1},"minecraft:custom":{"minecraft:interact_with_crafting_table":355,"minecraft:bell_ring":24,"minecraft:eat_cake_slice":5,"minecraft:leave_game":188,"minecraft:time_since_death":131290,"minecraft:damage_blocked_by_shield":9571,"minecraft:play_time":9403237,"minecraft:deaths":132,"minecraft:jump":55052,"minecraft:interact_with_furnace":1491,"minecraft:traded_with_villager":26,"minecraft:sleep_in_bed":12,"minecraft:damage_dealt":98539,"minecraft:interact_with_smoker":6,"minecraft:interact_with_smithing_table":13,"minecraft:interact_with_anvil":12,"minecraft:damage_dealt_absorbed":5332,"minecraft:target_hit":13,"minecraft:sneak_time":415949,"minecraft:interact_with_lectern":2,"minecraft:interact_with_blast_furnace":152,"minecraft:total_world_time":9403237,"minecraft:time_since_rest":20738,"minecraft:swim_one_cm":137839,"minecraft:fly_one_cm":5429008,"minecraft:open_chest":1810,"minecraft:fall_one_cm":450758,"minecraft:animals_bred":5,"minecraft:open_shulker_box":18,"minecraft:clean_armor":1,"minecraft:damage_resisted":12720,"minecraft:sprint_one_cm":6981882,"minecraft:drop":900,"minecraft:talked_to_villager":29,"minecraft:interact_with_brewingstand":72,"minecraft:walk_on_water_one_cm":145297,"minecraft:interact_with_loom":12,"minecraft:open_enderchest":47,"minecraft:interact_with_beacon":5,"minecraft:player_kills":23,"minecraft:crouch_one_cm":355266,"minecraft:mob_kills":2054,"minecraft:damage_dealt_resisted":9378,"minecraft:climb_one_cm":85155,"minecraft:walk_one_cm":16681968,"minecraft:raid_win":1,"minecraft:walk_under_water_one_cm":173308,"minecraft:boat_one_cm":3701,"minecraft:raid_trigger":3,"minecraft:pot_flower":2,"minecraft:interact_with_grindstone":1,"minecraft:damage_absorbed":16013,"minecraft:damage_taken":107978,"minecraft:trigger_trapped_chest":134,"minecraft:minecart_one_cm":91863,"minecraft:aviate_one_cm":62678},"minecraft:killed":{"minecraft:cave_spider":6,"minecraft:skeleton":33,"minecraft:chicken":6,"minecraft:magma_cube":110,"minecraft:pillager":68,"minecraft:zombie":18,"minecraft:cow":4,"minecraft:endermite":15,"minecraft:vindicator":1,"minecraft:zoglin":3,"minecraft:warden":1,"minecraft:husk":4,"minecraft:ravager":1,"minecraft:polar_bear":5,"minecraft:enderman":3,"minecraft:spider":10,"minecraft:axolotl":71,"minecraft:pig":3,"minecraft:creeper":7,"minecraft:sheep":12,"minecraft:ghast":1173,"minecraft:blaze":156,"minecraft:slime":245,"minecraft:phantom":1,"minecraft:bat":1,"minecraft:wither_skeleton":25},"minecraft:used":{"minecraft:moss_block":318,"minecraft:orange_dye":3,"minecraft:polished_granite_stairs":71,"minecraft:elytra":3,"minecraft:ladder":5,"minecraft:poppy":10,"minecraft:chest":53,"minecraft:stone":44,"minecraft:rotten_flesh":3,"minecraft:soul_sand":12,"minecraft:lily_of_the_valley":2,"minecraft:allium":2,"minecraft:azure_bluet":1,"minecraft:stripped_spruce_log":18,"minecraft:grass_block":184,"minecraft:dark_oak_slab":22,"minecraft:netherite_boots":1,"minecraft:bow":3226,"minecraft:furnace":32,"minecraft:acacia_fence":55,"minecraft:egg":1,"minecraft:potato":14,"minecraft:emerald_ore":3,"minecraft:diorite":15,"minecraft:leather_leggings":1,"minecraft:spruce_door":1,"minecraft:powered_rail":3,"minecraft:orange_tulip":1,"minecraft:leather_chestplate":2,"minecraft:wooden_pickaxe":15,"minecraft:golden_apple":13,"minecraft:glow_berries":8,"minecraft:sand":11,"minecraft:cyan_dye":1,"minecraft:netherite_helmet":6,"minecraft:chiseled_quartz_block":1,"minecraft:deepslate_tiles":39,"minecraft:lectern":12,"minecraft:spore_blossom":1,"minecraft:polished_granite":89,"minecraft:diamond_ore":1,"minecraft:diamond_sword":4041,"minecraft:smithing_table":1,"minecraft:poisonous_potato":3,"minecraft:oak_boat":1,"minecraft:stone_sword":13,"minecraft:orange_concrete":42,"minecraft:armor_stand":17,"minecraft:orange_bed":1,"minecraft:torch":126,"minecraft:brewing_stand":2,"minecraft:anvil":2,"minecraft:small_dripleaf":1,"minecraft:shroomlight":3,"minecraft:iron_block":3,"minecraft:iron_axe":70,"minecraft:rooted_dirt":1,"minecraft:chicken_spawn_egg":3,"minecraft:lime_dye":1,"minecraft:totem_of_undying":24,"minecraft:diamond_chestplate":20,"minecraft:tall_grass":4,"minecraft:goat_horn":4,"minecraft:trapped_chest":3,"minecraft:cobbled_deepslate":47,"minecraft:acacia_planks":2,"minecraft:cherry_fence":5,"minecraft:calcite":1,"minecraft:water_bucket":40,"minecraft:glow_ink_sac":7,"minecraft:leather_boots":1,"minecraft:deepslate_bricks":28,"minecraft:rail":68,"minecraft:crafting_table":4,"minecraft:red_bed":2,"minecraft:birch_sign":1,"minecraft:campfire":2,"minecraft:cod":2,"minecraft:cake":1,"minecraft:spruce_log":154,"minecraft:diamond_pickaxe":7101,"minecraft:cornflower":3,"minecraft:oxeye_daisy":3,"minecraft:acacia_sign":1,"minecraft:sunflower":1,"minecraft:iron_pickaxe":871,"minecraft:spruce_pressure_plate":4,"minecraft:leather_helmet":1,"minecraft:spruce_sapling":4,"minecraft:cobblestone":535,"minecraft:potion":75,"minecraft:cooked_porkchop":85,"minecraft:porkchop":1,"minecraft:dandelion":11,"minecraft:sculk_vein":1203,"minecraft:diamond_leggings":15,"minecraft:cherry_sapling":3,"minecraft:polished_deepslate":310,"minecraft:axolotl_spawn_egg":1,"minecraft:shield":136,"minecraft:iron_sword":363,"minecraft:nether_wart":38,"minecraft:player_head":2,"minecraft:carrot":3,"minecraft:milk_bucket":30,"minecraft:obsidian":18,"minecraft:big_dripleaf":3,"minecraft:glass":16,"minecraft:lantern":14,"minecraft:iron_helmet":1,"minecraft:stone_bricks":3063,"minecraft:item_frame":16,"minecraft:magma_block":3,"minecraft:scaffolding":5,"minecraft:mangrove_roots":12,"minecraft:diamond_boots":16,"minecraft:wither_skeleton_skull":1,"minecraft:stone_pickaxe":109,"minecraft:ender_pearl":1,"minecraft:redstone_block":7,"minecraft:diamond_axe":218,"minecraft:sugar_cane":16,"minecraft:brain_coral":1,"minecraft:netherite_leggings":1,"minecraft:loom":1,"minecraft:crossbow":68,"minecraft:end_stone":484,"minecraft:redstone_torch":17,"minecraft:black_concrete":4,"minecraft:firework_rocket":49,"minecraft:acacia_door":1,"minecraft:bread":78,"minecraft:barrier":1,"minecraft:grindstone":1,"minecraft:white_concrete":466,"minecraft:tropical_fish_bucket":5,"minecraft:coarse_dirt":3,"minecraft:bone_meal":44,"minecraft:experience_bottle":512,"minecraft:oak_fence":4,"minecraft:trident":11,"minecraft:netherite_sword":38,"minecraft:white_tulip":1,"minecraft:flint_and_steel":1,"minecraft:redstone":1,"minecraft:spruce_planks":101,"minecraft:ender_chest":1,"minecraft:cooked_chicken":1,"minecraft:dirt":68,"minecraft:spyglass":14,"minecraft:spruce_stairs":209,"minecraft:diamond_helmet":10,"minecraft:shulker_box":4,"minecraft:pink_dye":1,"minecraft:salmon_bucket":3,"minecraft:spruce_fence":3,"minecraft:red_tulip":1,"minecraft:yellow_stained_glass":215,"minecraft:netherite_pickaxe":60917,"minecraft:minecart":19,"minecraft:cooked_beef":148,"minecraft:red_dye":1,"minecraft:enchanted_golden_apple":145,"minecraft:cooked_mutton":34,"minecraft:amethyst_block":59,"minecraft:pink_tulip":1,"minecraft:glass_bottle":65,"minecraft:baked_potato":54,"minecraft:spruce_sign":12,"minecraft:beacon":1,"minecraft:painting":3,"minecraft:smoker":1,"minecraft:flower_pot":2,"minecraft:activator_rail":10,"minecraft:chicken":1,"minecraft:acacia_fence_gate":2,"minecraft:stone_axe":1427,"minecraft:white_banner":3,"minecraft:red_banner":1,"minecraft:bucket":20,"minecraft:sculk_catalyst":2,"minecraft:splash_potion":15},"minecraft:dropped":{"minecraft:iron_sword":2,"minecraft:lapis_lazuli":3685,"minecraft:cooked_beef":383,"minecraft:emerald_ore":2,"minecraft:glass_bottle":36,"minecraft:diamond":78,"minecraft:crafting_table":1,"minecraft:cooked_porkchop":22,"minecraft:weeping_vines":1,"minecraft:glow_berries":3,"minecraft:rooted_dirt":1,"minecraft:elytra":1,"minecraft:leather_helmet":1,"minecraft:sentry_armor_trim_smithing_template":1,"minecraft:gold_block":3,"minecraft:dirt":81,"minecraft:yellow_dye":2,"minecraft:white_wool":1,"minecraft:bone":19,"minecraft:goat_horn":1,"minecraft:sugar_cane":17,"minecraft:cooked_chicken":4,"minecraft:cobbled_deepslate":59,"minecraft:netherite_sword":1,"minecraft:rotten_flesh":140,"minecraft:enchanted_golden_apple":54,"minecraft:end_stone":64,"minecraft:leather_boots":1,"minecraft:leather_leggings":3,"minecraft:ghast_tear":6,"minecraft:enchanted_book":1,"minecraft:iron_ingot":202,"minecraft:netherite_pickaxe":6,"minecraft:wheat_seeds":21,"minecraft:tnt":1,"minecraft:feather":1,"minecraft:iron_helmet":1,"minecraft:barrier":2,"minecraft:cobblestone":19003,"minecraft:book":5,"minecraft:granite":49,"minecraft:coal":62,"minecraft:golden_apple":6,"minecraft:rose_bush":1,"minecraft:diamond_helmet":7,"minecraft:potion":9,"minecraft:paper":14,"minecraft:pink_stained_glass_pane":1,"minecraft:netherite_ingot":4,"minecraft:stone_sword":3,"minecraft:sticky_piston":1,"minecraft:iron_boots":1,"minecraft:diamond_sword":17,"minecraft:polished_granite_stairs":1,"minecraft:stone":218,"minecraft:diamond_pickaxe":2,"minecraft:spider_eye":3,"minecraft:stone_bricks":120,"minecraft:bow":4,"minecraft:spruce_sign":1,"minecraft:diamond_axe":1,"minecraft:baked_potato":129,"minecraft:leather":89,"minecraft:cod":1,"minecraft:flint":3,"minecraft:gold_ingot":21,"minecraft:gravel":3,"minecraft:mangrove_roots":260,"minecraft:cooked_mutton":51,"minecraft:poppy":1,"minecraft:leather_chestplate":4,"minecraft:trident":1,"minecraft:gunpowder":149,"minecraft:chest":1,"minecraft:chainmail_boots":1,"minecraft:arrow":127,"minecraft:written_book":3,"minecraft:splash_potion":3,"minecraft:bread":13,"minecraft:golden_helmet":1,"minecraft:minecart":2,"minecraft:diamond_leggings":8,"minecraft:poisonous_potato":55,"minecraft:lead":2,"minecraft:amethyst_block":2,"minecraft:copper_ingot":2,"minecraft:spruce_stairs":1,"minecraft:stick":86,"minecraft:iron_block":87,"minecraft:torch":2,"minecraft:iron_leggings":1,"minecraft:bucket":1,"minecraft:redstone_block":64,"minecraft:redstone":2888,"minecraft:coarse_dirt":1,"minecraft:blaze_rod":21,"minecraft:raw_copper":7456,"minecraft:tuff":38,"minecraft:raw_iron":14,"minecraft:totem_of_undying":4,"minecraft:netherite_leggings":1,"minecraft:shield":2,"minecraft:diamond_chestplate":5,"minecraft:iron_chestplate":1,"minecraft:andesite":14,"minecraft:spruce_log":67,"minecraft:diamond_boots":8,"minecraft:slime_ball":141,"minecraft:beacon":1,"minecraft:stone_pickaxe":1,"minecraft:wooden_pickaxe":5,"minecraft:raw_gold":2},"minecraft:broken":{"minecraft:diamond_helmet":2,"minecraft:diamond_pickaxe":1,"minecraft:iron_sword":1,"minecraft:bow":7,"minecraft:netherite_leggings":1,"minecraft:leather_helmet":3,"minecraft:netherite_helmet":2,"minecraft:diamond_leggings":5,"minecraft:chainmail_helmet":1,"minecraft:iron_pickaxe":4,"minecraft:netherite_boots":1,"minecraft:diamond_boots":6,"minecraft:diamond_sword":6,"minecraft:diamond_chestplate":5},"minecraft:mined":{"minecraft:obsidian":27,"minecraft:granite":298,"minecraft:deepslate_bricks":4,"minecraft:oxeye_daisy":2,"minecraft:oak_wall_sign":1,"minecraft:nether_wart":33,"minecraft:magma_block":2,"minecraft:cobbled_deepslate":232,"minecraft:deepslate_lapis_ore":1904,"minecraft:cave_vines":1,"minecraft:spruce_pressure_plate":1,"minecraft:pink_tulip":2,"minecraft:iron_block":83,"minecraft:white_banner":1,"minecraft:player_head":1,"minecraft:torch":23,"minecraft:spruce_wall_sign":6,"minecraft:glass":9,"minecraft:sugar_cane":48,"minecraft:amethyst_block":72,"minecraft:cherry_fence":4,"minecraft:wheat":889,"minecraft:loom":1,"minecraft:smooth_basalt":8,"minecraft:red_mushroom_block":18,"minecraft:deepslate":835,"minecraft:deepslate_tiles":3,"minecraft:cherry_sapling":1,"minecraft:dark_oak_log":15,"minecraft:shulker_box":3,"minecraft:end_stone":58,"minecraft:allium":3,"minecraft:redstone_wire":1,"minecraft:moss_block":22,"minecraft:andesite":84,"minecraft:diamond_block":3,"minecraft:potatoes":1276,"minecraft:rail":7,"minecraft:redstone_block":7,"minecraft:lily_of_the_valley":1,"minecraft:dandelion":10,"minecraft:cornflower":3,"minecraft:short_grass":72,"minecraft:tall_grass":9,"minecraft:copper_ore":16,"minecraft:deepslate_gold_ore":1867,"minecraft:diorite":162,"minecraft:coarse_dirt":7,"minecraft:trapped_chest":2,"minecraft:spruce_log":26,"minecraft:birch_leaves":1,"minecraft:sunflower":1,"minecraft:pink_stained_glass_pane":1,"minecraft:gravel":86,"minecraft:dripstone_block":44,"minecraft:cobweb":8,"minecraft:stone_bricks":184,"minecraft:deepslate_emerald_ore":433,"minecraft:spruce_planks":13,"minecraft:brewing_stand":1,"minecraft:cave_vines_plant":1,"minecraft:budding_amethyst":5,"minecraft:grass_block":181,"minecraft:white_concrete":5,"minecraft:iron_ore":18,"minecraft:anvil":1,"minecraft:azure_bluet":1,"minecraft:red_tulip":1,"minecraft:pointed_dripstone":1,"minecraft:azalea":1,"minecraft:polished_granite_stairs":8,"minecraft:deepslate_redstone_ore":2887,"minecraft:calcite":37,"minecraft:poppy":4,"minecraft:beacon":1,"minecraft:chest":20,"minecraft:mushroom_stem":4,"minecraft:cobblestone":58,"minecraft:oak_planks":3,"minecraft:wall_torch":19,"minecraft:deepslate_copper_ore":1451,"minecraft:dark_oak_slab":5,"minecraft:powered_rail":1,"minecraft:activator_rail":5,"minecraft:orange_tulip":1,"minecraft:oak_log":32,"minecraft:sand":1,"minecraft:dirt":114,"minecraft:oak_leaves":7,"minecraft:diamond_ore":3,"minecraft:tuff":71,"minecraft:deepslate_diamond_ore":1418,"minecraft:mangrove_roots":629,"minecraft:spruce_leaves":9,"minecraft:rooted_dirt":29,"minecraft:furnace":45,"minecraft:stripped_spruce_log":18,"minecraft:polished_deepslate":11,"minecraft:deepslate_iron_ore":5840,"minecraft:lantern":6,"minecraft:stone":46812,"minecraft:white_tulip":1,"minecraft:podzol":4,"minecraft:scaffolding":3,"minecraft:flowering_azalea":1,"minecraft:spruce_door":1,"minecraft:warped_fence":1,"minecraft:red_banner":1,"minecraft:polished_granite":25,"minecraft:oak_fence":4,"minecraft:crafting_table":2,"minecraft:sculk_sensor":1,"minecraft:lectern":11,"minecraft:deepslate_coal_ore":3044,"minecraft:lapis_ore":2,"minecraft:sculk":2,"minecraft:spruce_stairs":31,"minecraft:redstone_torch":11,"minecraft:white_wall_banner":2,"minecraft:coal_ore":59},"minecraft:crafted":{"minecraft:smooth_stone":63,"minecraft:blaze_powder":10,"minecraft:glass":320,"minecraft:diamond_helmet":6,"minecraft:diamond_leggings":8,"minecraft:magenta_dye":1,"minecraft:glass_bottle":63,"minecraft:wooden_shovel":1,"minecraft:emerald":31,"minecraft:clock":1,"minecraft:copper_ingot":3784,"minecraft:sentry_armor_trim_smithing_template":42,"minecraft:stone_slab":6,"minecraft:compass":1,"minecraft:iron_pickaxe":4,"minecraft:iron_block":1533,"minecraft:acacia_door":3,"minecraft:gold_ingot":4109,"minecraft:golden_carrot":5,"minecraft:smooth_stone_slab":36,"minecraft:iron_nugget":72,"minecraft:bone_meal":93,"minecraft:spruce_fence":3,"minecraft:pink_dye":1,"minecraft:lantern":9,"minecraft:diamond":85,"minecraft:spruce_stairs":104,"minecraft:vex_armor_trim_smithing_template":14,"minecraft:stone_pickaxe":2,"minecraft:diamond_boots":8,"minecraft:redstone_block":1223,"minecraft:dark_oak_planks":20,"minecraft:golden_helmet":1,"minecraft:coal_block":209,"minecraft:netherite_pickaxe":2,"minecraft:red_bed":4,"minecraft:polished_granite":96,"minecraft:deepslate_tiles":36,"minecraft:enchanted_book":13,"minecraft:armor_stand":17,"minecraft:grindstone":1,"minecraft:stone":2709,"minecraft:spruce_pressure_plate":3,"minecraft:bow":7,"minecraft:chest":19,"minecraft:copper_block":419,"minecraft:rail":64,"minecraft:stone_bricks":1900,"minecraft:oak_fence":3,"minecraft:cherry_fence":3,"minecraft:smoker":1,"minecraft:white_banner":1,"minecraft:item_frame":8,"minecraft:crafting_table":3,"minecraft:spruce_planks":532,"minecraft:wooden_pickaxe":2,"minecraft:gold_block":448,"minecraft:book":13,"minecraft:paper":60,"minecraft:charcoal":63,"minecraft:emerald_block":107,"minecraft:yellow_dye":1,"minecraft:shield":2,"minecraft:stick":352,"minecraft:iron_ingot":13816,"minecraft:redstone_torch":16,"minecraft:deepslate_bricks":76,"minecraft:redstone":63,"minecraft:coal":9,"minecraft:furnace":4,"minecraft:diamond_block":341,"minecraft:flint_and_steel":1,"minecraft:polished_deepslate":376,"minecraft:iron_axe":2,"minecraft:minecart":10,"minecraft:glistering_melon_slice":1,"minecraft:diamond_sword":2,"minecraft:spruce_sign":12,"minecraft:activator_rail":6,"minecraft:iron_sword":1,"minecraft:stone_axe":1,"minecraft:blue_dye":1,"minecraft:oak_boat":1,"minecraft:gold_nugget":63,"minecraft:anvil":1,"minecraft:torch":148,"minecraft:lapis_block":2412,"minecraft:diamond_chestplate":8}},"DataVersion":3700}