{"stats":{"minecraft:killed":{"minecraft:endermite":1},"minecraft:dropped":{"minecraft:stone_sword":1},"minecraft:custom":{"minecraft:time_since_rest":20,"minecraft:open_chest":1,"minecraft:damage_taken":1942,"minecraft:crouch_one_cm":1,"minecraft:deaths":6,"minecraft:play_time":64061,"minecraft:sprint_one_cm":115521,"minecraft:walk_one_cm":141541,"minecraft:sneak_time":806,"minecraft:walk_under_water_one_cm":800,"minecraft:mob_kills":1,"minecraft:drop":1,"minecraft:jump":245,"minecraft:damage_dealt":229,"minecraft:leave_game":10,"minecraft:walk_on_water_one_cm":1414,"minecraft:time_since_death":0,"minecraft:total_world_time":64061,"minecraft:swim_one_cm":553,"minecraft:fall_one_cm":31236,"minecraft:fly_one_cm":45889},"minecraft:used":{"minecraft:leather_leggings":4,"minecraft:stone_sword":10,"minecraft:leather_helmet":6,"minecraft:leather_chestplate":4,"minecraft:cooked_beef":4,"minecraft:leather_boots":5},"minecraft:picked_up":{"minecraft:cooked_beef":32,"minecraft:stone_sword":1,"minecraft:paper":2},"minecraft:killed_by":{"minecraft:endermite":1,"minecraft:iron_golem":2,"minecraft:pillager":1},"minecraft:mined":{"minecraft:mangrove_roots":1}},"DataVersion":3700}