{"stats":{"minecraft:picked_up":{"minecraft:magma_cream":1,"minecraft:diamond_chestplate":1,"minecraft:slime_ball":19,"minecraft:diamond_leggings":1,"minecraft:diamond_sword":1,"minecraft:diamond_boots":1,"minecraft:diamond_helmet":1,"minecraft:diamond_pickaxe":1},"minecraft:used":{"minecraft:iron_sword":68},"minecraft:custom":{"minecraft:time_since_rest":56043,"minecraft:open_chest":1,"minecraft:crouch_one_cm":417,"minecraft:play_time":56043,"minecraft:sprint_one_cm":52577,"minecraft:damage_taken":102,"minecraft:walk_one_cm":227474,"minecraft:sneak_time":194,"minecraft:walk_under_water_one_cm":1303,"minecraft:mob_kills":39,"minecraft:jump":301,"minecraft:damage_dealt":1079,"minecraft:leave_game":7,"minecraft:walk_on_water_one_cm":2492,"minecraft:time_since_death":56043,"minecraft:climb_one_cm":1418,"minecraft:total_world_time":56043,"minecraft:swim_one_cm":4799,"minecraft:fall_one_cm":2384,"minecraft:fly_one_cm":37502},"minecraft:killed":{"minecraft:magma_cube":15,"minecraft:slime":24}},"DataVersion":3700}