{"stats":{"minecraft:picked_up":{"minecraft:slime_ball":7,"minecraft:iron_ingot":8,"minecraft:paper":1},"minecraft:killed_by":{"minecraft:iron_golem":4},"minecraft:custom":{"minecraft:open_chest":1,"minecraft:time_since_rest":26810,"minecraft:crouch_one_cm":2890,"minecraft:play_time":63801,"minecraft:sprint_one_cm":125030,"minecraft:inspect_dropper":1,"minecraft:deaths":5,"minecraft:damage_taken":1629,"minecraft:walk_one_cm":82148,"minecraft:sneak_time":4333,"minecraft:walk_under_water_one_cm":9361,"minecraft:mob_kills":9,"minecraft:jump":133,"minecraft:damage_dealt":1416,"minecraft:leave_game":4,"minecraft:walk_on_water_one_cm":13,"minecraft:time_since_death":26790,"minecraft:climb_one_cm":1264,"minecraft:total_world_time":63801,"minecraft:swim_one_cm":14432,"minecraft:fall_one_cm":3290,"minecraft:fly_one_cm":81973,"minecraft:inspect_dispenser":2},"minecraft:killed":{"minecraft:iron_golem":2,"minecraft:slime":7},"minecraft:used":{"minecraft:redstone_torch":4,"minecraft:stone_sword":83,"minecraft:dropper":1,"minecraft:flint_and_steel":106,"minecraft:tnt":21,"minecraft:dispenser":5,"minecraft:redstone":14}},"DataVersion":3700}