{"stats":{"minecraft:dropped":{"minecraft:mangrove_roots":1,"minecraft:diamond_leggings":1,"minecraft:cobblestone":64,"minecraft:leather_chestplate":1,"minecraft:shield":1,"minecraft:diamond_chestplate":2,"minecraft:leather_boots":2,"minecraft:diamond_helmet":1,"minecraft:stone_bricks":3,"minecraft:diamond_boots":1,"minecraft:wooden_pickaxe":1,"minecraft:paper":1,"minecraft:redstone":127},"minecraft:mined":{"minecraft:deepslate_redstone_ore":55,"minecraft:deepslate_diamond_ore":45,"minecraft:mangrove_roots":13,"minecraft:deepslate_coal_ore":32,"minecraft:deepslate_gold_ore":28,"minecraft:deepslate_iron_ore":108,"minecraft:stone":541,"minecraft:deepslate_emerald_ore":43},"minecraft:used":{"minecraft:leather_leggings":1,"minecraft:diamond_boots":1,"minecraft:stone_pickaxe":27,"minecraft:wooden_pickaxe":33,"minecraft:shield":29,"minecraft:leather_chestplate":1,"minecraft:diamond_axe":63,"minecraft:leather_boots":2,"minecraft:diamond_helmet":1,"minecraft:diamond_pickaxe":551,"minecraft:iron_pickaxe":250,"minecraft:leather_helmet":2,"minecraft:diamond_chestplate":1,"minecraft:diamond_sword":496,"minecraft:cooked_beef":17,"minecraft:enchanted_golden_apple":7},"minecraft:crafted":{"minecraft:crafting_table":1,"minecraft:spruce_planks":52,"minecraft:wooden_pickaxe":1,"minecraft:gold_block":3,"minecraft:emerald_block":12,"minecraft:charcoal":13,"minecraft:diamond_pickaxe":1,"minecraft:shield":1,"minecraft:stick":8,"minecraft:iron_ingot":106,"minecraft:iron_pickaxe":1,"minecraft:stone_pickaxe":1,"minecraft:iron_block":11,"minecraft:chest":2,"minecraft:gold_ingot":27,"minecraft:diamond_chestplate":1},"minecraft:custom":{"minecraft:interact_with_furnace":17,"minecraft:mob_kills":77,"minecraft:interact_with_crafting_table":8,"minecraft:leave_game":15,"minecraft:time_since_death":15464,"minecraft:damage_resisted":822,"minecraft:time_since_rest":15503,"minecraft:sprint_one_cm":187082,"minecraft:damage_absorbed":911,"minecraft:damage_taken":4846,"minecraft:walk_one_cm":432040,"minecraft:damage_blocked_by_shield":1505,"minecraft:drop":16,"minecraft:damage_dealt":12055,"minecraft:swim_one_cm":1003,"minecraft:fly_one_cm":226978,"minecraft:open_chest":28,"minecraft:crouch_one_cm":7356,"minecraft:play_time":201685,"minecraft:deaths":10,"minecraft:sneak_time":6906,"minecraft:walk_under_water_one_cm":430,"minecraft:jump":1310,"minecraft:interact_with_blast_furnace":22,"minecraft:walk_on_water_one_cm":1422,"minecraft:total_world_time":201685,"minecraft:fall_one_cm":11925},"minecraft:killed":{"minecraft:endermite":4,"minecraft:spider":6,"minecraft:skeleton":2,"minecraft:pillager":9,"minecraft:zombie":28},"minecraft:picked_up":{"minecraft:leather_chestplate":1,"minecraft:potion":1,"minecraft:shield":1,"minecraft:gunpowder":1,"minecraft:string":7,"minecraft:leather_boots":2,"minecraft:bone":7,"minecraft:stone_bricks":3,"minecraft:bow":1,"minecraft:diamond_leggings":1,"minecraft:raw_gold":27,"minecraft:diamond_helmet":1,"minecraft:raw_iron":120,"minecraft:redstone":388,"minecraft:spider_eye":1,"minecraft:rotten_flesh":86,"minecraft:arrow":14,"minecraft:diamond_chestplate":1,"minecraft:diamond":50,"minecraft:diamond_boots":1,"minecraft:diamond_axe":1,"minecraft:mangrove_roots":13,"minecraft:emerald":44,"minecraft:baked_potato":2,"minecraft:coal":33,"minecraft:cobblestone":643},"minecraft:killed_by":{"minecraft:skeleton":1,"minecraft:spider":1,"minecraft:zombie":3,"minecraft:pillager":5},"minecraft:broken":{"minecraft:diamond_boots":1,"minecraft:diamond_helmet":1,"minecraft:iron_pickaxe":1}},"DataVersion":3700}