{"stats":{"minecraft:mined":{"minecraft:cherry_log":204,"minecraft:obsidian":20,"minecraft:grass_block":430,"minecraft:polished_diorite":41,"minecraft:oak_wall_sign":1,"minecraft:tall_seagrass":1,"minecraft:magma_block":4,"minecraft:pumpkin":1,"minecraft:moss_carpet":13,"minecraft:deepslate_lapis_ore":101,"minecraft:cave_vines":1,"minecraft:oak_sign":3,"minecraft:dirt_path":7,"minecraft:oak_stairs":13,"minecraft:pink_tulip":1,"minecraft:tripwire":6,"minecraft:deepslate_redstone_ore":218,"minecraft:red_bed":7,"minecraft:kelp_plant":8,"minecraft:powder_snow":6,"minecraft:torch":2,"minecraft:poppy":4,"minecraft:calcite":3,"minecraft:chest":20,"minecraft:cobblestone":28,"minecraft:grindstone":6,"minecraft:sugar_cane":14,"minecraft:oak_planks":384,"minecraft:iron_door":2,"minecraft:wall_torch":6,"minecraft:amethyst_block":24,"minecraft:deepslate_copper_ore":114,"minecraft:pink_petals":23,"minecraft:stone_brick_stairs":1,"minecraft:oak_log":14,"minecraft:oak_fence_gate":3,"minecraft:sand":100,"minecraft:dirt":471,"minecraft:smooth_basalt":2,"minecraft:wither_skeleton_skull":3,"minecraft:netherrack":4,"minecraft:oak_leaves":3,"minecraft:deepslate_diamond_ore":331,"minecraft:oak_door":3,"minecraft:cherry_sapling":4,"minecraft:mangrove_roots":58,"minecraft:end_stone":72,"minecraft:lever":12,"minecraft:ladder":2,"minecraft:redstone_wire":2,"minecraft:kelp":6,"minecraft:moss_block":8,"minecraft:hay_block":20,"minecraft:spore_blossom":1,"minecraft:oak_trapdoor":17,"minecraft:furnace":8,"minecraft:heavy_weighted_pressure_plate":5,"minecraft:andesite":159,"minecraft:deepslate_iron_ore":300,"minecraft:lantern":1,"minecraft:stripped_oak_log":2,"minecraft:stone":2591,"minecraft:smithing_table":2,"minecraft:cherry_planks":145,"minecraft:soul_sand":35,"minecraft:dandelion":3,"minecraft:crafting_table":6,"minecraft:cornflower":1,"minecraft:short_grass":79,"minecraft:rose_bush":1,"minecraft:tall_grass":2,"minecraft:copper_ore":12,"minecraft:deepslate_coal_ore":212,"minecraft:deepslate_gold_ore":23,"minecraft:lapis_ore":4,"minecraft:diorite":218,"minecraft:white_wall_banner":2,"minecraft:coal_ore":22,"minecraft:cherry_leaves":319},"minecraft:broken":{"minecraft:iron_shovel":3,"minecraft:diamond_helmet":2,"minecraft:shears":1,"minecraft:diamond_boots":2,"minecraft:shield":1,"minecraft:iron_axe":2,"minecraft:iron_pickaxe":1},"minecraft:used":{"minecraft:moss_block":8,"minecraft:cherry_sapling":34,"minecraft:moss_carpet":9,"minecraft:iron_shovel":779,"minecraft:ladder":9,"minecraft:elytra":2,"minecraft:oak_sign":24,"minecraft:chest":30,"minecraft:shield":99,"minecraft:iron_sword":19,"minecraft:rotten_flesh":4,"minecraft:soul_sand":25,"minecraft:carrot":1,"minecraft:obsidian":13,"minecraft:lava_bucket":5,"minecraft:lantern":6,"minecraft:cherry_leaves":80,"minecraft:magma_block":3,"minecraft:bow":351,"minecraft:furnace":11,"minecraft:diorite":4,"minecraft:diamond_boots":4,"minecraft:wither_skeleton_skull":1,"minecraft:stone_pickaxe":24,"minecraft:oak_planks":426,"minecraft:wooden_pickaxe":8,"minecraft:chainmail_helmet":1,"minecraft:diamond_axe":82,"minecraft:sugar_cane":15,"minecraft:white_wool":1,"minecraft:golden_apple":1,"minecraft:glow_berries":1,"minecraft:sand":12,"minecraft:crossbow":4,"minecraft:shears":238,"minecraft:end_stone":36,"minecraft:lever":13,"minecraft:firework_rocket":137,"minecraft:heavy_weighted_pressure_plate":11,"minecraft:bread":17,"minecraft:spore_blossom":1,"minecraft:iron_door":7,"minecraft:diamond_sword":2143,"minecraft:wooden_sword":35,"minecraft:chainmail_boots":1,"minecraft:grindstone":6,"minecraft:smithing_table":3,"minecraft:andesite":18,"minecraft:oak_boat":2,"minecraft:tropical_fish_bucket":5,"minecraft:bone_meal":9,"minecraft:oak_trapdoor":19,"minecraft:netherite_sword":347,"minecraft:oak_door":6,"minecraft:torch":23,"minecraft:dirt":390,"minecraft:chainmail_chestplate":1,"minecraft:diamond_helmet":5,"minecraft:oak_fence_gate":8,"minecraft:polished_diorite":212,"minecraft:iron_axe":831,"minecraft:oak_stairs":13,"minecraft:diamond_chestplate":8,"minecraft:goat_horn":5,"minecraft:minecart":2,"minecraft:netherite_pickaxe":2432,"minecraft:cooked_beef":163,"minecraft:cherry_log":32,"minecraft:enchanted_golden_apple":57,"minecraft:water_bucket":55,"minecraft:amethyst_block":24,"minecraft:cherry_planks":234,"minecraft:crafting_table":8,"minecraft:red_bed":8,"minecraft:oak_log":1,"minecraft:diamond_pickaxe":1955,"minecraft:iron_pickaxe":250,"minecraft:cobblestone":82,"minecraft:potion":15,"minecraft:white_banner":5,"minecraft:bucket":66,"minecraft:kelp":9,"minecraft:splash_potion":5,"minecraft:diamond_leggings":5,"minecraft:chainmail_leggings":1},"minecraft:dropped":{"minecraft:iron_sword":1,"minecraft:moss_block":8,"minecraft:lapis_lazuli":28,"minecraft:cooked_beef":253,"minecraft:oak_log":186,"minecraft:chorus_fruit":54,"minecraft:glass_bottle":5,"minecraft:diamond":86,"minecraft:crafting_table":1,"minecraft:elytra":4,"minecraft:leather_helmet":2,"minecraft:emerald":1,"minecraft:dirt":53,"minecraft:cornflower":1,"minecraft:cherry_leaves":157,"minecraft:wooden_sword":2,"minecraft:gold_nugget":64,"minecraft:white_wool":1,"minecraft:bone":1,"minecraft:goat_horn":3,"minecraft:sugar_cane":3,"minecraft:mangrove_roots":14,"minecraft:lever":2,"minecraft:diamond_block":1,"minecraft:cherry_stairs":2,"minecraft:music_disc_chirp":1,"minecraft:pink_dye":1,"minecraft:netherite_sword":1,"minecraft:cherry_sapling":7,"minecraft:rotten_flesh":28,"minecraft:oak_planks":4,"minecraft:diamond_shovel":1,"minecraft:chainmail_chestplate":3,"minecraft:leather_chestplate":2,"minecraft:leather_boots":3,"minecraft:chest":12,"minecraft:chainmail_boots":6,"minecraft:leather_leggings":2,"minecraft:arrow":132,"minecraft:campfire":2,"minecraft:splash_potion":3,"minecraft:iron_ingot":18,"minecraft:oak_slab":8,"minecraft:netherite_pickaxe":2,"minecraft:wheat_seeds":16,"minecraft:cherry_log":49,"minecraft:minecart":2,"minecraft:diamond_leggings":13,"minecraft:prismarine_shard":1,"minecraft:cobblestone":2439,"minecraft:copper_ingot":26,"minecraft:chainmail_helmet":3,"minecraft:coal":6,"minecraft:diorite":1,"minecraft:cherry_planks":8,"minecraft:diamond_helmet":14,"minecraft:potion":8,"minecraft:flowering_azalea":1,"minecraft:white_banner":2,"minecraft:string":1,"minecraft:chainmail_leggings":3,"minecraft:bucket":2,"minecraft:dandelion":3,"minecraft:pink_tulip":1,"minecraft:moss_carpet":37,"minecraft:stone_sword":1,"minecraft:blaze_rod":1,"minecraft:cobblestone_wall":36,"minecraft:raw_copper":1063,"minecraft:tuff":24,"minecraft:diamond_hoe":2,"minecraft:raw_iron":290,"minecraft:oak_sign":5,"minecraft:flint_and_steel":1,"minecraft:diamond_sword":20,"minecraft:shield":2,"minecraft:diamond_chestplate":11,"minecraft:spider_eye":3,"minecraft:diamond_boots":10,"minecraft:bow":39,"minecraft:stone_pickaxe":2,"minecraft:raw_gold":19,"minecraft:black_wool":1},"minecraft:killed":{"minecraft:witch":1,"minecraft:spider":6,"minecraft:skeleton":12,"minecraft:zombie_villager":1,"minecraft:creeper":1,"minecraft:sheep":2,"minecraft:trader_llama":1,"minecraft:pillager":4,"minecraft:donkey":2,"minecraft:zombie":26,"minecraft:endermite":1,"minecraft:vindicator":1,"minecraft:slime":272,"minecraft:squid":1},"minecraft:killed_by":{"minecraft:witch":2,"minecraft:zombie":3,"minecraft:player":55,"minecraft:spider":1,"minecraft:slime":1,"minecraft:skeleton":1},"minecraft:picked_up":{"minecraft:chainmail_boots":5,"minecraft:prismarine_shard":2,"minecraft:smithing_table":2,"minecraft:lead":5,"minecraft:diamond_sword":18,"minecraft:oak_stairs":15,"minecraft:potion":17,"minecraft:enchanted_book":2,"minecraft:stone_brick_stairs":3,"minecraft:amethyst_block":33,"minecraft:string":11,"minecraft:raw_copper":2201,"minecraft:netherite_ingot":1,"minecraft:oak_sign":12,"minecraft:diamond_leggings":31,"minecraft:gold_nugget":192,"minecraft:cobbled_deepslate":128,"minecraft:bucket":1,"minecraft:rose_bush":1,"minecraft:calcite":4,"minecraft:azalea":39,"minecraft:enchanted_golden_apple":121,"minecraft:furnace":8,"minecraft:stick":33,"minecraft:torch":34,"minecraft:porkchop":3,"minecraft:cherry_log":322,"minecraft:diorite":200,"minecraft:goat_horn":2,"minecraft:rotten_flesh":113,"minecraft:iron_block":38,"minecraft:mangrove_roots":172,"minecraft:netherite_chestplate":1,"minecraft:blaze_rod":1,"minecraft:obsidian":32,"minecraft:cobblestone":2945,"minecraft:pink_petals":60,"minecraft:magma_block":2,"minecraft:cooked_beef":1189,"minecraft:water_bucket":1,"minecraft:cherry_planks":200,"minecraft:iron_door":8,"minecraft:cherry_leaves":643,"minecraft:andesite":130,"minecraft:flint":2,"minecraft:tuff":12,"minecraft:wither_skeleton_skull":1,"minecraft:lapis_lazuli":2032,"minecraft:netherite_leggings":4,"minecraft:dirt":731,"minecraft:lantern":4,"minecraft:leather_boots":1,"minecraft:bone":22,"minecraft:bow":36,"minecraft:wheat_seeds":36,"minecraft:raw_gold":24,"minecraft:light_blue_dye":2,"minecraft:grindstone":6,"minecraft:diamond_helmet":28,"minecraft:glowstone_dust":2,"minecraft:moss_block":16,"minecraft:oak_planks":669,"minecraft:ghast_tear":12,"minecraft:cooked_porkchop":96,"minecraft:sand":73,"minecraft:ink_sac":6,"minecraft:diamond_block":1,"minecraft:diamond":449,"minecraft:slime_block":47,"minecraft:netherite_helmet":1,"minecraft:lever":16,"minecraft:golden_apple":1,"minecraft:emerald":104,"minecraft:chainmail_helmet":5,"minecraft:bread":14,"minecraft:oak_sapling":1,"minecraft:nether_star":1,"minecraft:diamond_pickaxe":5,"minecraft:crafting_table":7,"minecraft:splash_potion":3,"minecraft:ladder":4,"minecraft:leather_leggings":1,"minecraft:shield":6,"minecraft:heavy_weighted_pressure_plate":15,"minecraft:cornflower":1,"minecraft:moss_carpet":9,"minecraft:red_bed":8,"minecraft:oak_trapdoor":15,"minecraft:elytra":9,"minecraft:iron_axe":2,"minecraft:wooden_sword":2,"minecraft:flint_and_steel":1,"minecraft:iron_shovel":4,"minecraft:netherite_sword":2,"minecraft:oak_boat":3,"minecraft:iron_nugget":33,"minecraft:poppy":12,"minecraft:minecart":4,"minecraft:sugar_cane":23,"minecraft:chest":39,"minecraft:diamond_hoe":1,"minecraft:phantom_membrane":3,"minecraft:raw_iron":866,"minecraft:end_stone":80,"minecraft:oak_door":13,"minecraft:copper_ingot":66,"minecraft:redstone":1651,"minecraft:netherite_pickaxe":2,"minecraft:arrow":357,"minecraft:diamond_chestplate":27,"minecraft:diamond_boots":24,"minecraft:hay_block":40,"minecraft:pink_tulip":2,"minecraft:saddle":1,"minecraft:gold_ingot":3,"minecraft:totem_of_undying":3,"minecraft:glow_berries":5,"minecraft:mutton":4,"minecraft:white_wool":2,"minecraft:stripped_oak_log":2,"minecraft:netherite_boots":1,"minecraft:leather":4,"minecraft:oak_log":141,"minecraft:chainmail_chestplate":2,"minecraft:gunpowder":104,"minecraft:paper":216,"minecraft:white_banner":11,"minecraft:cooked_mutton":2,"minecraft:kelp":12,"minecraft:spore_blossom":1,"minecraft:oak_fence_gate":3,"minecraft:iron_ingot":190,"minecraft:stone_pickaxe":2,"minecraft:glass_bottle":131,"minecraft:iron_sword":4,"minecraft:flowering_azalea":1,"minecraft:soul_sand":23,"minecraft:music_disc_chirp":1,"minecraft:book":10,"minecraft:oak_slab":8,"minecraft:smooth_basalt":3,"minecraft:emerald_block":2,"minecraft:sweet_berries":192,"minecraft:pumpkin":1,"minecraft:dandelion":6,"minecraft:amethyst_shard":4,"minecraft:spider_eye":7,"minecraft:firework_rocket":806,"minecraft:diamond_shovel":1,"minecraft:lime_dye":2,"minecraft:slime_ball":430,"minecraft:polished_diorite":41,"minecraft:chainmail_leggings":2,"minecraft:diamond_axe":2,"minecraft:cherry_sapling":36,"minecraft:black_wool":1,"minecraft:pink_dye":6,"minecraft:coal":567},"minecraft:custom":{"minecraft:interact_with_crafting_table":108,"minecraft:leave_game":70,"minecraft:time_since_death":138348,"minecraft:damage_resisted":4997,"minecraft:sprint_one_cm":3790045,"minecraft:damage_blocked_by_shield":6107,"minecraft:drop":448,"minecraft:talked_to_villager":3,"minecraft:play_time":2054365,"minecraft:deaths":78,"minecraft:jump":16733,"minecraft:interact_with_brewingstand":1,"minecraft:walk_on_water_one_cm":115758,"minecraft:enchant_item":1,"minecraft:interact_with_furnace":32,"minecraft:sleep_in_bed":17,"minecraft:open_enderchest":37,"minecraft:damage_dealt":28796,"minecraft:player_kills":10,"minecraft:crouch_one_cm":118108,"minecraft:horse_one_cm":127965,"minecraft:interact_with_smithing_table":9,"minecraft:mob_kills":377,"minecraft:interact_with_anvil":11,"minecraft:damage_dealt_resisted":12158,"minecraft:climb_one_cm":77879,"minecraft:walk_one_cm":5918361,"minecraft:damage_dealt_absorbed":2332,"minecraft:raid_win":1,"minecraft:sneak_time":76647,"minecraft:walk_under_water_one_cm":190200,"minecraft:boat_one_cm":169494,"minecraft:interact_with_lectern":23,"minecraft:interact_with_blast_furnace":1,"minecraft:total_world_time":2054365,"minecraft:raid_trigger":1,"minecraft:interact_with_grindstone":5,"minecraft:time_since_rest":85020,"minecraft:damage_taken":44279,"minecraft:damage_absorbed":7809,"minecraft:trigger_trapped_chest":2,"minecraft:minecart_one_cm":15850,"minecraft:swim_one_cm":134583,"minecraft:fly_one_cm":2237613,"minecraft:open_chest":372,"minecraft:aviate_one_cm":1921893,"minecraft:fall_one_cm":270929},"minecraft:crafted":{"minecraft:oak_planks":52,"minecraft:oak_sign":24,"minecraft:lever":2,"minecraft:heavy_weighted_pressure_plate":4,"minecraft:diamond_helmet":1,"minecraft:bow":2,"minecraft:chest":5,"minecraft:copper_block":13,"minecraft:iron_door":3,"minecraft:diamond_axe":1,"minecraft:crafting_table":4,"minecraft:wooden_pickaxe":1,"minecraft:smithing_table":1,"minecraft:copper_ingot":307,"minecraft:paper":6,"minecraft:diamond_pickaxe":3,"minecraft:shield":3,"minecraft:stick":72,"minecraft:iron_ingot":3,"minecraft:iron_pickaxe":1,"minecraft:gold_ingot":1,"minecraft:shears":1,"minecraft:cherry_planks":184,"minecraft:oak_door":3,"minecraft:netherite_sword":1,"minecraft:iron_nugget":27,"minecraft:furnace":3,"minecraft:bone_meal":9,"minecraft:oak_trapdoor":4,"minecraft:diamond_block":1,"minecraft:lantern":2,"minecraft:diamond":36,"minecraft:polished_diorite":184,"minecraft:iron_axe":5,"minecraft:ladder":6,"minecraft:stone_pickaxe":1,"minecraft:wheat":9,"minecraft:netherite_pickaxe":1,"minecraft:diamond_sword":2,"minecraft:bucket":4,"minecraft:oak_stairs":8,"minecraft:iron_shovel":3,"minecraft:torch":16,"minecraft:diamond_chestplate":1,"minecraft:firework_rocket":342}},"DataVersion":3700}