{"stats":{"minecraft:crafted":{"minecraft:crafting_table":2,"minecraft:spruce_planks":20,"minecraft:stick":8,"minecraft:spruce_button":4},"minecraft:killed":{"minecraft:zombie":2},"minecraft:picked_up":{"minecraft:cooked_mutton":6,"minecraft:chainmail_boots":1,"minecraft:rotten_flesh":4,"minecraft:diamond":64,"minecraft:chainmail_leggings":1,"minecraft:spruce_button":4,"minecraft:chainmail_chestplate":1,"minecraft:chainmail_helmet":1,"minecraft:spruce_log":4,"minecraft:iron_sword":1},"minecraft:custom":{"minecraft:time_since_rest":40849,"minecraft:damage_taken":949,"minecraft:crouch_one_cm":57,"minecraft:play_time":51104,"minecraft:sprint_one_cm":79573,"minecraft:walk_one_cm":112215,"minecraft:deaths":1,"minecraft:sneak_time":80,"minecraft:walk_under_water_one_cm":4812,"minecraft:mob_kills":2,"minecraft:drop":2,"minecraft:jump":466,"minecraft:damage_dealt":435,"minecraft:leave_game":3,"minecraft:walk_on_water_one_cm":1015,"minecraft:time_since_death":40751,"minecraft:climb_one_cm":1412,"minecraft:total_world_time":51104,"minecraft:swim_one_cm":1754,"minecraft:fall_one_cm":15663,"minecraft:fly_one_cm":105724},"minecraft:dropped":{"minecraft:spruce_button":4},"minecraft:used":{"minecraft:cooked_mutton":4,"minecraft:iron_sword":3,"minecraft:diamond_axe":2,"minecraft:totem_of_undying":1},"minecraft:killed_by":{"minecraft:player":1}},"DataVersion":3700}