{"stats":{"minecraft:crafted":{"minecraft:wooden_hoe":1,"minecraft:shield":2,"minecraft:spruce_planks":12,"minecraft:stick":8,"minecraft:iron_ingot":20,"minecraft:iron_sword":1,"minecraft:torch":4},"minecraft:mined":{"minecraft:deepslate_redstone_ore":31,"minecraft:deepslate_diamond_ore":20,"minecraft:mangrove_roots":24,"minecraft:deepslate_iron_ore":80,"minecraft:stone_bricks":2,"minecraft:deepslate_coal_ore":38,"minecraft:stone":422,"minecraft:deepslate_gold_ore":31,"minecraft:deepslate_emerald_ore":23},"minecraft:dropped":{"minecraft:iron_ingot":9,"minecraft:mossy_cobblestone":128,"minecraft:paper":3,"minecraft:stick":5},"minecraft:custom":{"minecraft:time_since_rest":31979,"minecraft:interact_with_furnace":6,"minecraft:sprint_one_cm":256865,"minecraft:open_enderchest":1,"minecraft:damage_taken":1717,"minecraft:walk_one_cm":794933,"minecraft:trigger_trapped_chest":1,"minecraft:mob_kills":5,"minecraft:drop":70,"minecraft:damage_dealt":1139,"minecraft:interact_with_beacon":1,"minecraft:swim_one_cm":5306,"minecraft:interact_with_crafting_table":3,"minecraft:fly_one_cm":121075,"minecraft:open_chest":40,"minecraft:crouch_one_cm":5724,"minecraft:play_time":173898,"minecraft:deaths":4,"minecraft:sneak_time":4164,"minecraft:walk_under_water_one_cm":1744,"minecraft:jump":1056,"minecraft:walk_on_water_one_cm":149,"minecraft:sleep_in_bed":3,"minecraft:leave_game":4,"minecraft:time_since_death":34577,"minecraft:climb_one_cm":7467,"minecraft:total_world_time":173898,"minecraft:fall_one_cm":23975},"minecraft:picked_up":{"minecraft:stick":5,"minecraft:raw_iron":154,"minecraft:chainmail_boots":2,"minecraft:cooked_beef":46,"minecraft:chainmail_chestplate":2,"minecraft:redstone":139,"minecraft:paper":2,"minecraft:mossy_cobblestone":128,"minecraft:stone_bricks":2,"minecraft:diamond":42,"minecraft:raw_gold":62,"minecraft:chainmail_leggings":2,"minecraft:spruce_planks":12,"minecraft:iron_ingot":9,"minecraft:mangrove_roots":22,"minecraft:chainmail_helmet":2,"minecraft:emerald":46,"minecraft:iron_sword":1,"minecraft:coal":74,"minecraft:cobblestone":414,"minecraft:diamond_pickaxe":2},"minecraft:killed_by":{"minecraft:endermite":1,"minecraft:pillager":2},"minecraft:killed":{"minecraft:pillager":3,"minecraft:endermite":2},"minecraft:used":{"minecraft:diamond_pickaxe":664,"minecraft:bread":2,"minecraft:stone_pickaxe":6,"minecraft:iron_sword":48,"minecraft:stone_bricks":2,"minecraft:cooked_beef":8}},"DataVersion":3700}