{"stats":{"minecraft:used":{"minecraft:leather_leggings":7,"minecraft:bread":17,"minecraft:leather_helmet":3,"minecraft:leather_chestplate":1,"minecraft:iron_boots":2,"minecraft:leather_boots":2,"minecraft:iron_chestplate":1,"minecraft:diamond_sword":11},"minecraft:mined":{"minecraft:mangrove_roots":1},"minecraft:picked_up":{"minecraft:iron_chestplate":1,"minecraft:stick":24,"minecraft:crafting_table":1,"minecraft:leather_chestplate":2,"minecraft:chainmail_boots":1,"minecraft:leather_leggings":2,"minecraft:leather":32,"minecraft:chainmail_chestplate":1,"minecraft:leather_helmet":2,"minecraft:white_banner":4,"minecraft:leather_boots":4,"minecraft:chainmail_leggings":1,"minecraft:iron_ingot":1,"minecraft:crossbow":2,"minecraft:mangrove_roots":3,"minecraft:bread":26,"minecraft:glass_bottle":6,"minecraft:cobblestone":1,"minecraft:iron_boots":3},"minecraft:killed_by":{"minecraft:ghast":1,"minecraft:pillager":2},"minecraft:killed":{"minecraft:endermite":3},"minecraft:crafted":{"minecraft:wooden_sword":1,"minecraft:leather_leggings":1,"minecraft:leather_boots":1,"minecraft:leather_chestplate":1,"minecraft:leather_helmet":1},"minecraft:dropped":{"minecraft:leather_boots":1,"minecraft:crossbow":1},"minecraft:custom":{"minecraft:time_since_rest":16804,"minecraft:sprint_one_cm":138667,"minecraft:damage_taken":2095,"minecraft:walk_one_cm":240265,"minecraft:mob_kills":3,"minecraft:drop":2,"minecraft:damage_dealt":499,"minecraft:interact_with_crafting_table":14,"minecraft:fly_one_cm":137374,"minecraft:open_chest":14,"minecraft:crouch_one_cm":8328,"minecraft:play_time":45751,"minecraft:deaths":4,"minecraft:sneak_time":7023,"minecraft:jump":1406,"minecraft:leave_game":1,"minecraft:time_since_death":19404,"minecraft:sleep_in_bed":1,"minecraft:climb_one_cm":344,"minecraft:total_world_time":45751,"minecraft:fall_one_cm":12117}},"DataVersion":3700}