{"stats":{"minecraft:dropped":{"minecraft:paper":1},"minecraft:custom":{"minecraft:jump":56,"minecraft:time_since_rest":15533,"minecraft:leave_game":1,"minecraft:crouch_one_cm":2380,"minecraft:climb_one_cm":808,"minecraft:sprint_one_cm":24725,"minecraft:play_time":15533,"minecraft:time_since_death":15533,"minecraft:walk_one_cm":39931,"minecraft:sneak_time":860,"minecraft:interact_with_smoker":1,"minecraft:total_world_time":15533,"minecraft:drop":1,"minecraft:fall_one_cm":209,"minecraft:fly_one_cm":14120},"minecraft:used":{"minecraft:leather_helmet":1,"minecraft:leather_chestplate":1,"minecraft:leather_leggings":1,"minecraft:leather_boots":1},"minecraft:picked_up":{"minecraft:paper":1}},"DataVersion":3700}