{"stats":{"minecraft:picked_up":{"minecraft:birch_door":3,"minecraft:anvil":1,"minecraft:flower_pot":3,"minecraft:lead":1,"minecraft:smithing_table":1,"minecraft:diamond_sword":2,"minecraft:oak_stairs":19,"minecraft:brewing_stand":1,"minecraft:shroomlight":1,"minecraft:cobbled_deepslate":6602,"minecraft:spruce_planks":47,"minecraft:melon_slice":10,"minecraft:dark_oak_door":4,"minecraft:jukebox":3,"minecraft:composter":1,"minecraft:cherry_log":27,"minecraft:stone_sword":8,"minecraft:honey_bottle":2,"minecraft:cow_spawn_egg":4,"minecraft:iron_block":96,"minecraft:glowstone":1,"minecraft:blaze_rod":5,"minecraft:dune_armor_trim_smithing_template":1,"minecraft:cooked_beef":126,"minecraft:water_bucket":7,"minecraft:cherry_leaves":96,"minecraft:birch_slab":3,"minecraft:brown_wool":3,"minecraft:smoker":1,"minecraft:cherry_fence":135,"minecraft:cherry_door":4,"minecraft:lantern":55,"minecraft:stonecutter":1,"minecraft:dark_oak_sign":7,"minecraft:rabbit":4,"minecraft:glowstone_dust":20,"minecraft:pitcher_pod":3,"minecraft:stripped_spruce_log":73,"minecraft:loom":1,"minecraft:barrel":1,"minecraft:netherite_block":1,"minecraft:polished_andesite":3,"minecraft:lever":2,"minecraft:deepslate_gold_ore":1,"minecraft:cherry_hanging_sign":4,"minecraft:bread":26,"minecraft:cyan_dye":2,"minecraft:cherry_slab":19,"minecraft:bricks":40,"minecraft:diamond_pickaxe":6,"minecraft:crafting_table":9,"minecraft:nether_wart":1,"minecraft:red_bed":1,"minecraft:elytra":2,"minecraft:flint_and_steel":5,"minecraft:iron_shovel":1,"minecraft:cartography_table":1,"minecraft:netherite_sword":3,"minecraft:music_disc_otherside":25,"minecraft:minecart":1,"minecraft:poppy":315,"minecraft:spruce_slab":22,"minecraft:chest":34,"minecraft:diamond_hoe":1,"minecraft:glow_item_frame":2,"minecraft:spruce_fence":29,"minecraft:cake":1,"minecraft:carrot":6,"minecraft:redstone":15,"minecraft:netherite_pickaxe":5,"minecraft:tnt":71,"minecraft:diamond_chestplate":1,"minecraft:decorated_pot":9,"minecraft:shears":1,"minecraft:diamond_boots":1,"minecraft:gold_ingot":21,"minecraft:mutton":11,"minecraft:oxeye_daisy":4,"minecraft:stripped_oak_log":202,"minecraft:tripwire_hook":13,"minecraft:ochre_froglight":1,"minecraft:torchflower":12,"minecraft:purpur_stairs":4,"minecraft:oak_log":34,"minecraft:ancient_debris":1354,"minecraft:lily_pad":2,"minecraft:golden_boots":2,"minecraft:apple":5,"minecraft:stone_bricks":56,"minecraft:cherry_sign":5,"minecraft:glass_bottle":30,"minecraft:iron_sword":7,"minecraft:polished_andesite_stairs":4,"minecraft:milk_bucket":1,"minecraft:dark_oak_slab":128,"minecraft:spyglass":2,"minecraft:torchflower_seeds":5,"minecraft:spruce_sapling":3,"minecraft:spruce_log":4,"minecraft:sea_lantern":52,"minecraft:diamond_shovel":7,"minecraft:oak_wood":8,"minecraft:firework_rocket":211,"minecraft:purple_bed":1,"minecraft:polished_diorite":26,"minecraft:diamond_axe":1,"minecraft:mangrove_propagule":1,"minecraft:hopper":4,"minecraft:ender_pearl":1,"minecraft:chiseled_deepslate":4,"minecraft:music_disc_strad":1,"minecraft:wheat":26,"minecraft:potion":11,"minecraft:stone_brick_stairs":58,"minecraft:warped_stairs":81,"minecraft:sticky_piston":5,"minecraft:netherite_ingot":24,"minecraft:bucket":8,"minecraft:light_weighted_pressure_plate":2,"minecraft:red_dye":1,"minecraft:redstone_torch":1,"minecraft:azalea":5,"minecraft:wooden_shovel":1,"minecraft:iron_pickaxe":5,"minecraft:deepslate_iron_ore":1,"minecraft:furnace":15,"minecraft:iron_boots":1,"minecraft:blue_wool":1,"minecraft:stick":53,"minecraft:brown_terracotta":19,"minecraft:torch":203,"minecraft:spruce_stairs":68,"minecraft:porkchop":196,"minecraft:sniffer_egg":2,"minecraft:rotten_flesh":43,"minecraft:music_disc_ward":1,"minecraft:cod":14,"minecraft:cobblestone":53,"minecraft:pink_petals":143,"minecraft:lilac":4,"minecraft:repeater":2,"minecraft:cherry_planks":213,"minecraft:potato":256,"minecraft:wither_skeleton_skull":2,"minecraft:dirt":17327,"minecraft:name_tag":8,"minecraft:glass":151,"minecraft:bone":16,"minecraft:cobbled_deepslate_slab":7,"minecraft:wheat_seeds":3,"minecraft:bow":1,"minecraft:orange_tulip":1,"minecraft:cobbled_deepslate_wall":47,"minecraft:pink_banner":2,"minecraft:raw_gold":8400,"minecraft:grindstone":1,"minecraft:mossy_stone_bricks":3,"minecraft:fletching_table":1,"minecraft:oak_planks":63,"minecraft:cooked_porkchop":7,"minecraft:axolotl_bucket":1,"minecraft:diamond_block":6,"minecraft:lily_of_the_valley":1,"minecraft:sugar":4,"minecraft:diamond":8680,"minecraft:slime_block":159,"minecraft:bone_meal":68,"minecraft:white_concrete":261,"minecraft:spruce_sign":2,"minecraft:emerald":8438,"minecraft:nether_star":1,"minecraft:charcoal":6,"minecraft:splash_potion":1,"minecraft:ladder":34,"minecraft:brown_mushroom":5,"minecraft:gold_block":115,"minecraft:shield":2,"minecraft:oak_trapdoor":14,"minecraft:wooden_sword":1,"minecraft:item_frame":5,"minecraft:warped_fence":88,"minecraft:blue_orchid":1,"minecraft:lectern":1,"minecraft:tinted_glass":4,"minecraft:cherry_trapdoor":3,"minecraft:spruce_trapdoor":52,"minecraft:end_stone":580,"minecraft:raw_iron":10269,"minecraft:music_disc_relic":4,"minecraft:stone_button":4,"minecraft:cookie":2,"minecraft:light_blue_bed":2,"minecraft:dark_oak_planks":32,"minecraft:cherry_fence_gate":6,"minecraft:arrow":2,"minecraft:brick_stairs":2,"minecraft:golden_carrot":1,"minecraft:salmon":2,"minecraft:music_disc_stal":1,"minecraft:birch_planks":46,"minecraft:cobbled_deepslate_stairs":110,"minecraft:cobblestone_stairs":6,"minecraft:deepslate_emerald_ore":1,"minecraft:rabbit_hide":2,"minecraft:iron_ingot":481,"minecraft:book":12,"minecraft:scaffolding":166,"minecraft:pink_bed":9,"minecraft:emerald_block":17,"minecraft:bamboo_planks":230,"minecraft:pitcher_plant":10,"minecraft:brush":1,"minecraft:stone_brick_slab":13,"minecraft:soul_torch":3,"minecraft:blast_furnace":9,"minecraft:spruce_door":3,"minecraft:spider_eye":1,"minecraft:cherry_sapling":7,"minecraft:black_wool":11,"minecraft:coal":3147},"minecraft:crafted":{"minecraft:purple_bed":1,"minecraft:pink_bed":1,"minecraft:birch_slab":36,"minecraft:diamond_shovel":1,"minecraft:cooked_mutton":7,"minecraft:diamond_helmet":1,"minecraft:diamond_leggings":1,"minecraft:birch_fence_gate":1,"minecraft:birch_door":6,"minecraft:cooked_porkchop":68,"minecraft:diamond_axe":1,"minecraft:spruce_door":3,"minecraft:cobbled_deepslate_wall":180,"minecraft:oak_wood":48,"minecraft:stone_brick_stairs":12,"minecraft:cherry_sign":3,"minecraft:iron_pickaxe":5,"minecraft:iron_block":311,"minecraft:light_blue_bed":1,"minecraft:gold_ingot":2071,"minecraft:netherite_ingot":209,"minecraft:bone_meal":84,"minecraft:spruce_fence":99,"minecraft:white_carpet":21,"minecraft:cherry_trapdoor":2,"minecraft:diamond_boots":1,"minecraft:cobbled_deepslate_stairs":160,"minecraft:golden_helmet":2,"minecraft:cyan_bed":2,"minecraft:oak_stairs":16,"minecraft:wooden_axe":2,"minecraft:iron_shovel":8,"minecraft:iron_leggings":1,"minecraft:white_bed":2,"minecraft:oak_planks":380,"minecraft:cherry_slab":108,"minecraft:lightning_rod":10,"minecraft:dark_oak_door":6,"minecraft:stone_brick_slab":6,"minecraft:chest":27,"minecraft:cherry_fence":33,"minecraft:crafting_table":4,"minecraft:spruce_planks":292,"minecraft:iron_helmet":1,"minecraft:gold_block":160,"minecraft:iron_chestplate":1,"minecraft:diamond_pickaxe":4,"minecraft:emerald_block":187,"minecraft:netherite_block":14,"minecraft:stick":144,"minecraft:iron_ingot":2129,"minecraft:black_bed":2,"minecraft:shears":2,"minecraft:cherry_planks":8,"minecraft:wooden_sword":9,"minecraft:furnace":16,"minecraft:oak_trapdoor":26,"minecraft:diamond_block":163,"minecraft:iron_axe":2,"minecraft:netherite_scrap":334,"minecraft:cherry_fence_gate":2,"minecraft:red_dye":1,"minecraft:cooked_cod":10,"minecraft:diamond_sword":1,"minecraft:cyan_dye":4,"minecraft:iron_sword":2,"minecraft:bucket":2,"minecraft:torch":20,"minecraft:bamboo_trapdoor":4,"minecraft:diamond_chestplate":3},"minecraft:killed_by":{"minecraft:zombie_villager":1,"minecraft:zoglin":6,"minecraft:zombie":2,"minecraft:wolf":1,"minecraft:blaze":7,"minecraft:player":14,"minecraft:enderman":1,"minecraft:iron_golem":12,"minecraft:bee":1},"minecraft:mined":{"minecraft:pink_bed":8,"minecraft:cherry_log":20,"minecraft:warped_stairs":76,"minecraft:hopper":2,"minecraft:fire":7,"minecraft:barrel":1,"minecraft:sticky_piston":5,"minecraft:cobbled_deepslate":5950,"minecraft:fletching_table":1,"minecraft:dirt_path":28,"minecraft:oak_stairs":19,"minecraft:iron_block":151,"minecraft:red_bed":1,"minecraft:smoker":1,"minecraft:blue_stained_glass":22,"minecraft:torch":24,"minecraft:blast_furnace":9,"minecraft:polished_andesite_stairs":4,"minecraft:white_stained_glass_pane":7,"minecraft:spruce_wall_sign":1,"minecraft:glass":49,"minecraft:bricks":34,"minecraft:cherry_slab":18,"minecraft:cherry_fence":63,"minecraft:repeater":1,"minecraft:bamboo_planks":39,"minecraft:tinted_glass":2,"minecraft:lilac":1,"minecraft:jukebox":3,"minecraft:birch_door":3,"minecraft:pitcher_plant":2,"minecraft:stone_brick_stairs":56,"minecraft:loom":1,"minecraft:stonecutter":1,"minecraft:cherry_sapling":1,"minecraft:end_stone":518,"minecraft:cobbled_deepslate_slab":7,"minecraft:spruce_fence":30,"minecraft:redstone_wire":6,"minecraft:cartography_table":1,"minecraft:cherry_wall_sign":2,"minecraft:potted_torchflower":1,"minecraft:diamond_block":6,"minecraft:cherry_fence_gate":5,"minecraft:smithing_table":1,"minecraft:glass_pane":16,"minecraft:cherry_planks":40,"minecraft:stone_brick_slab":15,"minecraft:cobbled_deepslate_wall":45,"minecraft:campfire":3,"minecraft:potted_oxeye_daisy":1,"minecraft:deepslate_gold_ore":3423,"minecraft:purple_bed":1,"minecraft:light_blue_bed":2,"minecraft:dark_oak_wall_sign":1,"minecraft:cherry_wall_hanging_sign":2,"minecraft:torchflower":8,"minecraft:dark_oak_sign":2,"minecraft:pitcher_crop":1,"minecraft:stone_bricks":60,"minecraft:cherry_sign":1,"minecraft:deepslate_emerald_ore":3609,"minecraft:spruce_planks":35,"minecraft:cobbled_deepslate_stairs":48,"minecraft:cobblestone_stairs":6,"minecraft:brewing_stand":1,"minecraft:spruce_trapdoor":49,"minecraft:cherry_trapdoor":3,"minecraft:grass_block":1652,"minecraft:white_concrete":197,"minecraft:polished_diorite":31,"minecraft:composter":1,"minecraft:glowstone":7,"minecraft:turtle_egg":1,"minecraft:anvil":1,"minecraft:cherry_hanging_sign":2,"minecraft:azalea_leaves":17,"minecraft:azalea":3,"minecraft:end_stone_bricks":1,"minecraft:spruce_slab":22,"minecraft:purpur_stairs":4,"minecraft:poppy":4,"minecraft:chest":25,"minecraft:cobblestone":1,"minecraft:slime_block":222,"minecraft:grindstone":1,"minecraft:oak_planks":63,"minecraft:wall_torch":8,"minecraft:pink_petals":29,"minecraft:light_weighted_pressure_plate":1,"minecraft:dark_oak_door":4,"minecraft:cherry_door":3,"minecraft:tnt":12,"minecraft:oak_log":34,"minecraft:dirt":12458,"minecraft:pink_banner":1,"minecraft:ancient_debris":1330,"minecraft:emerald_block":15,"minecraft:deepslate_diamond_ore":3612,"minecraft:ladder":14,"minecraft:decorated_pot":5,"minecraft:brick_stairs":2,"minecraft:birch_slab":3,"minecraft:spruce_leaves":2,"minecraft:oak_trapdoor":15,"minecraft:spruce_sapling":3,"minecraft:furnace":15,"minecraft:stripped_spruce_log":70,"minecraft:gold_block":114,"minecraft:deepslate_iron_ore":4764,"minecraft:lantern":3,"minecraft:stripped_oak_log":176,"minecraft:stone":54,"minecraft:podzol":1,"minecraft:scaffolding":56,"minecraft:warped_fence":59,"minecraft:crafting_table":7,"minecraft:oak_wood":8,"minecraft:lectern":1,"minecraft:deepslate_coal_ore":1175,"minecraft:lily_pad":1,"minecraft:spruce_stairs":70,"minecraft:birch_planks":23,"minecraft:cherry_leaves":224,"minecraft:flower_pot":1,"minecraft:polished_andesite":3},"minecraft:used":{"minecraft:chiseled_deepslate":4,"minecraft:ladder":24,"minecraft:poppy":9,"minecraft:chest":46,"minecraft:stone":196,"minecraft:lily_of_the_valley":1,"minecraft:snowball":35,"minecraft:music_disc_relic":1,"minecraft:grass_block":256,"minecraft:cherry_leaves":96,"minecraft:stone_brick_stairs":16,"minecraft:music_disc_stal":1,"minecraft:furnace":20,"minecraft:cow_spawn_egg":10,"minecraft:spruce_door":4,"minecraft:orange_tulip":1,"minecraft:composter":1,"minecraft:purpur_stairs":10,"minecraft:pitcher_pod":2,"minecraft:blast_furnace":9,"minecraft:lightning_rod":3,"minecraft:cherry_hanging_sign":11,"minecraft:birch_slab":39,"minecraft:lectern":1,"minecraft:cherry_sign":7,"minecraft:lilac":3,"minecraft:diamond_sword":720,"minecraft:wooden_sword":71,"minecraft:smithing_table":1,"minecraft:oak_trapdoor":13,"minecraft:stone_sword":87,"minecraft:tinted_glass":168,"minecraft:torch":218,"minecraft:brewing_stand":1,"minecraft:ancient_debris":4,"minecraft:anvil":1,"minecraft:polished_diorite":144,"minecraft:sea_lantern":20,"minecraft:iron_axe":500,"minecraft:cherry_slab":125,"minecraft:slime_block":469,"minecraft:warped_fence":13,"minecraft:cherry_fence_gate":8,"minecraft:barrel":1,"minecraft:diamond_chestplate":1,"minecraft:glowstone":11,"minecraft:cobbled_deepslate":221,"minecraft:cherry_fence":114,"minecraft:cherry_log":4,"minecraft:water_bucket":7,"minecraft:rabbit":2,"minecraft:birch_planks":235,"minecraft:cartography_table":1,"minecraft:cherry_planks":325,"minecraft:fletching_table":1,"minecraft:sheep_spawn_egg":2,"minecraft:salmon":2,"minecraft:tnt":126,"minecraft:crafting_table":11,"minecraft:red_bed":1,"minecraft:campfire":10,"minecraft:cod":3,"minecraft:music_disc_strad":1,"minecraft:oak_log":322,"minecraft:diamond_pickaxe":14170,"minecraft:oxeye_daisy":1,"minecraft:diamond_shovel":11523,"minecraft:mangrove_propagule":2,"minecraft:pig_spawn_egg":2,"minecraft:iron_pickaxe":2002,"minecraft:spruce_trapdoor":23,"minecraft:spruce_sapling":8,"minecraft:pink_bed":10,"minecraft:cobblestone":3,"minecraft:potion":137,"minecraft:purple_bed":2,"minecraft:cooked_porkchop":40,"minecraft:porkchop":22,"minecraft:glass_pane":96,"minecraft:brush":322,"minecraft:stripped_oak_log":2,"minecraft:jukebox":3,"minecraft:cherry_sapling":14,"minecraft:iron_shovel":1283,"minecraft:diamond_hoe":29,"minecraft:decorated_pot":10,"minecraft:shield":10,"minecraft:iron_sword":1979,"minecraft:bell":1,"minecraft:carrot":6,"minecraft:axolotl_bucket":13,"minecraft:honey_bottle":2,"minecraft:milk_bucket":2,"minecraft:glass":145,"minecraft:bricks":5,"minecraft:lantern":153,"minecraft:blue_orchid":1,"minecraft:light_blue_bed":3,"minecraft:stone_bricks":314,"minecraft:scaffolding":47,"minecraft:polished_diorite_stairs":8,"minecraft:gold_block":1,"minecraft:bamboo_trapdoor":2,"minecraft:torchflower":10,"minecraft:dark_oak_sign":7,"minecraft:oak_planks":184,"minecraft:diamond_axe":20,"minecraft:loom":1,"minecraft:black_bed":2,"minecraft:end_stone":10,"minecraft:shears":114,"minecraft:cobbled_deepslate_stairs":149,"minecraft:lever":1,"minecraft:firework_rocket":67,"minecraft:birch_fence_gate":1,"minecraft:melon_slice":10,"minecraft:bread":25,"minecraft:cyan_bed":2,"minecraft:torchflower_seeds":1,"minecraft:grindstone":1,"minecraft:white_concrete":450,"minecraft:air":3,"minecraft:bone_meal":82,"minecraft:azalea":4,"minecraft:netherite_sword":102,"minecraft:music_disc_otherside":23,"minecraft:flint_and_steel":204,"minecraft:spruce_planks":463,"minecraft:deepslate_gold_ore":1,"minecraft:wooden_shovel":59,"minecraft:cooked_chicken":2,"minecraft:dirt":2068,"minecraft:spyglass":9,"minecraft:white_carpet":19,"minecraft:hopper":2,"minecraft:oak_wood":32,"minecraft:spruce_fence":94,"minecraft:birch_door":5,"minecraft:dark_oak_planks":3,"minecraft:stone_brick_slab":5,"minecraft:wooden_axe":174,"minecraft:bookshelf":4,"minecraft:oak_stairs":10,"minecraft:cherry_trapdoor":3,"minecraft:pitcher_plant":14,"minecraft:netherite_pickaxe":11263,"minecraft:cooked_beef":270,"minecraft:turtle_egg":1,"minecraft:bamboo_planks":194,"minecraft:cobbled_deepslate_wall":188,"minecraft:glass_bottle":13,"minecraft:polished_andesite":35,"minecraft:pink_banner":2,"minecraft:sniffer_egg":2,"minecraft:spruce_sign":2,"minecraft:stonecutter":1,"minecraft:glow_item_frame":2,"minecraft:smoker":1,"minecraft:dark_oak_door":9,"minecraft:flower_pot":5,"minecraft:apple":5,"minecraft:cherry_door":4,"minecraft:pink_petals":147,"minecraft:bucket":11,"minecraft:splash_potion":3},"minecraft:broken":{"minecraft:golden_boots":2,"minecraft:wooden_shovel":1,"minecraft:iron_leggings":1,"minecraft:diamond_shovel":8,"minecraft:diamond_pickaxe":1,"minecraft:wooden_sword":1,"minecraft:iron_sword":8,"minecraft:stone_sword":3,"minecraft:iron_axe":2,"minecraft:iron_pickaxe":9,"minecraft:iron_helmet":1,"minecraft:iron_shovel":4,"minecraft:wooden_axe":2,"minecraft:flint_and_steel":2},"minecraft:dropped":{"minecraft:iron_sword":1,"minecraft:porkchop":64,"minecraft:cooked_beef":172,"minecraft:glass_bottle":26,"minecraft:diamond":599,"minecraft:crafting_table":3,"minecraft:cooked_porkchop":35,"minecraft:music_disc_relic":1,"minecraft:cookie":3,"minecraft:cherry_hanging_sign":4,"minecraft:elytra":2,"minecraft:emerald":473,"minecraft:gold_block":2,"minecraft:dirt":203,"minecraft:wooden_sword":7,"minecraft:iron_pickaxe":1,"minecraft:emerald_block":6,"minecraft:ancient_debris":46,"minecraft:lever":1,"minecraft:cobbled_deepslate":308,"minecraft:netherite_sword":2,"minecraft:wheat":21,"minecraft:blue_wool":1,"minecraft:oak_planks":156,"minecraft:end_stone":28,"minecraft:sea_lantern":160,"minecraft:brick_stairs":2,"minecraft:hopper":2,"minecraft:spruce_slab":22,"minecraft:glass":384,"minecraft:stone_brick_stairs":51,"minecraft:cherry_fence":7,"minecraft:iron_ingot":242,"minecraft:netherite_pickaxe":3,"minecraft:wheat_seeds":3,"minecraft:tnt":58,"minecraft:spruce_door":2,"minecraft:coal":126,"minecraft:polished_andesite":2,"minecraft:oxeye_daisy":1,"minecraft:cherry_planks":268,"minecraft:diamond_helmet":1,"minecraft:potion":8,"minecraft:brown_terracotta":19,"minecraft:oak_stairs":17,"minecraft:iron_shovel":4,"minecraft:stone_brick_slab":10,"minecraft:bamboo_planks":64,"minecraft:furnace":8,"minecraft:bricks":35,"minecraft:netherite_ingot":14,"minecraft:iron_boots":1,"minecraft:slime_block":2,"minecraft:name_tag":19,"minecraft:torchflower_seeds":1,"minecraft:spruce_fence":17,"minecraft:shears":1,"minecraft:lightning_rod":7,"minecraft:diamond_sword":2,"minecraft:potato":256,"minecraft:flower_pot":1,"minecraft:spruce_trapdoor":24,"minecraft:spruce_planks":250,"minecraft:diamond_pickaxe":5,"minecraft:stone_bricks":5,"minecraft:black_wool":2,"minecraft:birch_planks":41,"minecraft:diamond_axe":2,"minecraft:ender_pearl":1,"minecraft:nether_star":1,"minecraft:lantern":33,"minecraft:cobblestone_stairs":6,"minecraft:polished_diorite_stairs":10,"minecraft:dispenser":4,"minecraft:cherry_trapdoor":2,"minecraft:mutton":4,"minecraft:axolotl_bucket":4,"minecraft:gold_ingot":51,"minecraft:spyglass":1,"minecraft:music_disc_otherside":2,"minecraft:diamond_shovel":3,"minecraft:honey_bottle":4,"minecraft:poppy":32,"minecraft:birch_door":4,"minecraft:chest":15,"minecraft:arrow":3,"minecraft:scaffolding":9,"minecraft:water_bucket":6,"minecraft:bread":6,"minecraft:golden_helmet":1,"minecraft:sniffer_egg":1,"minecraft:diamond_leggings":1,"minecraft:observer":4,"minecraft:spruce_stairs":68,"minecraft:stick":1,"minecraft:iron_block":1,"minecraft:warped_stairs":81,"minecraft:torch":1,"minecraft:brown_wool":1,"minecraft:pink_banner":1,"minecraft:polished_andesite_stairs":4,"minecraft:music_disc_ward":1,"minecraft:pink_petals":31,"minecraft:tripwire_hook":2,"minecraft:bucket":7,"minecraft:redstone":27,"minecraft:polished_diorite":74,"minecraft:oak_trapdoor":13,"minecraft:jukebox":2,"minecraft:raw_iron":2117,"minecraft:pink_candle":1,"minecraft:stripped_oak_log":165,"minecraft:glass_pane":33,"minecraft:flint_and_steel":1,"minecraft:shield":1,"minecraft:diamond_chestplate":2,"minecraft:warped_fence":1,"minecraft:cow_spawn_egg":2,"minecraft:diamond_boots":1,"minecraft:raw_gold":521},"minecraft:custom":{"minecraft:interact_with_crafting_table":192,"minecraft:bell_ring":4,"minecraft:eat_cake_slice":4,"minecraft:leave_game":111,"minecraft:time_since_death":545337,"minecraft:damage_blocked_by_shield":750,"minecraft:play_time":5298713,"minecraft:deaths":113,"minecraft:jump":29562,"minecraft:interact_with_furnace":739,"minecraft:play_record":26,"minecraft:interact_with_cartography_table":3,"minecraft:sleep_in_bed":22,"minecraft:damage_dealt":65641,"minecraft:interact_with_smithing_table":11,"minecraft:interact_with_anvil":9,"minecraft:inspect_hopper":56,"minecraft:sneak_time":171331,"minecraft:interact_with_blast_furnace":178,"minecraft:total_world_time":5298713,"minecraft:time_since_rest":458874,"minecraft:swim_one_cm":81295,"minecraft:fly_one_cm":2655728,"minecraft:open_chest":1141,"minecraft:fall_one_cm":769575,"minecraft:animals_bred":7,"minecraft:sprint_one_cm":11129780,"minecraft:drop":361,"minecraft:talked_to_villager":1,"minecraft:interact_with_brewingstand":13,"minecraft:walk_on_water_one_cm":134583,"minecraft:interact_with_loom":1,"minecraft:player_kills":15,"minecraft:crouch_one_cm":406887,"minecraft:mob_kills":232,"minecraft:climb_one_cm":209261,"minecraft:walk_one_cm":22488388,"minecraft:walk_under_water_one_cm":557233,"minecraft:pot_flower":3,"minecraft:interact_with_grindstone":1,"minecraft:damage_taken":52415,"minecraft:minecart_one_cm":20457,"minecraft:aviate_one_cm":805646},"minecraft:killed":{"minecraft:iron_golem":40,"minecraft:zombie":3,"minecraft:zoglin":3,"minecraft:sniffer":1,"minecraft:rabbit":1,"minecraft:frog":76,"minecraft:polar_bear":5,"minecraft:enderman":1,"minecraft:axolotl":15,"minecraft:wolf":3,"minecraft:pig":69,"minecraft:sheep":4,"minecraft:blaze":8,"minecraft:villager":2}},"DataVersion":3700}