{"stats":{"minecraft:custom":{"minecraft:animals_bred":7,"minecraft:interact_with_crafting_table":187,"minecraft:bell_ring":517,"minecraft:leave_game":104,"minecraft:time_since_death":1881006,"minecraft:sprint_one_cm":14676509,"minecraft:damage_blocked_by_shield":19432,"minecraft:drop":411,"minecraft:play_time":4018745,"minecraft:deaths":171,"minecraft:jump":25491,"minecraft:walk_on_water_one_cm":115314,"minecraft:interact_with_furnace":14,"minecraft:play_record":6,"minecraft:sleep_in_bed":25,"minecraft:damage_dealt":273066,"minecraft:interact_with_beacon":7,"minecraft:crouch_one_cm":610533,"minecraft:interact_with_smithing_table":17,"minecraft:mob_kills":1395,"minecraft:interact_with_anvil":47,"minecraft:inspect_hopper":1,"minecraft:climb_one_cm":872534,"minecraft:walk_one_cm":13161265,"minecraft:sneak_time":345376,"minecraft:walk_under_water_one_cm":108370,"minecraft:boat_one_cm":69700,"minecraft:interact_with_lectern":5,"minecraft:interact_with_blast_furnace":945,"minecraft:total_world_time":4018745,"minecraft:pot_flower":20,"minecraft:time_since_rest":1881055,"minecraft:damage_absorbed":287,"minecraft:damage_taken":84340,"minecraft:swim_one_cm":247034,"minecraft:fly_one_cm":2645918,"minecraft:open_chest":1290,"minecraft:fall_one_cm":1144531},"minecraft:picked_up":{"minecraft:iron_chestplate":4,"minecraft:flower_pot":6,"minecraft:smithing_table":2,"minecraft:diamond_sword":5,"minecraft:potion":23,"minecraft:enchanted_book":3,"minecraft:golden_sword":2,"minecraft:string":63,"minecraft:dead_tube_coral_block":14,"minecraft:raw_copper":2433,"minecraft:iron_leggings":4,"minecraft:armor_stand":27,"minecraft:netherite_ingot":54,"minecraft:deepslate_tiles":185,"minecraft:diamond_leggings":7,"minecraft:smooth_stone":14,"minecraft:dark_oak_leaves":699,"minecraft:redstone_torch":3,"minecraft:iron_pickaxe":3,"minecraft:azalea_leaves":61,"minecraft:coal_block":251,"minecraft:iron_boots":4,"minecraft:furnace":1,"minecraft:golden_helmet":4,"minecraft:stick":38,"minecraft:polished_blackstone_brick_slab":735,"minecraft:jukebox":1,"minecraft:oak_fence":51,"minecraft:torch":2,"minecraft:porkchop":18,"minecraft:netherite_shovel":1,"minecraft:cherry_log":4,"minecraft:dirt_path":3,"minecraft:golden_chestplate":4,"minecraft:stone_sword":6,"minecraft:rotten_flesh":706,"minecraft:netherite_chestplate":2,"minecraft:blaze_rod":54,"minecraft:cobblestone":1551,"minecraft:cooked_beef":38,"minecraft:iron_door":1,"minecraft:cherry_leaves":6,"minecraft:black_bed":5,"minecraft:golden_leggings":4,"minecraft:flint":1,"minecraft:wither_skeleton_skull":7,"minecraft:netherite_leggings":1,"minecraft:lapis_lazuli":835,"minecraft:dirt":27715,"minecraft:chipped_anvil":4,"minecraft:bone":121,"minecraft:bow":5,"minecraft:raw_gold":5358,"minecraft:diamond_helmet":6,"minecraft:glowstone_dust":96,"minecraft:oak_planks":228,"minecraft:ghast_tear":44,"minecraft:cooked_porkchop":1575,"minecraft:diamond_block":34,"minecraft:netherite_block":7,"minecraft:quartz_bricks":565,"minecraft:white_candle":12,"minecraft:sugar":10,"minecraft:diamond":9490,"minecraft:netherite_helmet":2,"minecraft:soul_lantern":212,"minecraft:crossbow":9,"minecraft:bone_meal":5,"minecraft:emerald":8235,"minecraft:nether_star":1,"minecraft:diamond_pickaxe":3,"minecraft:crafting_table":14,"minecraft:ladder":236,"minecraft:golden_pickaxe":1,"minecraft:brown_mushroom":8,"minecraft:cooked_rabbit":1,"minecraft:chain":10,"minecraft:netherite_scrap":2,"minecraft:white_carpet":6,"minecraft:warped_fence":146,"minecraft:netherite_sword":4,"minecraft:poppy":124,"minecraft:tinted_glass":396,"minecraft:chest":65,"minecraft:dark_oak_sapling":15,"minecraft:raw_iron":5207,"minecraft:music_disc_mellohi":1,"minecraft:polished_blackstone_bricks":465,"minecraft:carrot":1,"minecraft:redstone":2233,"minecraft:netherite_pickaxe":2,"minecraft:prismarine_crystals":307,"minecraft:bamboo_sign":2,"minecraft:diamond_chestplate":9,"minecraft:cooked_cod":3,"minecraft:diamond_boots":16,"minecraft:gold_ingot":3272,"minecraft:glow_berries":52,"minecraft:netherite_boots":2,"minecraft:torchflower":6,"minecraft:ancient_debris":1382,"minecraft:golden_boots":4,"minecraft:gunpowder":53,"minecraft:deepslate_tile_slab":1,"minecraft:white_banner":24,"minecraft:red_carpet":39,"minecraft:apple":6,"minecraft:spore_blossom":4,"minecraft:music_disc_far":5,"minecraft:iron_ingot":4766,"minecraft:oak_fence_gate":1,"minecraft:iron_sword":3,"minecraft:gravel":19,"minecraft:blast_furnace":79,"minecraft:spider_eye":33,"minecraft:sea_lantern":186,"minecraft:diamond_shovel":1,"minecraft:slime_ball":39,"minecraft:iron_helmet":4,"minecraft:cherry_sapling":4,"minecraft:oak_button":1,"minecraft:damaged_anvil":1,"minecraft:coal":3196},"minecraft:mined":{"minecraft:cherry_log":2,"minecraft:cave_vines_plant":38,"minecraft:grass_block":665,"minecraft:polished_blackstone_brick_slab":435,"minecraft:bamboo_sign":2,"minecraft:polished_blackstone_bricks":29,"minecraft:glowstone":36,"minecraft:fire":3,"minecraft:deepslate_lapis_ore":87,"minecraft:dirt_path":11,"minecraft:cave_vines":32,"minecraft:azalea_leaves":3,"minecraft:deepslate_redstone_ore":460,"minecraft:deepslate_tile_slab":1,"minecraft:soul_lantern":182,"minecraft:torch":2,"minecraft:blast_furnace":47,"minecraft:chest":67,"minecraft:glass":19,"minecraft:white_candle":4,"minecraft:damaged_anvil":1,"minecraft:oak_planks":4,"minecraft:iron_door":1,"minecraft:deepslate_copper_ore":471,"minecraft:chain":17,"minecraft:tinted_glass":85,"minecraft:jukebox":1,"minecraft:black_bed":5,"minecraft:oak_fence_gate":1,"minecraft:dirt":14373,"minecraft:ancient_debris":1404,"minecraft:deepslate_tiles":159,"minecraft:red_carpet":36,"minecraft:dark_oak_leaves":897,"minecraft:deepslate_diamond_ore":2391,"minecraft:sea_lantern":90,"minecraft:ladder":71,"minecraft:spore_blossom":4,"minecraft:furnace":1,"minecraft:potted_torchflower":6,"minecraft:vine":174,"minecraft:deepslate_iron_ore":2468,"minecraft:stone":2349,"minecraft:smithing_table":2,"minecraft:glass_pane":7,"minecraft:warped_fence":80,"minecraft:oak_fence":54,"minecraft:crafting_table":13,"minecraft:quartz_bricks":482,"minecraft:deepslate_coal_ore":1192,"minecraft:deepslate_gold_ore":2494,"minecraft:redstone_torch":3,"minecraft:white_carpet":5,"minecraft:white_wall_banner":9,"minecraft:cherry_leaves":57,"minecraft:gravel":22,"minecraft:oak_button":1,"minecraft:chipped_anvil":4,"minecraft:deepslate_emerald_ore":2423},"minecraft:used":{"minecraft:music_disc_far":5,"minecraft:iron_shovel":9,"minecraft:bamboo_sign":2,"minecraft:ladder":207,"minecraft:chest":134,"minecraft:shield":231,"minecraft:stone":10,"minecraft:iron_sword":1260,"minecraft:rotten_flesh":89,"minecraft:white_candle":47,"minecraft:deepslate_tile_slab":7,"minecraft:glass":76,"minecraft:netherite_shovel":523,"minecraft:grass_block":128,"minecraft:iron_helmet":1,"minecraft:dark_oak_leaves":2377,"minecraft:netherite_boots":1,"minecraft:golden_sword":1,"minecraft:red_carpet":83,"minecraft:furnace":1,"minecraft:cooked_cod":3,"minecraft:damaged_anvil":1,"minecraft:oak_planks":4,"minecraft:diamond_axe":140,"minecraft:golden_apple":7,"minecraft:glow_berries":133,"minecraft:netherite_leggings":2,"minecraft:blast_furnace":81,"minecraft:crossbow":23,"minecraft:netherite_helmet":2,"minecraft:black_bed":5,"minecraft:shears":635,"minecraft:deepslate_tiles":964,"minecraft:redstone_torch":3,"minecraft:cherry_hanging_sign":2,"minecraft:spore_blossom":14,"minecraft:iron_door":13,"minecraft:gravel":22,"minecraft:soul_lantern":745,"minecraft:diamond_sword":4499,"minecraft:smithing_table":3,"minecraft:chain":19,"minecraft:bone_meal":86,"minecraft:golden_pickaxe":11,"minecraft:oak_fence":118,"minecraft:netherite_sword":8165,"minecraft:polished_blackstone_brick_slab":2195,"minecraft:flint_and_steel":19,"minecraft:armor_stand":24,"minecraft:tinted_glass":87,"minecraft:wooden_shovel":59,"minecraft:cooked_chicken":100,"minecraft:torch":66,"minecraft:dirt":1140,"minecraft:anvil":2,"minecraft:white_carpet":102,"minecraft:oak_fence_gate":1,"minecraft:music_disc_mellohi":1,"minecraft:sea_lantern":1241,"minecraft:chipped_anvil":4,"minecraft:iron_axe":97,"minecraft:warped_fence":25,"minecraft:totem_of_undying":1,"minecraft:glowstone":63,"minecraft:deepslate_tile_stairs":4,"minecraft:netherite_pickaxe":29002,"minecraft:cooked_beef":38,"minecraft:quartz_bricks":1700,"minecraft:glass_bottle":1,"minecraft:polished_blackstone_bricks":1091,"minecraft:vine":172,"minecraft:crafting_table":16,"minecraft:campfire":3,"minecraft:flower_pot":24,"minecraft:diamond_pickaxe":1967,"minecraft:diamond_shovel":144,"minecraft:oak_button":21,"minecraft:iron_pickaxe":596,"minecraft:cobblestone":1,"minecraft:potion":22,"minecraft:azalea_leaves":3,"minecraft:cooked_porkchop":413,"minecraft:white_banner":20,"minecraft:porkchop":3,"minecraft:glass_pane":7,"minecraft:jukebox":2,"minecraft:diamond_leggings":1},"minecraft:broken":{"minecraft:wooden_shovel":1,"minecraft:diamond_helmet":1,"minecraft:shears":1,"minecraft:iron_boots":1,"minecraft:iron_chestplate":1,"minecraft:iron_leggings":1,"minecraft:diamond_boots":1,"minecraft:diamond_pickaxe":1,"minecraft:iron_sword":4,"minecraft:diamond_sword":2,"minecraft:diamond_chestplate":2,"minecraft:diamond_leggings":2,"minecraft:shield":2,"minecraft:iron_pickaxe":1,"minecraft:iron_helmet":1},"minecraft:killed_by":{"minecraft:zombie_villager":65,"minecraft:wither_skeleton":4,"minecraft:zoglin":4,"minecraft:cave_spider":2,"minecraft:player":1,"minecraft:spider":1,"minecraft:iron_golem":33},"minecraft:killed":{"minecraft:cave_spider":21,"minecraft:wolf":15,"minecraft:magma_cube":1,"minecraft:pig":443,"minecraft:zombie_villager":52,"minecraft:iron_golem":110,"minecraft:creeper":1,"minecraft:pillager":217,"minecraft:zombie":1,"minecraft:ghast":30,"minecraft:blaze":33,"minecraft:endermite":45,"minecraft:slime":22,"minecraft:zoglin":116,"minecraft:rabbit":1,"minecraft:frog":39,"minecraft:polar_bear":1,"minecraft:wither_skeleton":41},"minecraft:crafted":{"minecraft:smooth_stone":41,"minecraft:blaze_powder":2,"minecraft:diamond_shovel":2,"minecraft:iron_boots":5,"minecraft:diamond_helmet":9,"minecraft:diamond_leggings":8,"minecraft:bow":2,"minecraft:netherite_boots":2,"minecraft:chest":73,"minecraft:netherite_helmet":2,"minecraft:oak_button":20,"minecraft:iron_door":15,"minecraft:oak_fence":126,"minecraft:golden_sword":2,"minecraft:golden_boots":4,"minecraft:wooden_shovel":1,"minecraft:diamond_axe":1,"minecraft:crafting_table":8,"minecraft:iron_helmet":5,"minecraft:golden_pickaxe":2,"minecraft:copper_ingot":1088,"minecraft:gold_block":270,"minecraft:iron_chestplate":5,"minecraft:diamond_pickaxe":5,"minecraft:golden_leggings":4,"minecraft:emerald_block":364,"minecraft:shield":4,"minecraft:netherite_block":25,"minecraft:stick":824,"minecraft:stone_slab":6,"minecraft:iron_ingot":5090,"minecraft:iron_pickaxe":4,"minecraft:iron_block":384,"minecraft:gold_ingot":5274,"minecraft:redstone_torch":1,"minecraft:netherite_ingot":294,"minecraft:shears":6,"minecraft:deepslate_tile_slab":132,"minecraft:smooth_stone_slab":24,"minecraft:netherite_sword":1,"minecraft:golden_chestplate":5,"minecraft:furnace":1,"minecraft:bone_meal":90,"minecraft:white_carpet":96,"minecraft:diamond_block":415,"minecraft:flint_and_steel":1,"minecraft:netherite_chestplate":2,"minecraft:netherite_leggings":2,"minecraft:iron_axe":1,"minecraft:ladder":219,"minecraft:diamond_boots":8,"minecraft:redstone_block":64,"minecraft:netherite_scrap":1346,"minecraft:golden_helmet":4,"minecraft:coal_block":258,"minecraft:netherite_pickaxe":1,"minecraft:diamond_sword":8,"minecraft:polished_blackstone_brick_slab":1128,"minecraft:iron_sword":9,"minecraft:red_carpet":51,"minecraft:glowstone":19,"minecraft:oak_fence_gate":1,"minecraft:golden_apple":16,"minecraft:netherite_shovel":1,"minecraft:iron_shovel":1,"minecraft:iron_leggings":5,"minecraft:deepslate_tile_stairs":4,"minecraft:armor_stand":23,"minecraft:anvil":2,"minecraft:torch":64,"minecraft:lapis_block":71,"minecraft:diamond_chestplate":8},"minecraft:dropped":{"minecraft:iron_sword":1,"minecraft:glass_bottle":21,"minecraft:diamond":652,"minecraft:nether_star":1,"minecraft:dark_oak_sapling":5,"minecraft:cooked_porkchop":3,"minecraft:crossbow":5,"minecraft:glow_berries":7,"minecraft:emerald":475,"minecraft:dirt":8558,"minecraft:netherite_scrap":207,"minecraft:netherite_boots":1,"minecraft:cherry_leaves":1,"minecraft:polished_blackstone_bricks":64,"minecraft:gold_ingot":853,"minecraft:ancient_debris":28,"minecraft:tinted_glass":63,"minecraft:netherite_sword":4,"minecraft:rotten_flesh":9,"minecraft:oak_planks":5,"minecraft:quartz_bricks":2,"minecraft:carrot":1,"minecraft:poppy":9,"minecraft:deepslate_tiles":27,"minecraft:iron_ingot":704,"minecraft:netherite_pickaxe":2,"minecraft:diamond_leggings":3,"minecraft:netherite_chestplate":1,"minecraft:oak_fence":2,"minecraft:cobblestone":1408,"minecraft:prismarine_crystals":52,"minecraft:apple":3,"minecraft:coal":43,"minecraft:stick":4,"minecraft:diamond_helmet":3,"minecraft:potion":2,"minecraft:polished_blackstone_brick_slab":2,"minecraft:white_banner":4,"minecraft:redstone":1421,"minecraft:netherite_ingot":47,"minecraft:raw_copper":1374,"minecraft:raw_iron":118,"minecraft:wither_skeleton_skull":5,"minecraft:iron_boots":1,"minecraft:dirt_path":1,"minecraft:totem_of_undying":1,"minecraft:diamond_sword":2,"minecraft:shield":1,"minecraft:diamond_chestplate":5,"minecraft:diamond_pickaxe":2,"minecraft:warped_fence":1,"minecraft:redstone_torch":1,"minecraft:diamond_boots":10,"minecraft:bow":2,"minecraft:raw_gold":161}},"DataVersion":3700}