{"stats":{"minecraft:killed":{"minecraft:cave_spider":7,"minecraft:zombified_piglin":9,"minecraft:skeleton":11,"minecraft:chicken":1,"minecraft:iron_golem":4,"minecraft:pillager":92,"minecraft:zombie":4,"minecraft:ghast":19,"minecraft:evoker":1,"minecraft:vex":1,"minecraft:giant":1,"minecraft:endermite":23,"minecraft:slime":48,"minecraft:zoglin":5,"minecraft:husk":15,"minecraft:rabbit":88,"minecraft:wither_skeleton":3,"minecraft:enderman":1},"minecraft:dropped":{"minecraft:diamond_axe":2,"minecraft:cooked_beef":56,"minecraft:baked_potato":86,"minecraft:glass_bottle":3,"minecraft:diamond":54,"minecraft:crossbow":5,"minecraft:dirt":4,"minecraft:emerald_block":1,"minecraft:diamond_block":16,"minecraft:mangrove_roots":198,"minecraft:cobbled_deepslate":36,"minecraft:enchanted_golden_apple":3,"minecraft:poppy":8,"minecraft:leather_boots":1,"minecraft:leather_leggings":1,"minecraft:ghast_tear":1,"minecraft:iron_ingot":39,"minecraft:bread":22,"minecraft:netherite_pickaxe":2,"minecraft:diamond_leggings":2,"minecraft:cobblestone":13391,"minecraft:spruce_button":1,"minecraft:coal":92,"minecraft:golden_apple":8,"minecraft:stick":5,"minecraft:diamond_helmet":3,"minecraft:paper":7,"minecraft:string":2,"minecraft:redstone":1066,"minecraft:cobblestone_wall":6,"minecraft:raw_iron":64,"minecraft:diamond_sword":7,"minecraft:potato":128,"minecraft:shield":1,"minecraft:diamond_chestplate":2,"minecraft:diamond_pickaxe":2,"minecraft:yellow_bed":1,"minecraft:oak_sapling":4,"minecraft:redstone_torch":1,"minecraft:stone_bricks":1,"minecraft:birch_sign":1,"minecraft:diamond_boots":3,"minecraft:raw_gold":46},"minecraft:custom":{"minecraft:interact_with_crafting_table":340,"minecraft:bell_ring":34,"minecraft:leave_game":75,"minecraft:time_since_death":46606,"minecraft:damage_resisted":5423,"minecraft:sprint_one_cm":8531893,"minecraft:damage_blocked_by_shield":8703,"minecraft:drop":390,"minecraft:play_time":3847500,"minecraft:deaths":57,"minecraft:jump":21286,"minecraft:interact_with_brewingstand":6,"minecraft:walk_on_water_one_cm":32925,"minecraft:enchant_item":17,"minecraft:interact_with_furnace":124,"minecraft:sleep_in_bed":20,"minecraft:open_enderchest":1,"minecraft:damage_dealt":62946,"minecraft:interact_with_beacon":4,"minecraft:player_kills":19,"minecraft:crouch_one_cm":94293,"minecraft:interact_with_smoker":74,"minecraft:interact_with_smithing_table":4,"minecraft:interact_with_anvil":63,"minecraft:mob_kills":399,"minecraft:inspect_hopper":5,"minecraft:climb_one_cm":39187,"minecraft:walk_one_cm":10280292,"minecraft:damage_dealt_absorbed":2072,"minecraft:sneak_time":89837,"minecraft:walk_under_water_one_cm":24381,"minecraft:boat_one_cm":80524,"minecraft:interact_with_blast_furnace":249,"minecraft:total_world_time":3847500,"minecraft:interact_with_grindstone":5,"minecraft:interact_with_stonecutter":20,"minecraft:time_since_rest":46626,"minecraft:damage_absorbed":11005,"minecraft:damage_taken":47162,"minecraft:trigger_trapped_chest":33,"minecraft:swim_one_cm":53393,"minecraft:fly_one_cm":3056561,"minecraft:open_chest":1148,"minecraft:aviate_one_cm":3030682,"minecraft:fall_one_cm":234826},"minecraft:crafted":{"minecraft:grindstone":1,"minecraft:smooth_stone":19,"minecraft:oak_planks":68,"minecraft:cobblestone_slab":530,"minecraft:slime_block":3,"minecraft:stone":517,"minecraft:cobblestone_stairs":452,"minecraft:spruce_pressure_plate":1,"minecraft:glass":19,"minecraft:hopper":18,"minecraft:stone_brick_slab":24,"minecraft:diamond_helmet":7,"minecraft:diamond_leggings":7,"minecraft:chest":47,"minecraft:stone_hoe":1,"minecraft:stone_bricks":461,"minecraft:oak_fence":3,"minecraft:smoker":1,"minecraft:glass_bottle":6,"minecraft:dropper":87,"minecraft:item_frame":3,"minecraft:crafting_table":2,"minecraft:spruce_planks":152,"minecraft:baked_potato":398,"minecraft:spruce_door":3,"minecraft:gold_block":197,"minecraft:brewing_stand":1,"minecraft:painting":3,"minecraft:stone_brick_stairs":17,"minecraft:iron_chestplate":1,"minecraft:diamond_pickaxe":6,"minecraft:emerald_block":144,"minecraft:shield":2,"minecraft:stick":128,"minecraft:stone_slab":24,"minecraft:iron_ingot":1411,"minecraft:iron_pickaxe":5,"minecraft:iron_block":379,"minecraft:gold_ingot":512,"minecraft:redstone_torch":1,"minecraft:spruce_fence_gate":1,"minecraft:wooden_sword":1,"minecraft:spruce_button":1,"minecraft:furnace":9,"minecraft:blast_furnace":6,"minecraft:yellow_bed":2,"minecraft:diamond_block":226,"minecraft:diamond":72,"minecraft:spruce_wood":6,"minecraft:cobblestone_wall":6,"minecraft:diamond_boots":6,"minecraft:redstone_block":513,"minecraft:dark_oak_planks":256,"minecraft:coal_block":81,"minecraft:diamond_sword":15,"minecraft:iron_trapdoor":2,"minecraft:stonecutter":1,"minecraft:anvil":1,"minecraft:torch":40,"minecraft:diamond_chestplate":6},"minecraft:used":{"minecraft:beetroot":40,"minecraft:elytra":85,"minecraft:chest":39,"minecraft:shield":110,"minecraft:stone":11,"minecraft:rotten_flesh":6,"minecraft:iron_chestplate":4,"minecraft:lantern":3,"minecraft:stone_brick_stairs":11,"minecraft:stone_bricks":482,"minecraft:item_frame":7,"minecraft:netherite_boots":4,"minecraft:bow":56,"minecraft:mangrove_roots":1,"minecraft:furnace":8,"minecraft:oak_sapling":7,"minecraft:potato":14,"minecraft:dark_oak_sapling":24,"minecraft:mossy_stone_bricks":1,"minecraft:leather_leggings":1,"minecraft:diamond_boots":5,"minecraft:spruce_door":5,"minecraft:ender_pearl":1,"minecraft:leather_chestplate":6,"minecraft:diamond_axe":75,"minecraft:golden_apple":4,"minecraft:netherite_leggings":5,"minecraft:black_banner":1,"minecraft:blast_furnace":10,"minecraft:crossbow":4,"minecraft:netherite_helmet":119,"minecraft:firework_rocket":110,"minecraft:bread":84,"minecraft:gravel":2,"minecraft:diamond_sword":2678,"minecraft:grindstone":1,"minecraft:coarse_dirt":4,"minecraft:experience_bottle":688,"minecraft:oak_fence":2,"minecraft:netherite_sword":35,"minecraft:stone_sword":13,"minecraft:spruce_planks":4,"minecraft:netherrack":1,"minecraft:oak_door":1,"minecraft:torch":27,"minecraft:brewing_stand":1,"minecraft:dirt":4,"minecraft:anvil":1,"minecraft:hopper":10,"minecraft:diamond_helmet":6,"minecraft:stone_brick_slab":6,"minecraft:iron_block":2,"minecraft:diamond_chestplate":47,"minecraft:emerald_block":10,"minecraft:iron_trapdoor":2,"minecraft:netherite_pickaxe":5443,"minecraft:cooked_beef":66,"minecraft:cobbled_deepslate":53,"minecraft:enchanted_golden_apple":76,"minecraft:cooked_mutton":64,"minecraft:water_bucket":1,"minecraft:netherite_chestplate":55,"minecraft:baked_potato":244,"minecraft:stonecutter":2,"minecraft:cobblestone_slab":1,"minecraft:spruce_fence_gate":1,"minecraft:leather_boots":1,"minecraft:crafting_table":3,"minecraft:cod":1,"minecraft:painting":32,"minecraft:smoker":3,"minecraft:diamond_pickaxe":23484,"minecraft:chicken":1,"minecraft:iron_pickaxe":1248,"minecraft:spruce_pressure_plate":1,"minecraft:cobblestone":389,"minecraft:white_banner":9,"minecraft:bucket":1,"minecraft:yellow_bed":3,"minecraft:diamond_leggings":9,"minecraft:smooth_stone":2,"minecraft:splash_potion":3},"minecraft:broken":{"minecraft:diamond_helmet":3,"minecraft:diamond_boots":2,"minecraft:diamond_pickaxe":4,"minecraft:leather_helmet":1,"minecraft:diamond_chestplate":2,"minecraft:diamond_leggings":2,"minecraft:iron_pickaxe":5},"minecraft:killed_by":{"minecraft:zombified_piglin":1,"minecraft:wither_skeleton":2,"minecraft:pillager":2,"minecraft:ravager":1,"minecraft:vindicator":1,"minecraft:endermite":1,"minecraft:husk":15,"minecraft:player":27,"minecraft:iron_golem":2,"minecraft:giant":1},"minecraft:picked_up":{"minecraft:yellow_wool":64,"minecraft:diamond_sword":16,"minecraft:potion":1,"minecraft:stone_brick_stairs":1,"minecraft:golden_sword":1,"minecraft:string":27,"minecraft:raw_copper":433,"minecraft:diamond_leggings":4,"minecraft:cobbled_deepslate":562,"minecraft:gold_nugget":44,"minecraft:smooth_stone":2,"minecraft:spruce_planks":14,"minecraft:enchanted_golden_apple":11,"minecraft:furnace":6,"minecraft:stick":17,"minecraft:torch":4,"minecraft:rabbit_foot":11,"minecraft:stone_sword":1,"minecraft:rotten_flesh":59,"minecraft:iron_block":121,"minecraft:mangrove_roots":654,"minecraft:blaze_rod":1,"minecraft:cod":1,"minecraft:cobblestone":24700,"minecraft:leather_chestplate":2,"minecraft:cooked_beef":3,"minecraft:smoker":2,"minecraft:potato":306,"minecraft:dirt":27,"minecraft:lantern":3,"minecraft:leather_boots":1,"minecraft:bone":28,"minecraft:stonecutter":1,"minecraft:raw_gold":1824,"minecraft:mossy_stone_bricks":1,"minecraft:rabbit":97,"minecraft:diamond_helmet":4,"minecraft:oak_planks":4,"minecraft:ghast_tear":19,"minecraft:dropper":1,"minecraft:diamond_block":6,"minecraft:slime_block":1,"minecraft:diamond":2293,"minecraft:crossbow":11,"minecraft:golden_apple":8,"minecraft:emerald":1346,"minecraft:bread":256,"minecraft:rooted_dirt":1,"minecraft:oak_sapling":10,"minecraft:netherrack":223,"minecraft:chorus_fruit":3,"minecraft:diamond_pickaxe":4,"minecraft:coarse_dirt":4,"minecraft:crafting_table":2,"minecraft:chicken":1,"minecraft:leather_leggings":3,"minecraft:gold_block":2,"minecraft:shield":4,"minecraft:elytra":1,"minecraft:item_frame":4,"minecraft:netherite_sword":5,"minecraft:player_head":1,"minecraft:poppy":8,"minecraft:chest":10,"minecraft:dark_oak_sapling":4,"minecraft:raw_iron":4256,"minecraft:stone":58,"minecraft:oak_door":2,"minecraft:redstone":7081,"minecraft:netherite_pickaxe":2,"minecraft:arrow":30,"minecraft:diamond_chestplate":4,"minecraft:diamond_boots":4,"minecraft:gold_ingot":65,"minecraft:saddle":1,"minecraft:black_banner":1,"minecraft:totem_of_undying":3,"minecraft:white_wool":1,"minecraft:stripped_oak_log":4,"minecraft:tripwire_hook":2,"minecraft:leather":25,"minecraft:yellow_dye":13,"minecraft:oak_log":17,"minecraft:chainmail_chestplate":1,"minecraft:yellow_bed":2,"minecraft:gunpowder":48,"minecraft:cobblestone_stairs":4,"minecraft:paper":172,"minecraft:white_banner":14,"minecraft:stone_bricks":83,"minecraft:rabbit_hide":59,"minecraft:iron_ingot":312,"minecraft:emerald_block":123,"minecraft:stone_brick_slab":4,"minecraft:gravel":4,"minecraft:blast_furnace":4,"minecraft:spruce_log":31,"minecraft:spider_eye":5,"minecraft:spruce_door":2,"minecraft:leather_helmet":1,"minecraft:firework_rocket":327,"minecraft:slime_ball":31,"minecraft:chainmail_leggings":1,"minecraft:diamond_axe":3,"minecraft:painting":28,"minecraft:birch_sign":1,"minecraft:baked_potato":186,"minecraft:coal":2319,"minecraft:hopper":1,"minecraft:ender_pearl":5},"minecraft:mined":{"minecraft:spruce_planks":2,"minecraft:oak_sapling":3,"minecraft:grass_block":13,"minecraft:hopper":1,"minecraft:smooth_stone":2,"minecraft:cobbled_deepslate":617,"minecraft:white_banner":3,"minecraft:iron_block":2,"minecraft:deepslate_redstone_ore":1228,"minecraft:smoker":2,"minecraft:torch":1,"minecraft:blast_furnace":4,"minecraft:chest":12,"minecraft:cobblestone":130,"minecraft:wall_torch":1,"minecraft:deepslate_copper_ore":137,"minecraft:stone_brick_stairs":1,"minecraft:oak_log":17,"minecraft:dark_oak_sapling":4,"minecraft:dirt":24,"minecraft:stonecutter":1,"minecraft:oak_leaves":71,"minecraft:emerald_block":6,"minecraft:deepslate_diamond_ore":1423,"minecraft:oak_door":1,"minecraft:mangrove_roots":488,"minecraft:furnace":6,"minecraft:deepslate_iron_ore":2623,"minecraft:stripped_oak_log":4,"minecraft:stone":20204,"minecraft:stone_brick_slab":2,"minecraft:spruce_door":2,"minecraft:crafting_table":2,"minecraft:deepslate_coal_ore":1246,"minecraft:deepslate_gold_ore":1062,"minecraft:coarse_dirt":4,"minecraft:yellow_bed":1,"minecraft:white_wall_banner":3,"minecraft:gravel":3,"minecraft:stone_bricks":88,"minecraft:mossy_stone_bricks":2,"minecraft:deepslate_emerald_ore":833}},"DataVersion":3700}