{"stats":{"minecraft:broken":{"minecraft:iron_shovel":1,"minecraft:iron_pickaxe":1},"minecraft:mined":{"minecraft:deepslate_redstone_ore":34,"minecraft:deepslate_diamond_ore":41,"minecraft:deepslate_lapis_ore":6,"minecraft:grass_block":90,"minecraft:deepslate_iron_ore":42,"minecraft:dirt":205,"minecraft:cobblestone":11,"minecraft:deepslate_coal_ore":22,"minecraft:stone":137,"minecraft:deepslate_gold_ore":27,"minecraft:deepslate_emerald_ore":24,"minecraft:wall_torch":1,"minecraft:deepslate_copper_ore":46},"minecraft:used":{"minecraft:diamond_pickaxe":240,"minecraft:iron_shovel":251,"minecraft:iron_pickaxe":222,"minecraft:iron_sword":96},"minecraft:killed_by":{"minecraft:endermite":4,"minecraft:iron_golem":1,"minecraft:pillager":2},"minecraft:custom":{"minecraft:time_since_rest":2887,"minecraft:sprint_one_cm":71987,"minecraft:damage_taken":2481,"minecraft:walk_one_cm":714862,"minecraft:mob_kills":24,"minecraft:damage_dealt":2085,"minecraft:interact_with_crafting_table":5,"minecraft:fly_one_cm":49288,"minecraft:player_kills":2,"minecraft:open_chest":2,"minecraft:crouch_one_cm":2144,"minecraft:play_time":108113,"minecraft:deaths":8,"minecraft:sneak_time":1381,"minecraft:walk_under_water_one_cm":3418,"minecraft:jump":583,"minecraft:interact_with_blast_furnace":4,"minecraft:leave_game":4,"minecraft:walk_on_water_one_cm":79,"minecraft:time_since_death":2826,"minecraft:sleep_in_bed":1,"minecraft:total_world_time":108113,"minecraft:fall_one_cm":28988},"minecraft:killed":{"minecraft:endermite":1,"minecraft:slime":23},"minecraft:crafted":{"minecraft:diamond_sword":1,"minecraft:diamond_pickaxe":1,"minecraft:stick":8,"minecraft:iron_pickaxe":1,"minecraft:iron_ingot":16,"minecraft:iron_shovel":1},"minecraft:picked_up":{"minecraft:raw_iron":37,"minecraft:redstone":144,"minecraft:dirt":255,"minecraft:lapis_lazuli":33,"minecraft:lantern":1,"minecraft:raw_copper":152,"minecraft:slime_ball":25,"minecraft:diamond":39,"minecraft:raw_gold":26,"minecraft:iron_ingot":5,"minecraft:poppy":1,"minecraft:emerald":23,"minecraft:coal":22,"minecraft:cobblestone":133}},"DataVersion":3700}