{"stats":{"minecraft:picked_up":{"minecraft:leather_chestplate":1,"minecraft:leather_leggings":1,"minecraft:spider_eye":4,"minecraft:leather_helmet":1,"minecraft:leather_boots":1,"minecraft:arrow":18,"minecraft:bone":14,"minecraft:diamond_axe":1,"minecraft:bread":12,"minecraft:iron_sword":1},"minecraft:custom":{"minecraft:time_since_rest":30470,"minecraft:sprint_one_cm":191170,"minecraft:damage_taken":4597,"minecraft:walk_one_cm":150595,"minecraft:damage_absorbed":1090,"minecraft:mob_kills":18,"minecraft:damage_dealt":3581,"minecraft:interact_with_crafting_table":1,"minecraft:fly_one_cm":195476,"minecraft:open_chest":1,"minecraft:crouch_one_cm":577,"minecraft:play_time":79746,"minecraft:deaths":9,"minecraft:sneak_time":3418,"minecraft:jump":695,"minecraft:leave_game":4,"minecraft:time_since_death":30422,"minecraft:sleep_in_bed":1,"minecraft:total_world_time":79746,"minecraft:climb_one_cm":7326,"minecraft:damage_resisted":493,"minecraft:fall_one_cm":3382},"minecraft:killed":{"minecraft:skeleton":13,"minecraft:cave_spider":2,"minecraft:wither_skeleton":1},"minecraft:mined":{"minecraft:mangrove_roots":1},"minecraft:crafted":{"minecraft:spruce_planks":116,"minecraft:stick":4,"minecraft:wooden_pickaxe":1},"minecraft:used":{"minecraft:leather_leggings":3,"minecraft:stone_sword":1,"minecraft:bread":9,"minecraft:wooden_pickaxe":1,"minecraft:leather_helmet":2,"minecraft:leather_chestplate":2,"minecraft:iron_sword":197,"minecraft:leather_boots":2,"minecraft:enchanted_golden_apple":10,"minecraft:experience_bottle":128},"minecraft:killed_by":{"minecraft:iron_golem":2,"minecraft:cave_spider":1,"minecraft:skeleton":1,"minecraft:slime":1,"minecraft:giant":3},"minecraft:broken":{"minecraft:leather_helmet":2,"minecraft:leather_boots":1,"minecraft:leather_chestplate":1,"minecraft:leather_leggings":1}},"DataVersion":3700}