{"stats":{"minecraft:custom":{"minecraft:time_since_rest":17070,"minecraft:open_chest":1,"minecraft:crouch_one_cm":3263,"minecraft:damage_taken":1234,"minecraft:play_time":152080,"minecraft:sprint_one_cm":256204,"minecraft:open_enderchest":1,"minecraft:walk_one_cm":157280,"minecraft:deaths":4,"minecraft:sneak_time":8749,"minecraft:drop":1,"minecraft:jump":802,"minecraft:damage_dealt":1011,"minecraft:leave_game":8,"minecraft:time_since_death":16836,"minecraft:total_world_time":152080,"minecraft:climb_one_cm":108,"minecraft:damage_resisted":129,"minecraft:fall_one_cm":16854,"minecraft:fly_one_cm":180110,"minecraft:player_kills":3},"minecraft:dropped":{"minecraft:diamond_sword":1},"minecraft:used":{"minecraft:diamond_chestplate":1,"minecraft:diamond_sword":108,"minecraft:diamond_boots":1,"minecraft:potion":1,"minecraft:bow":5,"minecraft:diamond_helmet":1,"minecraft:cooked_beef":2,"minecraft:splash_potion":2,"minecraft:diamond_leggings":1},"minecraft:mined":{"minecraft:tall_grass":1},"minecraft:killed_by":{"minecraft:iron_golem":1,"minecraft:player":2},"minecraft:picked_up":{"minecraft:raw_iron":30,"minecraft:diamond_chestplate":1,"minecraft:diamond_leggings":1,"minecraft:diamond_sword":1,"minecraft:diamond_boots":1,"minecraft:diamond_helmet":1,"minecraft:chest":1}},"DataVersion":3700}