{"stats":{"minecraft:killed_by":{"minecraft:zombie_villager":1,"minecraft:player":2,"minecraft:wither_skeleton":1,"minecraft:skeleton":4,"minecraft:spider":1,"minecraft:zombie":6,"minecraft:iron_golem":10,"minecraft:zoglin":3},"minecraft:broken":{"minecraft:stone_sword":2,"minecraft:stone_shovel":1},"minecraft:crafted":{"minecraft:cherry_planks":44,"minecraft:stone_shovel":1,"minecraft:diamond_sword":2,"minecraft:cooked_porkchop":5,"minecraft:diamond_axe":1,"minecraft:crafting_table":2,"minecraft:iron_sword":1,"minecraft:diamond_shovel":1,"minecraft:diamond_block":1,"minecraft:dark_oak_door":3,"minecraft:diamond_pickaxe":1,"minecraft:emerald_block":3,"minecraft:stick":4,"minecraft:iron_ingot":41,"minecraft:cherry_stairs":20,"minecraft:iron_pickaxe":1,"minecraft:gold_ingot":40,"minecraft:netherite_ingot":10,"minecraft:netherite_scrap":40,"minecraft:dark_oak_planks":8},"minecraft:killed":{"minecraft:wolf":1,"minecraft:pig":7,"minecraft:spider":2,"minecraft:iron_golem":6,"minecraft:frog":16,"minecraft:zoglin":4,"minecraft:zombie":1},"minecraft:used":{"minecraft:quartz_bricks":131,"minecraft:stone_sword":37,"minecraft:stone_shovel":131,"minecraft:pink_banner":1,"minecraft:chest":4,"minecraft:iron_sword":167,"minecraft:diamond_axe":44,"minecraft:rotten_flesh":15,"minecraft:golden_apple":5,"minecraft:dirt":14,"minecraft:crafting_table":4,"minecraft:blast_furnace":2,"minecraft:black_bed":1,"minecraft:gray_concrete":79,"minecraft:dark_oak_door":2,"minecraft:diamond_pickaxe":542,"minecraft:diamond_shovel":31,"minecraft:bread":70,"minecraft:iron_pickaxe":230,"minecraft:warped_fence":1,"minecraft:cherry_fence_gate":1,"minecraft:diamond_sword":223,"minecraft:purple_concrete":185,"minecraft:cherry_stairs":21,"minecraft:cooked_porkchop":5,"minecraft:porkchop":15,"minecraft:cooked_beef":5,"minecraft:white_concrete":77,"minecraft:cobbled_deepslate":12},"minecraft:mined":{"minecraft:gray_concrete":15,"minecraft:deepslate_diamond_ore":122,"minecraft:warped_fence":20,"minecraft:crafting_table":2,"minecraft:blast_furnace":1,"minecraft:grass_block":153,"minecraft:white_concrete":77,"minecraft:glass":3,"minecraft:deepslate_coal_ore":19,"minecraft:quartz_bricks":34,"minecraft:deepslate_gold_ore":73,"minecraft:cherry_fence":1,"minecraft:cobbled_deepslate":35,"minecraft:purple_concrete":57,"minecraft:deepslate_iron_ore":86,"minecraft:dirt":84,"minecraft:cherry_stairs":21,"minecraft:ancient_debris":45,"minecraft:deepslate_emerald_ore":119},"minecraft:dropped":{"minecraft:iron_sword":1,"minecraft:cherry_log":32,"minecraft:diamond":5,"minecraft:glass_bottle":2,"minecraft:music_disc_otherside":1,"minecraft:golden_apple":1,"minecraft:poppy":1,"minecraft:dirt":89,"minecraft:cherry_fence":1,"minecraft:tripwire_hook":1,"minecraft:gold_ingot":1},"minecraft:custom":{"minecraft:interact_with_furnace":4,"minecraft:mob_kills":38,"minecraft:interact_with_anvil":1,"minecraft:interact_with_crafting_table":25,"minecraft:bell_ring":32,"minecraft:leave_game":34,"minecraft:time_since_death":124850,"minecraft:sleep_in_bed":1,"minecraft:climb_one_cm":11471,"minecraft:time_since_rest":124953,"minecraft:damage_absorbed":130,"minecraft:sprint_one_cm":1753571,"minecraft:damage_taken":14410,"minecraft:walk_one_cm":1700231,"minecraft:drop":44,"minecraft:damage_dealt":11262,"minecraft:swim_one_cm":15620,"minecraft:fly_one_cm":568742,"minecraft:open_chest":21,"minecraft:crouch_one_cm":12735,"minecraft:play_time":502950,"minecraft:deaths":35,"minecraft:sneak_time":8466,"minecraft:walk_under_water_one_cm":33181,"minecraft:interact_with_lectern":2,"minecraft:jump":3453,"minecraft:interact_with_blast_furnace":25,"minecraft:walk_on_water_one_cm":6683,"minecraft:interact_with_smoker":1,"minecraft:total_world_time":502950,"minecraft:fall_one_cm":85888},"minecraft:picked_up":{"minecraft:crafting_table":2,"minecraft:tripwire_hook":4,"minecraft:black_bed":1,"minecraft:ancient_debris":43,"minecraft:cherry_fence":1,"minecraft:gray_concrete":15,"minecraft:string":3,"minecraft:dirt":324,"minecraft:netherite_ingot":2,"minecraft:bone":3,"minecraft:warped_fence":20,"minecraft:bow":1,"minecraft:pink_banner":1,"minecraft:cobbled_deepslate":39,"minecraft:raw_gold":86,"minecraft:music_disc_otherside":1,"minecraft:iron_ingot":35,"minecraft:cherry_sign":1,"minecraft:poppy":10,"minecraft:glass_bottle":2,"minecraft:chest":4,"minecraft:purple_concrete":57,"minecraft:stick":12,"minecraft:raw_iron":96,"minecraft:cherry_stairs":21,"minecraft:porkchop":20,"minecraft:cherry_log":32,"minecraft:blast_furnace":1,"minecraft:spider_eye":1,"minecraft:cherry_fence_gate":1,"minecraft:tnt":16,"minecraft:quartz_bricks":34,"minecraft:sugar":2,"minecraft:stone_sword":2,"minecraft:arrow":1,"minecraft:rotten_flesh":15,"minecraft:diamond":136,"minecraft:golden_apple":6,"minecraft:white_concrete":79,"minecraft:bread":8,"minecraft:gold_ingot":1,"minecraft:emerald":125,"minecraft:coal":51}},"DataVersion":3700}