{"stats":{"minecraft:crafted":{"minecraft:crafting_table":1,"minecraft:spruce_planks":12,"minecraft:stick":8,"minecraft:stone_pickaxe":1,"minecraft:stone_axe":1},"minecraft:picked_up":{"minecraft:crafting_table":2,"minecraft:raw_iron":7,"minecraft:spruce_stairs":2,"minecraft:paper":1,"minecraft:dirt":1,"minecraft:mangrove_roots":4,"minecraft:coal":1,"minecraft:cobblestone":9},"minecraft:custom":{"minecraft:time_since_rest":36556,"minecraft:sprint_one_cm":101761,"minecraft:damage_taken":658,"minecraft:walk_one_cm":66336,"minecraft:trigger_trapped_chest":9,"minecraft:drop":1,"minecraft:damage_dealt":24,"minecraft:interact_with_crafting_table":5,"minecraft:fly_one_cm":153894,"minecraft:open_chest":9,"minecraft:crouch_one_cm":946,"minecraft:play_time":46308,"minecraft:deaths":2,"minecraft:sneak_time":954,"minecraft:interact_with_lectern":21,"minecraft:jump":656,"minecraft:interact_with_blast_furnace":2,"minecraft:leave_game":1,"minecraft:time_since_death":36536,"minecraft:interact_with_smoker":5,"minecraft:total_world_time":46308,"minecraft:climb_one_cm":2696,"minecraft:fall_one_cm":10048},"minecraft:dropped":{"minecraft:poppy":1},"minecraft:used":{"minecraft:stone_pickaxe":17,"minecraft:stone_axe":3,"minecraft:dirt":1,"minecraft:crafting_table":2,"minecraft:mangrove_roots":1,"minecraft:spruce_stairs":2,"minecraft:cooked_beef":2,"minecraft:experience_bottle":64},"minecraft:mined":{"minecraft:spruce_stairs":2,"minecraft:mangrove_roots":4,"minecraft:crafting_table":2,"minecraft:grass_block":1,"minecraft:deepslate_iron_ore":7,"minecraft:deepslate_coal_ore":1,"minecraft:stone":9},"minecraft:killed_by":{"minecraft:pillager":2}},"DataVersion":3700}