{"stats":{"minecraft:mined":{"minecraft:deepslate_diamond_ore":120,"minecraft:grass_block":30,"minecraft:deepslate_lapis_ore":7,"minecraft:deepslate_iron_ore":95,"minecraft:stone":80,"minecraft:deepslate_redstone_ore":96,"minecraft:deepslate_coal_ore":67,"minecraft:deepslate_gold_ore":116,"minecraft:deepslate_copper_ore":100,"minecraft:dirt":90,"minecraft:deepslate_emerald_ore":119},"minecraft:broken":{"minecraft:leather_helmet":1,"minecraft:leather_leggings":1,"minecraft:leather_chestplate":1,"minecraft:leather_boots":1},"minecraft:used":{"minecraft:shield":82,"minecraft:iron_sword":12,"minecraft:diamond_helmet":2,"minecraft:cooked_beef":45,"minecraft:leather_leggings":1,"minecraft:diamond_boots":1,"minecraft:leather_chestplate":1,"minecraft:leather_boots":1,"minecraft:cookie":1,"minecraft:golden_apple":2,"minecraft:diamond_pickaxe":815,"minecraft:leather_helmet":1,"minecraft:diamond_sword":671},"minecraft:killed_by":{"minecraft:endermite":4,"minecraft:pillager":7,"minecraft:iron_golem":1,"minecraft:slime":1,"minecraft:cave_spider":1},"minecraft:custom":{"minecraft:mob_kills":176,"minecraft:interact_with_anvil":9,"minecraft:interact_with_crafting_table":26,"minecraft:leave_game":21,"minecraft:time_since_death":75174,"minecraft:climb_one_cm":13624,"minecraft:sprint_one_cm":954710,"minecraft:walk_one_cm":2523841,"minecraft:damage_blocked_by_shield":4410,"minecraft:drop":195,"minecraft:play_time":456286,"minecraft:deaths":14,"minecraft:sneak_time":20547,"minecraft:walk_under_water_one_cm":4782,"minecraft:jump":4374,"minecraft:interact_with_blast_furnace":26,"minecraft:walk_on_water_one_cm":2088,"minecraft:enchant_item":1,"minecraft:total_world_time":456286,"minecraft:interact_with_furnace":268,"minecraft:sleep_in_bed":6,"minecraft:time_since_rest":56,"minecraft:open_enderchest":1,"minecraft:damage_taken":7168,"minecraft:damage_absorbed":40,"minecraft:damage_dealt":16027,"minecraft:swim_one_cm":16610,"minecraft:fly_one_cm":675447,"minecraft:open_chest":28,"minecraft:crouch_one_cm":51568,"minecraft:interact_with_smoker":4,"minecraft:fall_one_cm":77382},"minecraft:killed":{"minecraft:endermite":62,"minecraft:slime":61,"minecraft:magma_cube":14,"minecraft:iron_golem":1,"minecraft:pillager":35},"minecraft:crafted":{"minecraft:oak_planks":88,"minecraft:slime_block":13,"minecraft:stone":213,"minecraft:diamond_block":3,"minecraft:diamond_helmet":1,"minecraft:diamond_leggings":1,"minecraft:diamond_boots":1,"minecraft:copper_block":22,"minecraft:redstone_block":30,"minecraft:diamond_sword":1,"minecraft:crafting_table":1,"minecraft:copper_ingot":406,"minecraft:gold_block":9,"minecraft:diamond_pickaxe":1,"minecraft:emerald_block":9,"minecraft:shield":1,"minecraft:stick":8,"minecraft:iron_ingot":112,"minecraft:iron_block":5,"minecraft:gold_ingot":160,"minecraft:diamond_chestplate":1},"minecraft:dropped":{"minecraft:enchanted_book":6,"minecraft:iron_ingot":136,"minecraft:porkchop":1,"minecraft:lapis_lazuli":147,"minecraft:cooked_beef":72,"minecraft:oak_log":33,"minecraft:copper_block":22,"minecraft:ender_pearl":1,"minecraft:diamond":86,"minecraft:diamond_leggings":1,"minecraft:netherite_helmet":1,"minecraft:netherite_chestplate":1,"minecraft:music_disc_relic":5,"minecraft:feather":1,"minecraft:cobblestone":15,"minecraft:glow_item_frame":49,"minecraft:apple":12,"minecraft:copper_ingot":208,"minecraft:coal":4,"minecraft:golden_apple":2,"minecraft:music_disc_13":1,"minecraft:stick":17,"minecraft:music_disc_11":2,"minecraft:emerald":79,"minecraft:gold_block":9,"minecraft:iron_block":5,"minecraft:dirt":72,"minecraft:torch":6,"minecraft:mutton":1,"minecraft:netherite_boots":1,"minecraft:diamond_helmet":1,"minecraft:potion":12,"minecraft:music_disc_strad":4,"minecraft:phantom_membrane":1,"minecraft:white_banner":1,"minecraft:music_disc_stal":1,"minecraft:music_disc_cat":2,"minecraft:redstone_block":3,"minecraft:gold_ingot":156,"minecraft:bone":1,"minecraft:redstone":300,"minecraft:music_disc_blocks":1,"minecraft:emerald_block":2,"minecraft:music_disc_chirp":1,"minecraft:blaze_rod":1,"minecraft:raw_copper":26,"minecraft:music_disc_5":1,"minecraft:chicken":1,"minecraft:oak_planks":24,"minecraft:blaze_powder":1,"minecraft:music_disc_far":1,"minecraft:netherite_leggings":1,"minecraft:diamond_sword":2,"minecraft:poppy":1,"minecraft:tipped_arrow":7,"minecraft:stone":360,"minecraft:trident":1,"minecraft:diamond_chestplate":1,"minecraft:diamond_pickaxe":2,"minecraft:music_disc_mall":1,"minecraft:diamond_boots":1,"minecraft:slime_ball":121,"minecraft:arrow":1,"minecraft:music_disc_mellohi":1,"minecraft:magma_cream":1},"minecraft:picked_up":{"minecraft:music_disc_5":1,"minecraft:music_disc_strad":4,"minecraft:chicken":1,"minecraft:mourner_pottery_sherd":1,"minecraft:diamond_sword":2,"minecraft:potion":12,"minecraft:enchanted_book":11,"minecraft:golden_sword":1,"minecraft:shield":1,"minecraft:music_disc_cat":2,"minecraft:raw_copper":501,"minecraft:poppy":2,"minecraft:phantom_membrane":1,"minecraft:tipped_arrow":7,"minecraft:stick":3,"minecraft:raw_iron":95,"minecraft:stone":393,"minecraft:music_disc_blocks":1,"minecraft:glow_item_frame":54,"minecraft:music_disc_relic":5,"minecraft:torch":1,"minecraft:music_disc_mellohi":1,"minecraft:porkchop":1,"minecraft:cookie":1,"minecraft:music_disc_11":2,"minecraft:trident":2,"minecraft:redstone":601,"minecraft:arrow":1,"minecraft:gold_ingot":37,"minecraft:totem_of_undying":1,"minecraft:netherite_chestplate":1,"minecraft:blaze_rod":1,"minecraft:mutton":1,"minecraft:blaze_powder":1,"minecraft:cobblestone":79,"minecraft:netherite_boots":1,"minecraft:dune_armor_trim_smithing_template":1,"minecraft:feather":1,"minecraft:cooked_beef":80,"minecraft:magma_cream":2,"minecraft:music_disc_stal":1,"minecraft:netherite_leggings":1,"minecraft:lapis_lazuli":121,"minecraft:dirt":278,"minecraft:white_banner":4,"minecraft:bone":1,"minecraft:apple":1,"minecraft:raw_gold":165,"minecraft:music_disc_far":1,"minecraft:iron_ingot":37,"minecraft:blade_pottery_sherd":1,"minecraft:glass_bottle":1,"minecraft:iron_sword":1,"minecraft:music_disc_chirp":1,"minecraft:music_disc_13":1,"minecraft:archer_pottery_sherd":1,"minecraft:music_disc_mall":1,"minecraft:slime_ball":192,"minecraft:diamond":181,"minecraft:angler_pottery_sherd":1,"minecraft:netherite_helmet":1,"minecraft:crossbow":6,"minecraft:golden_apple":7,"minecraft:emerald":169,"minecraft:coal":65,"minecraft:ender_pearl":1,"minecraft:diamond_pickaxe":4}},"DataVersion":3700}