{"stats":{"minecraft:killed_by":{"minecraft:iron_golem":1},"minecraft:custom":{"minecraft:jump":485,"minecraft:time_since_rest":47360,"minecraft:damage_taken":589,"minecraft:walk_one_cm":697167,"minecraft:damage_dealt":10,"minecraft:crouch_one_cm":6211,"minecraft:leave_game":5,"minecraft:sprint_one_cm":25858,"minecraft:play_time":69759,"minecraft:time_since_death":47276,"minecraft:walk_on_water_one_cm":812,"minecraft:deaths":1,"minecraft:sneak_time":726,"minecraft:total_world_time":69759,"minecraft:climb_one_cm":3748,"minecraft:walk_under_water_one_cm":2757,"minecraft:interact_with_lectern":1,"minecraft:fall_one_cm":3408,"minecraft:fly_one_cm":52284}},"DataVersion":3700}