{"stats":{"minecraft:mined":{"minecraft:deepslate_redstone_ore":5,"minecraft:deepslate_diamond_ore":13,"minecraft:mangrove_roots":6,"minecraft:deepslate_iron_ore":9,"minecraft:deepslate_coal_ore":3,"minecraft:stone":82,"minecraft:deepslate_gold_ore":3,"minecraft:deepslate_emerald_ore":2},"minecraft:crafted":{"minecraft:spruce_planks":48,"minecraft:stick":12,"minecraft:iron_ingot":4,"minecraft:wooden_pickaxe":1,"minecraft:iron_pickaxe":1,"minecraft:stone_pickaxe":1},"minecraft:used":{"minecraft:diamond_boots":1,"minecraft:firework_rocket":14,"minecraft:stone_pickaxe":7,"minecraft:iron_pickaxe":141,"minecraft:wooden_pickaxe":4,"minecraft:diamond_chestplate":1,"minecraft:diamond_leggings":1},"minecraft:picked_up":{"minecraft:raw_iron":9,"minecraft:redstone":23,"minecraft:diamond_chestplate":1,"minecraft:diamond":21,"minecraft:diamond_leggings":1,"minecraft:raw_gold":3,"minecraft:spruce_planks":18,"minecraft:diamond_boots":1,"minecraft:crossbow":3,"minecraft:iron_ingot":3,"minecraft:mangrove_roots":7,"minecraft:bread":22,"minecraft:emerald":1,"minecraft:baked_potato":15,"minecraft:coal":1,"minecraft:cobblestone":72,"minecraft:diamond_pickaxe":1},"minecraft:dropped":{"minecraft:iron_ingot":3,"minecraft:spruce_planks":18,"minecraft:paper":1},"minecraft:custom":{"minecraft:time_since_rest":92429,"minecraft:interact_with_furnace":1,"minecraft:sprint_one_cm":22322,"minecraft:damage_absorbed":23,"minecraft:damage_taken":284,"minecraft:walk_one_cm":87058,"minecraft:drop":3,"minecraft:damage_dealt":179,"minecraft:interact_with_crafting_table":7,"minecraft:player_kills":1,"minecraft:fly_one_cm":9836,"minecraft:open_chest":1,"minecraft:crouch_one_cm":32,"minecraft:play_time":92429,"minecraft:sneak_time":732,"minecraft:jump":114,"minecraft:leave_game":3,"minecraft:time_since_death":92429,"minecraft:total_world_time":92429,"minecraft:fall_one_cm":209}},"DataVersion":3700}