{"stats":{"minecraft:killed":{"minecraft:cave_spider":9,"minecraft:axolotl":19,"minecraft:wolf":5,"minecraft:pig":124,"minecraft:iron_golem":45,"minecraft:zombie":12,"minecraft:zoglin":40,"minecraft:rabbit":1,"minecraft:frog":59,"minecraft:wither_skeleton":9},"minecraft:picked_up":{"minecraft:creeper_head":1,"minecraft:anvil":1,"minecraft:diamond_sword":2,"minecraft:oak_stairs":32,"minecraft:enchanted_book":3,"minecraft:stone_brick_stairs":80,"minecraft:warped_stairs":195,"minecraft:string":4,"minecraft:netherite_ingot":13,"minecraft:deepslate_tiles":76,"minecraft:cobbled_deepslate":2602,"minecraft:dark_oak_leaves":164,"minecraft:spruce_planks":18,"minecraft:azalea":2,"minecraft:azalea_leaves":10,"minecraft:deepslate_iron_ore":136,"minecraft:furnace":6,"minecraft:stick":196,"minecraft:jukebox":4,"minecraft:oak_fence":26,"minecraft:brown_terracotta":20,"minecraft:polished_deepslate_stairs":146,"minecraft:spruce_stairs":134,"minecraft:porkchop":428,"minecraft:lightning_rod":23,"minecraft:stone_sword":6,"minecraft:rotten_flesh":274,"minecraft:honey_bottle":1,"minecraft:iron_block":3,"minecraft:glowstone":52,"minecraft:green_wool":64,"minecraft:netherite_chestplate":1,"minecraft:obsidian":9,"minecraft:crimson_hyphae":127,"minecraft:water_bucket":4,"minecraft:black_bed":5,"minecraft:cherry_fence":10,"minecraft:wither_skeleton_skull":2,"minecraft:netherite_leggings":1,"minecraft:gray_concrete":49,"minecraft:lapis_lazuli":8,"minecraft:dirt":4177,"minecraft:lantern":3,"minecraft:bone":56,"minecraft:glass":16,"minecraft:chipped_anvil":3,"minecraft:bow":6,"minecraft:warped_hyphae":610,"minecraft:pink_banner":1,"minecraft:raw_gold":1402,"minecraft:dark_oak_sign":8,"minecraft:mossy_stone_bricks":6,"minecraft:rabbit":2,"minecraft:glowstone_dust":11,"minecraft:oak_planks":1,"minecraft:cooked_porkchop":210,"minecraft:stripped_spruce_log":118,"minecraft:diamond_block":128,"minecraft:chiseled_sandstone":64,"minecraft:dark_oak_log":78,"minecraft:quartz_bricks":43,"minecraft:light_gray_concrete":31,"minecraft:sugar":5,"minecraft:green_concrete":44,"minecraft:diamond":1141,"minecraft:black_concrete":21,"minecraft:netherite_helmet":1,"minecraft:deepslate_gold_ore":43,"minecraft:golden_apple":1,"minecraft:white_concrete":18,"minecraft:spruce_sign":4,"minecraft:emerald":978,"minecraft:bricks":70,"minecraft:diamond_pickaxe":3,"minecraft:spruce_leaves":1498,"minecraft:charcoal":2,"minecraft:crafting_table":3,"minecraft:ladder":15,"minecraft:clay_ball":4,"minecraft:brown_mushroom":8,"minecraft:cooked_rabbit":1,"minecraft:gold_block":2,"minecraft:shield":2,"minecraft:elytra":2,"minecraft:oak_trapdoor":22,"minecraft:red_bed":1,"minecraft:flint_and_steel":3,"minecraft:iron_shovel":2,"minecraft:warped_fence":100,"minecraft:netherite_sword":3,"minecraft:music_disc_otherside":9,"minecraft:deepslate_diamond_ore":60,"minecraft:player_head":1,"minecraft:poppy":98,"minecraft:light_gray_wool":64,"minecraft:spruce_slab":22,"minecraft:tinted_glass":397,"minecraft:chest":22,"minecraft:spruce_trapdoor":84,"minecraft:dark_oak_sapling":30,"minecraft:lime_wool":64,"minecraft:black_stained_glass":56,"minecraft:raw_iron":2164,"minecraft:stripped_crimson_hyphae":3,"minecraft:end_stone":2822,"minecraft:stone":17,"minecraft:glow_item_frame":186,"minecraft:spruce_fence":50,"minecraft:cake":1,"minecraft:stone_button":8,"minecraft:netherite_pickaxe":3,"minecraft:tnt":15,"minecraft:arrow":164,"minecraft:diamond_chestplate":1,"minecraft:shears":4,"minecraft:sandstone_stairs":64,"minecraft:gold_ingot":42,"minecraft:brick_stairs":4,"minecraft:white_wool":64,"minecraft:stripped_oak_log":300,"minecraft:netherite_boots":1,"minecraft:birch_planks":4,"minecraft:ancient_debris":178,"minecraft:cobbled_deepslate_stairs":20,"minecraft:cobblestone_wall":2,"minecraft:cobblestone_stairs":12,"minecraft:pearlescent_froglight":21,"minecraft:stone_bricks":14,"minecraft:deepslate_emerald_ore":55,"minecraft:creeper_spawn_egg":2,"minecraft:rabbit_hide":1,"minecraft:iron_ingot":480,"minecraft:cherry_sign":2,"minecraft:iron_sword":11,"minecraft:verdant_froglight":57,"minecraft:scaffolding":44,"minecraft:polished_andesite_stairs":6,"minecraft:emerald_block":11,"minecraft:stone_brick_slab":22,"minecraft:lime_concrete":23,"minecraft:spruce_sapling":11,"minecraft:spruce_log":545,"minecraft:crying_obsidian":64,"minecraft:spruce_door":4,"minecraft:sea_lantern":1,"minecraft:spider_eye":8,"minecraft:firework_rocket":266,"minecraft:diamond_shovel":3,"minecraft:diamond_axe":2,"minecraft:gray_wool":64,"minecraft:black_wool":64,"minecraft:coal":794},"minecraft:mined":{"minecraft:spruce_planks":4,"minecraft:cobblestone_stairs":6,"minecraft:warped_stairs":133,"minecraft:obsidian":7,"minecraft:spruce_trapdoor":44,"minecraft:stripped_crimson_hyphae":1,"minecraft:grass_block":105,"minecraft:white_concrete":21,"minecraft:green_concrete":44,"minecraft:glowstone":51,"minecraft:cobbled_deepslate":2432,"minecraft:fire":25,"minecraft:anvil":1,"minecraft:dirt_path":2,"minecraft:oak_stairs":13,"minecraft:light_gray_concrete":31,"minecraft:azalea_leaves":6,"minecraft:spruce_slab":11,"minecraft:red_bed":1,"minecraft:polished_deepslate_stairs":76,"minecraft:clay":1,"minecraft:polished_andesite_stairs":4,"minecraft:chest":18,"minecraft:white_stained_glass_pane":5,"minecraft:spruce_wall_sign":1,"minecraft:bricks":35,"minecraft:cherry_fence":5,"minecraft:verdant_froglight":29,"minecraft:tinted_glass":247,"minecraft:jukebox":3,"minecraft:lime_concrete":23,"minecraft:black_bed":4,"minecraft:tnt":6,"minecraft:stone_brick_stairs":52,"minecraft:dirt":1131,"minecraft:pink_banner":1,"minecraft:ancient_debris":169,"minecraft:emerald_block":1,"minecraft:deepslate_tiles":80,"minecraft:dark_oak_leaves":2,"minecraft:deepslate_diamond_ore":650,"minecraft:sea_lantern":1,"minecraft:end_stone":2850,"minecraft:ladder":10,"minecraft:spruce_fence":23,"minecraft:brick_stairs":2,"minecraft:spruce_leaves":552,"minecraft:oak_trapdoor":11,"minecraft:spruce_sapling":4,"minecraft:furnace":6,"minecraft:diamond_block":128,"minecraft:stripped_spruce_log":55,"minecraft:black_concrete":22,"minecraft:deepslate_iron_ore":1094,"minecraft:stripped_oak_log":153,"minecraft:podzol":12,"minecraft:scaffolding":8,"minecraft:gray_concrete":49,"minecraft:stone_brick_slab":12,"minecraft:oak_fence":1,"minecraft:crafting_table":3,"minecraft:campfire":1,"minecraft:lightning_rod":9,"minecraft:quartz_bricks":43,"minecraft:deepslate_coal_ore":74,"minecraft:deepslate_gold_ore":555,"minecraft:pearlescent_froglight":1,"minecraft:spruce_stairs":54,"minecraft:black_stained_glass":56,"minecraft:dark_oak_wall_sign":4,"minecraft:spruce_log":207,"minecraft:warped_hyphae":18,"minecraft:cherry_leaves":1,"minecraft:stone_bricks":7,"minecraft:chipped_anvil":2,"minecraft:deepslate_emerald_ore":644,"minecraft:crimson_hyphae":51},"minecraft:killed_by":{"minecraft:ghast":1,"minecraft:wither_skeleton":2,"minecraft:pillager":1,"minecraft:zoglin":8,"minecraft:cave_spider":5,"minecraft:zombie":3,"minecraft:player":11,"minecraft:wolf":1,"minecraft:enderman":1,"minecraft:iron_golem":4,"minecraft:ender_dragon":1},"minecraft:broken":{"minecraft:diamond_helmet":1,"minecraft:shears":1,"minecraft:diamond_boots":1,"minecraft:diamond_pickaxe":1,"minecraft:wooden_sword":4,"minecraft:iron_sword":3,"minecraft:stone_sword":5,"minecraft:flint_and_steel":1,"minecraft:diamond_leggings":1},"minecraft:custom":{"minecraft:interact_with_crafting_table":53,"minecraft:leave_game":49,"minecraft:time_since_death":117389,"minecraft:sprint_one_cm":2276185,"minecraft:drop":201,"minecraft:play_time":3124777,"minecraft:deaths":78,"minecraft:jump":9334,"minecraft:walk_on_water_one_cm":181330,"minecraft:enchant_item":5,"minecraft:interact_with_furnace":253,"minecraft:play_record":9,"minecraft:sleep_in_bed":9,"minecraft:damage_dealt":93014,"minecraft:player_kills":2,"minecraft:crouch_one_cm":706655,"minecraft:interact_with_smoker":13,"minecraft:interact_with_smithing_table":1,"minecraft:mob_kills":327,"minecraft:interact_with_anvil":18,"minecraft:inspect_hopper":3,"minecraft:climb_one_cm":75920,"minecraft:walk_one_cm":9870933,"minecraft:sneak_time":414010,"minecraft:walk_under_water_one_cm":226681,"minecraft:boat_one_cm":820,"minecraft:total_world_time":3124777,"minecraft:time_since_rest":117564,"minecraft:damage_taken":31893,"minecraft:damage_absorbed":40,"minecraft:swim_one_cm":26768,"minecraft:fly_one_cm":7271861,"minecraft:open_chest":210,"minecraft:aviate_one_cm":1833770,"minecraft:fall_one_cm":218229},"minecraft:dropped":{"minecraft:iron_sword":5,"minecraft:porkchop":246,"minecraft:diamond_axe":1,"minecraft:diamond":24,"minecraft:cooked_porkchop":34,"minecraft:glow_item_frame":128,"minecraft:warped_hyphae":64,"minecraft:gold_block":2,"minecraft:emerald":15,"minecraft:dirt":64,"minecraft:netherite_boots":1,"minecraft:gold_ingot":65,"minecraft:bone":26,"minecraft:emerald_block":10,"minecraft:ancient_debris":18,"minecraft:diamond_block":2,"minecraft:tinted_glass":1,"minecraft:netherite_sword":2,"minecraft:rotten_flesh":31,"minecraft:diamond_shovel":2,"minecraft:poppy":4,"minecraft:scaffolding":24,"minecraft:firework_rocket":5,"minecraft:enchanted_book":1,"minecraft:water_bucket":1,"minecraft:iron_ingot":116,"minecraft:stripped_spruce_log":5,"minecraft:netherite_pickaxe":2,"minecraft:netherite_helmet":1,"minecraft:netherite_chestplate":1,"minecraft:coal":21,"minecraft:white_concrete":1,"minecraft:brown_terracotta":20,"minecraft:bucket":3,"minecraft:anvil":1,"minecraft:netherite_ingot":3,"minecraft:dark_oak_sign":1,"minecraft:netherite_leggings":1,"minecraft:flint_and_steel":1,"minecraft:shield":3,"minecraft:bow":2},"minecraft:used":{"minecraft:cut_red_sandstone_slab":24,"minecraft:ladder":44,"minecraft:axolotl_spawn_egg":23,"minecraft:chest":26,"minecraft:iron_sword":752,"minecraft:smooth_sandstone_stairs":175,"minecraft:spruce_leaves":43,"minecraft:chiseled_red_sandstone":1806,"minecraft:axolotl_bucket":2,"minecraft:stripped_spruce_log":1,"minecraft:obsidian":115,"minecraft:honey_bottle":6,"minecraft:polished_deepslate_stairs":76,"minecraft:glass":30,"minecraft:quartz_pillar":2,"minecraft:warped_hyphae":18,"minecraft:lantern":1,"minecraft:birch_sapling":2,"minecraft:green_wool":73,"minecraft:dark_oak_leaves":66,"minecraft:deepslate_diamond_ore":49,"minecraft:bow":58,"minecraft:scaffolding":20,"minecraft:furnace":14,"minecraft:pearlescent_froglight":113,"minecraft:seagrass":39,"minecraft:dark_oak_sign":5,"minecraft:diamond_axe":765,"minecraft:clay":129,"minecraft:white_wool":62,"minecraft:golden_apple":1,"minecraft:cut_sandstone_slab":11,"minecraft:chiseled_quartz_block":2,"minecraft:gray_concrete":59,"minecraft:black_bed":5,"minecraft:shears":545,"minecraft:end_stone":1556,"minecraft:lightning_rod":13,"minecraft:creeper_spawn_egg":1,"minecraft:deepslate_tiles":28,"minecraft:green_concrete":234,"minecraft:black_concrete":151,"minecraft:firework_rocket":2136,"minecraft:chiseled_sandstone":1282,"minecraft:crying_obsidian":634,"minecraft:light_gray_concrete":139,"minecraft:verdant_froglight":13,"minecraft:iron_door":1,"minecraft:cut_red_sandstone":1273,"minecraft:diamond_sword":1518,"minecraft:wooden_sword":236,"minecraft:white_concrete":138,"minecraft:netherite_sword":940,"minecraft:jungle_leaves":28,"minecraft:stone_sword":141,"minecraft:music_disc_otherside":9,"minecraft:flint_and_steel":72,"minecraft:tinted_glass":304,"minecraft:sandstone_wall":31,"minecraft:orange_stained_glass":82,"minecraft:torch":8,"minecraft:dirt":250,"minecraft:anvil":6,"minecraft:twisting_vines":1,"minecraft:crimson_hyphae":52,"minecraft:shroomlight":204,"minecraft:sea_lantern":1,"minecraft:chipped_anvil":3,"minecraft:smooth_quartz":1,"minecraft:light_gray_wool":39,"minecraft:glowstone":79,"minecraft:lime_concrete":196,"minecraft:warped_stairs":107,"minecraft:black_stained_glass":56,"minecraft:emerald_block":1,"minecraft:netherite_pickaxe":1494,"minecraft:cobbled_deepslate":220,"minecraft:deepslate_emerald_ore":42,"minecraft:quartz_bricks":896,"minecraft:water_bucket":256,"minecraft:sandstone_stairs":107,"minecraft:lime_wool":77,"minecraft:smooth_sandstone_slab":2,"minecraft:cut_sandstone":725,"minecraft:vine":41,"minecraft:tnt":15,"minecraft:crafting_table":3,"minecraft:red_bed":2,"minecraft:smooth_red_sandstone_stairs":36,"minecraft:diamond_pickaxe":8196,"minecraft:black_wool":37,"minecraft:diamond_shovel":648,"minecraft:potion":1,"minecraft:cooked_porkchop":120,"minecraft:porkchop":33,"minecraft:bucket":27,"minecraft:gray_wool":50,"minecraft:jukebox":4},"minecraft:crafted":{"minecraft:oak_planks":256,"minecraft:chest":2,"minecraft:cooked_porkchop":19,"minecraft:spruce_planks":96,"minecraft:gold_block":56,"minecraft:diamond_pickaxe":6,"minecraft:emerald_block":39,"minecraft:shield":1,"minecraft:stick":192,"minecraft:iron_ingot":1842,"minecraft:iron_block":151,"minecraft:gold_ingot":595,"minecraft:shears":2,"minecraft:wooden_sword":4,"minecraft:netherite_sword":3,"minecraft:polished_deepslate_stairs":96,"minecraft:furnace":8,"minecraft:diamond_block":34,"minecraft:polished_deepslate":144,"minecraft:ladder":33,"minecraft:cobbled_deepslate_stairs":20,"minecraft:diamond_sword":2,"minecraft:iron_sword":5,"minecraft:anvil":4,"minecraft:torch":8}},"DataVersion":3700}