{"stats":{"minecraft:killed_by":{"minecraft:zombie_villager":2,"minecraft:player":5,"minecraft:zombie":6},"minecraft:killed":{"minecraft:endermite":7,"minecraft:spider":2,"minecraft:creeper":1,"minecraft:skeleton":2,"minecraft:pillager":1,"minecraft:zombie":5},"minecraft:broken":{"minecraft:diamond_helmet":1},"minecraft:used":{"minecraft:diamond_boots":3,"minecraft:shield":78,"minecraft:golden_apple":12,"minecraft:diamond_helmet":3,"minecraft:diamond_pickaxe":756,"minecraft:firework_rocket":9,"minecraft:bread":7,"minecraft:rooted_dirt":2,"minecraft:totem_of_undying":1,"minecraft:diamond_chestplate":4,"minecraft:diamond_sword":388,"minecraft:potion":2,"minecraft:cobblestone":12,"minecraft:bow":35,"minecraft:mangrove_roots":8,"minecraft:cooked_beef":26,"minecraft:enchanted_golden_apple":6,"minecraft:splash_potion":4,"minecraft:diamond_leggings":3},"minecraft:picked_up":{"minecraft:cooked_beef":168,"minecraft:yellow_dye":10,"minecraft:diamond_sword":4,"minecraft:gunpowder":3,"minecraft:string":2,"minecraft:paper":3,"minecraft:iron_leggings":1,"minecraft:bone":5,"minecraft:experience_bottle":107,"minecraft:diamond_leggings":2,"minecraft:raw_gold":19,"minecraft:enchanted_golden_apple":6,"minecraft:diamond_helmet":2,"minecraft:raw_iron":91,"minecraft:carrot":1,"minecraft:redstone":196,"minecraft:diamond_block":12,"minecraft:diamond":45,"minecraft:rotten_flesh":17,"minecraft:arrow":3,"minecraft:diamond_chestplate":2,"minecraft:diamond_boots":2,"minecraft:bread":22,"minecraft:totem_of_undying":1,"minecraft:mangrove_roots":16,"minecraft:emerald":34,"minecraft:rooted_dirt":1,"minecraft:coal":55,"minecraft:cobblestone":544,"minecraft:diamond_pickaxe":2},"minecraft:dropped":{"minecraft:mangrove_roots":8,"minecraft:diamond_block":6,"minecraft:cooked_beef":112,"minecraft:diamond_leggings":2,"minecraft:experience_bottle":171,"minecraft:stone_shovel":1,"minecraft:cobblestone":81,"minecraft:elytra":1,"minecraft:leather_helmet":1,"minecraft:diamond_sword":1,"minecraft:dirt":76,"minecraft:leather_chestplate":1,"minecraft:diamond_chestplate":2,"minecraft:leather_boots":1,"minecraft:leather_leggings":1,"minecraft:diamond_boots":2,"minecraft:paper":4,"minecraft:string":2},"minecraft:custom":{"minecraft:interact_with_furnace":8,"minecraft:interact_with_anvil":1,"minecraft:mob_kills":18,"minecraft:interact_with_crafting_table":17,"minecraft:leave_game":9,"minecraft:time_since_death":85549,"minecraft:sleep_in_bed":1,"minecraft:climb_one_cm":7353,"minecraft:damage_resisted":714,"minecraft:time_since_rest":85569,"minecraft:sprint_one_cm":408826,"minecraft:damage_absorbed":1195,"minecraft:damage_taken":7534,"minecraft:walk_one_cm":1385220,"minecraft:damage_blocked_by_shield":3114,"minecraft:drop":34,"minecraft:damage_dealt":5029,"minecraft:damage_dealt_absorbed":2360,"minecraft:swim_one_cm":3105,"minecraft:fly_one_cm":164154,"minecraft:player_kills":2,"minecraft:open_chest":107,"minecraft:crouch_one_cm":33125,"minecraft:play_time":377571,"minecraft:deaths":13,"minecraft:sneak_time":16212,"minecraft:walk_under_water_one_cm":7200,"minecraft:aviate_one_cm":140150,"minecraft:jump":2166,"minecraft:interact_with_brewingstand":2,"minecraft:interact_with_blast_furnace":12,"minecraft:walk_on_water_one_cm":3993,"minecraft:total_world_time":377571,"minecraft:fall_one_cm":21664},"minecraft:mined":{"minecraft:deepslate_redstone_ore":43,"minecraft:deepslate_diamond_ore":35,"minecraft:mangrove_roots":10,"minecraft:cobblestone":11,"minecraft:deepslate_coal_ore":56,"minecraft:deepslate_gold_ore":19,"minecraft:rooted_dirt":1,"minecraft:deepslate_iron_ore":89,"minecraft:stone":460,"minecraft:deepslate_emerald_ore":33},"minecraft:crafted":{"minecraft:diamond_sword":5,"minecraft:diamond":90,"minecraft:diamond_helmet":1,"minecraft:diamond_leggings":3,"minecraft:stick":8,"minecraft:iron_ingot":48,"minecraft:diamond_boots":2,"minecraft:diamond_chestplate":3}},"DataVersion":3700}