{"stats":{"minecraft:custom":{"minecraft:open_chest":9,"minecraft:time_since_rest":16115,"minecraft:crouch_one_cm":950,"minecraft:play_time":64465,"minecraft:sprint_one_cm":157044,"minecraft:deaths":1,"minecraft:damage_taken":1310,"minecraft:walk_one_cm":114808,"minecraft:sneak_time":466,"minecraft:mob_kills":22,"minecraft:interact_with_lectern":4,"minecraft:jump":1062,"minecraft:damage_dealt":860,"minecraft:leave_game":1,"minecraft:walk_on_water_one_cm":41,"minecraft:time_since_death":45878,"minecraft:sleep_in_bed":1,"minecraft:climb_one_cm":1417,"minecraft:total_world_time":64465,"minecraft:fall_one_cm":25311,"minecraft:fly_one_cm":300635},"minecraft:picked_up":{"minecraft:slime_ball":20,"minecraft:chainmail_chestplate":1},"minecraft:killed_by":{"minecraft:iron_golem":1},"minecraft:killed":{"minecraft:pillager":1,"minecraft:slime":21},"minecraft:used":{"minecraft:leather_leggings":1,"minecraft:stone_sword":25,"minecraft:baked_potato":18,"minecraft:quartz_block":83,"minecraft:leather_helmet":1,"minecraft:leather_chestplate":1,"minecraft:totem_of_undying":1,"minecraft:leather_boots":2}},"DataVersion":3700}