{"stats":{"minecraft:dropped":{"minecraft:rotten_flesh":2,"minecraft:paper":1},"minecraft:mined":{"minecraft:grass_block":1,"minecraft:stone":3,"minecraft:mangrove_roots":5},"minecraft:killed_by":{"minecraft:zombie":1,"minecraft:pillager":1},"minecraft:killed":{"minecraft:endermite":3,"minecraft:zombie":6},"minecraft:used":{"minecraft:dirt":1,"minecraft:stone_sword":33,"minecraft:baked_potato":6,"minecraft:wooden_pickaxe":7},"minecraft:crafted":{"minecraft:spruce_planks":20,"minecraft:stick":4,"minecraft:wooden_pickaxe":1},"minecraft:custom":{"minecraft:time_since_rest":10527,"minecraft:crouch_one_cm":149,"minecraft:play_time":29303,"minecraft:sprint_one_cm":68331,"minecraft:walk_one_cm":52561,"minecraft:damage_taken":651,"minecraft:deaths":2,"minecraft:sneak_time":231,"minecraft:mob_kills":9,"minecraft:drop":3,"minecraft:jump":334,"minecraft:damage_dealt":1626,"minecraft:leave_game":1,"minecraft:sleep_in_bed":1,"minecraft:time_since_death":12888,"minecraft:total_world_time":29303,"minecraft:interact_with_crafting_table":1,"minecraft:fall_one_cm":10562,"minecraft:fly_one_cm":95608},"minecraft:picked_up":{"minecraft:rotten_flesh":13,"minecraft:mangrove_roots":5,"minecraft:dirt":1,"minecraft:paper":1,"minecraft:cobblestone":3}},"DataVersion":3700}