{"stats":{"minecraft:killed":{"minecraft:evoker":2,"minecraft:vex":3,"minecraft:cave_spider":18,"minecraft:vindicator":1,"minecraft:endermite":25,"minecraft:spider":6,"minecraft:zoglin":8,"minecraft:slime":46,"minecraft:horse":1,"minecraft:skeleton":14,"minecraft:husk":28,"minecraft:iron_golem":1,"minecraft:ravager":2,"minecraft:creeper":1,"minecraft:polar_bear":24,"minecraft:sheep":3,"minecraft:pillager":54,"minecraft:zombie":4,"minecraft:ghast":30,"minecraft:blaze":31,"minecraft:enderman":3},"minecraft:custom":{"minecraft:interact_with_smithing_table":10,"minecraft:mob_kills":315,"minecraft:interact_with_anvil":5,"minecraft:interact_with_crafting_table":135,"minecraft:open_barrel":3,"minecraft:leave_game":38,"minecraft:time_since_death":220314,"minecraft:climb_one_cm":22941,"minecraft:damage_resisted":2616,"minecraft:sprint_one_cm":4113275,"minecraft:walk_one_cm":2848237,"minecraft:damage_blocked_by_shield":4579,"minecraft:drop":685,"minecraft:play_noteblock":3,"minecraft:damage_dealt_absorbed":100,"minecraft:play_time":1607373,"minecraft:deaths":9,"minecraft:sneak_time":55682,"minecraft:walk_under_water_one_cm":28199,"minecraft:interact_with_lectern":9,"minecraft:jump":24650,"minecraft:interact_with_brewingstand":1,"minecraft:interact_with_blast_furnace":587,"minecraft:walk_on_water_one_cm":28618,"minecraft:enchant_item":3,"minecraft:total_world_time":1607373,"minecraft:interact_with_furnace":523,"minecraft:tune_noteblock":74,"minecraft:sleep_in_bed":1,"minecraft:time_since_rest":220342,"minecraft:open_enderchest":9,"minecraft:damage_taken":25434,"minecraft:damage_absorbed":5757,"minecraft:trigger_trapped_chest":3,"minecraft:damage_dealt":58198,"minecraft:interact_with_beacon":1,"minecraft:player_kills":8,"minecraft:swim_one_cm":25066,"minecraft:fly_one_cm":5584143,"minecraft:open_chest":347,"minecraft:crouch_one_cm":161100,"minecraft:aviate_one_cm":2265474,"minecraft:interact_with_smoker":2,"minecraft:fall_one_cm":592753},"minecraft:picked_up":{"minecraft:chainmail_boots":1,"minecraft:leather_leggings":3,"minecraft:diamond_sword":11,"minecraft:shield":3,"minecraft:string":21,"minecraft:elytra":2,"minecraft:raw_copper":390,"minecraft:cooked_salmon":2,"minecraft:experience_bottle":272,"minecraft:diamond_leggings":2,"minecraft:cobbled_deepslate":123,"minecraft:gold_nugget":41,"minecraft:smooth_stone":632,"minecraft:netherite_sword":1,"minecraft:enchanted_golden_apple":18,"minecraft:sugar_cane":23,"minecraft:coal_block":48,"minecraft:chest":5,"minecraft:furnace":19,"minecraft:stick":3,"minecraft:raw_iron":5630,"minecraft:stone":128,"minecraft:torch":1,"minecraft:note_block":1,"minecraft:redstone":8922,"minecraft:netherite_pickaxe":2,"minecraft:rotten_flesh":28,"minecraft:arrow":21,"minecraft:diamond_chestplate":1,"minecraft:diamond_boots":2,"minecraft:netherite_chestplate":1,"minecraft:mangrove_roots":72,"minecraft:saddle":2,"minecraft:gold_ingot":130,"minecraft:totem_of_undying":4,"minecraft:blaze_rod":14,"minecraft:mutton":2,"minecraft:cod":37,"minecraft:white_wool":6,"minecraft:cobblestone":17557,"minecraft:netherite_boots":1,"minecraft:leather_chestplate":1,"minecraft:cooked_beef":1,"minecraft:salmon":18,"minecraft:leather":4,"minecraft:yellow_dye":1,"minecraft:yellow_bed":3,"minecraft:gunpowder":27,"minecraft:netherite_leggings":1,"minecraft:lapis_lazuli":494,"minecraft:dirt":34,"minecraft:paper":2,"minecraft:white_banner":3,"minecraft:cooked_mutton":60,"minecraft:leather_boots":3,"minecraft:bone":15,"minecraft:apple":36,"minecraft:stone_bricks":9,"minecraft:bow":1,"minecraft:raw_gold":2319,"minecraft:light_blue_dye":5,"minecraft:iron_ingot":417,"minecraft:diamond_helmet":1,"minecraft:iron_sword":1,"minecraft:ghast_tear":13,"minecraft:blast_furnace":8,"minecraft:spider_eye":11,"minecraft:leather_helmet":3,"minecraft:firework_rocket":11,"minecraft:lime_dye":3,"minecraft:slime_ball":61,"minecraft:diamond":1557,"minecraft:netherite_helmet":1,"minecraft:crossbow":8,"minecraft:golden_apple":6,"minecraft:emerald":1454,"minecraft:spruce_sign":1,"minecraft:chainmail_helmet":1,"minecraft:bread":98,"minecraft:pink_dye":2,"minecraft:coal":2897,"minecraft:diamond_pickaxe":1,"minecraft:ender_pearl":2},"minecraft:killed_by":{"minecraft:endermite":1,"minecraft:husk":1,"minecraft:player":3,"minecraft:wither_skeleton":1,"minecraft:iron_golem":1,"minecraft:cave_spider":1,"minecraft:giant":1},"minecraft:used":{"minecraft:stone_sword":60,"minecraft:elytra":7,"minecraft:chest":4,"minecraft:donkey_spawn_egg":1,"minecraft:shield":24,"minecraft:torch":1,"minecraft:dirt":4,"minecraft:grass_block":15,"minecraft:spawner":1,"minecraft:totem_of_undying":12,"minecraft:stone_bricks":1,"minecraft:blaze_spawn_egg":3,"minecraft:diamond_chestplate":7,"minecraft:written_book":1,"minecraft:furnace":35,"minecraft:netherite_pickaxe":24248,"minecraft:cooked_beef":42,"minecraft:cobbled_deepslate":11,"minecraft:enchanted_golden_apple":32,"minecraft:golden_boots":1,"minecraft:cooked_mutton":62,"minecraft:netherite_chestplate":7,"minecraft:spruce_sign":2,"minecraft:golden_apple":31,"minecraft:crafting_table":1,"minecraft:blast_furnace":8,"minecraft:crossbow":2,"minecraft:note_block":1,"minecraft:diamond_pickaxe":1519,"minecraft:firework_rocket":20,"minecraft:bread":243,"minecraft:iron_pickaxe":66,"minecraft:diamond_sword":904,"minecraft:potion":1,"minecraft:cobblestone":66,"minecraft:cooked_porkchop":1,"minecraft:smithing_table":1,"minecraft:yellow_bed":3,"minecraft:diamond_leggings":1,"minecraft:smooth_stone":1874,"minecraft:experience_bottle":89},"minecraft:broken":{"minecraft:diamond_chestplate":1,"minecraft:golden_boots":1,"minecraft:diamond_helmet":2,"minecraft:diamond_leggings":1,"minecraft:golden_leggings":1,"minecraft:diamond_boots":2},"minecraft:crafted":{"minecraft:smooth_stone":2609,"minecraft:golden_chestplate":1,"minecraft:furnace":24,"minecraft:blast_furnace":8,"minecraft:stone":3202,"minecraft:diamond_block":38,"minecraft:diamond_helmet":2,"minecraft:diamond_leggings":2,"minecraft:diamond_boots":2,"minecraft:redstone_block":406,"minecraft:netherite_upgrade_smithing_template":66,"minecraft:golden_helmet":1,"minecraft:golden_boots":1,"minecraft:coal_block":163,"minecraft:glass_bottle":3,"minecraft:netherite_pickaxe":1,"minecraft:diamond_sword":1,"minecraft:spruce_sign":3,"minecraft:crafting_table":1,"minecraft:spruce_planks":40,"minecraft:smithing_table":1,"minecraft:gold_block":176,"minecraft:bread":135,"minecraft:air":0,"minecraft:golden_apple":36,"minecraft:golden_leggings":1,"minecraft:diamond_pickaxe":3,"minecraft:emerald_block":48,"minecraft:stick":20,"minecraft:iron_ingot":4878,"minecraft:iron_pickaxe":1,"minecraft:iron_block":380,"minecraft:gold_ingot":2299,"minecraft:lapis_lazuli":9,"minecraft:diamond_chestplate":2},"minecraft:dropped":{"minecraft:spruce_sign":2,"minecraft:iron_ingot":76,"minecraft:bread":89,"minecraft:iron_sword":4,"minecraft:birch_planks":1,"minecraft:netherite_pickaxe":1,"minecraft:lapis_lazuli":160,"minecraft:glass_bottle":1,"minecraft:diamond":516,"minecraft:ender_pearl":1,"minecraft:netherite_chestplate":1,"minecraft:diamond_leggings":3,"minecraft:netherite_helmet":1,"minecraft:crossbow":8,"minecraft:cobblestone":16281,"minecraft:leather":4,"minecraft:leather_helmet":5,"minecraft:elytra":1,"minecraft:chainmail_helmet":4,"minecraft:golden_apple":13,"minecraft:coal":1,"minecraft:cod":37,"minecraft:stick":14,"minecraft:dirt":8,"minecraft:mutton":2,"minecraft:netherite_boots":1,"minecraft:gold_nugget":41,"minecraft:white_banner":3,"minecraft:iron_pickaxe":1,"minecraft:paper":2,"minecraft:string":21,"minecraft:chainmail_leggings":3,"minecraft:white_wool":5,"minecraft:redstone":223,"minecraft:bone":5,"minecraft:mangrove_roots":71,"minecraft:stone_sword":1,"minecraft:blaze_rod":18,"minecraft:cobbled_deepslate":110,"minecraft:raw_copper":74,"minecraft:netherite_sword":1,"minecraft:wheat":29,"minecraft:raw_iron":66,"minecraft:experience_bottle":298,"minecraft:rotten_flesh":28,"minecraft:enchanted_golden_apple":20,"minecraft:cooked_mutton":6,"minecraft:salmon":18,"minecraft:totem_of_undying":5,"minecraft:netherite_leggings":1,"minecraft:chainmail_chestplate":3,"minecraft:diamond_sword":4,"minecraft:leather_chestplate":3,"minecraft:shield":1,"minecraft:gunpowder":8,"minecraft:diamond_chestplate":1,"minecraft:spruce_planks":22,"minecraft:diamond_pickaxe":3,"minecraft:chest":2,"minecraft:leather_boots":5,"minecraft:chainmail_boots":3,"minecraft:leather_leggings":5,"minecraft:stone_bricks":8,"minecraft:spider_eye":7,"minecraft:diamond_boots":3,"minecraft:slime_ball":33,"minecraft:arrow":22,"minecraft:bow":1,"minecraft:raw_gold":4,"minecraft:ghast_tear":2,"minecraft:written_book":1,"minecraft:netherrack":415},"minecraft:mined":{"minecraft:deepslate_diamond_ore":625,"minecraft:mangrove_roots":64,"minecraft:grass_block":4,"minecraft:smooth_stone":376,"minecraft:furnace":19,"minecraft:cobbled_deepslate":77,"minecraft:deepslate_lapis_ore":20,"minecraft:deepslate_iron_ore":2692,"minecraft:stone":17326,"minecraft:deepslate_redstone_ore":1393,"minecraft:note_block":1,"minecraft:short_grass":5,"minecraft:blast_furnace":8,"minecraft:chest":2,"minecraft:spruce_wall_sign":2,"minecraft:tall_grass":2,"minecraft:cobblestone":15,"minecraft:deepslate_coal_ore":1356,"minecraft:deepslate_gold_ore":1084,"minecraft:sugar_cane":8,"minecraft:wall_torch":1,"minecraft:deepslate_copper_ore":39,"minecraft:birch_leaves":1,"minecraft:yellow_bed":2,"minecraft:stone_bricks":10,"minecraft:netherrack":1,"minecraft:deepslate_emerald_ore":729}},"DataVersion":3700}