{"stats":{"minecraft:dropped":{"minecraft:bread":1,"minecraft:mangrove_roots":19,"minecraft:glass_bottle":1,"minecraft:netherite_sword":1,"minecraft:netherite_chestplate":1,"minecraft:netherite_helmet":1,"minecraft:raw_iron":1,"minecraft:experience_bottle":43,"minecraft:crossbow":1,"minecraft:cobblestone":1247,"minecraft:rooted_dirt":1,"minecraft:leather_helmet":1,"minecraft:netherite_leggings":1,"minecraft:diamond_sword":1,"minecraft:leather_chestplate":1,"minecraft:gray_terracotta":1,"minecraft:diamond_pickaxe":1,"minecraft:netherite_boots":1,"minecraft:leather_boots":1,"minecraft:chest":1,"minecraft:cherry_leaves":1,"minecraft:leather_leggings":1,"minecraft:white_banner":1,"minecraft:written_book":1},"minecraft:killed_by":{"minecraft:zombie_villager":2,"minecraft:player":1,"minecraft:skeleton":1},"minecraft:crafted":{"minecraft:oak_planks":8,"minecraft:diamond_sword":3,"minecraft:gold_block":16,"minecraft:bread":170,"minecraft:air":0,"minecraft:diamond_block":5,"minecraft:diamond_helmet":2,"minecraft:diamond_leggings":2,"minecraft:diamond_pickaxe":1,"minecraft:emerald_block":7,"minecraft:slime_ball":9,"minecraft:stick":16,"minecraft:iron_ingot":184,"minecraft:iron_block":20,"minecraft:diamond_boots":2,"minecraft:gold_ingot":145,"minecraft:redstone_block":23,"minecraft:diamond_chestplate":2},"minecraft:used":{"minecraft:netherite_sword":44,"minecraft:leather_leggings":1,"minecraft:diamond_boots":5,"minecraft:baked_potato":29,"minecraft:leather_chestplate":1,"minecraft:leather_boots":1,"minecraft:spyglass":173,"minecraft:carrot":2,"minecraft:diamond_helmet":6,"minecraft:diamond_pickaxe":1529,"minecraft:bread":81,"minecraft:leather_helmet":1,"minecraft:diamond_chestplate":5,"minecraft:diamond_sword":986,"minecraft:bow":31,"minecraft:potion":2,"minecraft:written_book":1,"minecraft:cooked_beef":3,"minecraft:diamond_leggings":5,"minecraft:splash_potion":2,"minecraft:experience_bottle":85},"minecraft:mined":{"minecraft:deepslate_redstone_ore":73,"minecraft:deepslate_diamond_ore":68,"minecraft:mangrove_roots":14,"minecraft:deepslate_coal_ore":99,"minecraft:deepslate_gold_ore":152,"minecraft:deepslate_iron_ore":166,"minecraft:stone":895,"minecraft:deepslate_emerald_ore":72},"minecraft:broken":{"minecraft:diamond_boots":1,"minecraft:diamond_chestplate":1,"minecraft:diamond_helmet":1,"minecraft:diamond_leggings":1},"minecraft:killed":{"minecraft:zombie_villager":6,"minecraft:endermite":5,"minecraft:spider":20,"minecraft:slime":41,"minecraft:creeper":15,"minecraft:skeleton":25,"minecraft:pillager":7,"minecraft:zombie":276,"minecraft:ghast":11,"minecraft:blaze":1,"minecraft:enderman":6},"minecraft:custom":{"minecraft:interact_with_furnace":2,"minecraft:mob_kills":429,"minecraft:interact_with_crafting_table":25,"minecraft:leave_game":25,"minecraft:time_since_death":222330,"minecraft:climb_one_cm":7514,"minecraft:damage_resisted":21851,"minecraft:time_since_rest":222361,"minecraft:sprint_one_cm":664054,"minecraft:open_enderchest":1,"minecraft:damage_taken":6635,"minecraft:walk_one_cm":1057532,"minecraft:trigger_trapped_chest":1,"minecraft:drop":53,"minecraft:damage_dealt":77363,"minecraft:damage_dealt_absorbed":376,"minecraft:swim_one_cm":19822,"minecraft:fly_one_cm":654453,"minecraft:player_kills":4,"minecraft:open_chest":63,"minecraft:crouch_one_cm":26069,"minecraft:play_time":390770,"minecraft:deaths":5,"minecraft:sneak_time":8866,"minecraft:walk_under_water_one_cm":28111,"minecraft:interact_with_lectern":1,"minecraft:jump":3743,"minecraft:interact_with_blast_furnace":71,"minecraft:walk_on_water_one_cm":13573,"minecraft:enchant_item":4,"minecraft:total_world_time":390770,"minecraft:fall_one_cm":79320},"minecraft:picked_up":{"minecraft:netherite_boots":1,"minecraft:tripwire_hook":5,"minecraft:potato":2,"minecraft:gunpowder":27,"minecraft:netherite_leggings":1,"minecraft:string":29,"minecraft:white_banner":1,"minecraft:leather_boots":1,"minecraft:bone":21,"minecraft:experience_bottle":107,"minecraft:gray_terracotta":1,"minecraft:raw_gold":148,"minecraft:netherite_sword":2,"minecraft:written_book":1,"minecraft:enchanted_golden_apple":2,"minecraft:chest":1,"minecraft:iron_sword":1,"minecraft:ghast_tear":9,"minecraft:raw_iron":160,"minecraft:carrot":2,"minecraft:redstone":317,"minecraft:spider_eye":10,"minecraft:leather_helmet":1,"minecraft:sugar":1,"minecraft:arrow":23,"minecraft:rotten_flesh":260,"minecraft:slime_ball":35,"minecraft:diamond":68,"minecraft:netherite_helmet":1,"minecraft:crossbow":2,"minecraft:bread":64,"minecraft:mangrove_roots":20,"minecraft:emerald":70,"minecraft:netherite_chestplate":1,"minecraft:blaze_rod":1,"minecraft:coal":98,"minecraft:cobblestone":1254,"minecraft:ender_pearl":3}},"DataVersion":3700}