{"stats":{"minecraft:killed_by":{"minecraft:pillager":4,"minecraft:zombie":8,"minecraft:ender_dragon":4,"minecraft:wither":1,"minecraft:wither_skeleton":1,"minecraft:player":37,"minecraft:spider":1,"minecraft:enderman":5,"minecraft:iron_golem":2,"minecraft:skeleton":2},"minecraft:custom":{"minecraft:interact_with_crafting_table":334,"minecraft:open_barrel":3,"minecraft:bell_ring":8,"minecraft:eat_cake_slice":1,"minecraft:leave_game":87,"minecraft:time_since_death":18173,"minecraft:damage_blocked_by_shield":3034,"minecraft:play_time":4587477,"minecraft:deaths":98,"minecraft:jump":56533,"minecraft:interact_with_furnace":802,"minecraft:traded_with_villager":266,"minecraft:interact_with_cartography_table":1,"minecraft:sleep_in_bed":19,"minecraft:damage_dealt":91316,"minecraft:interact_with_smoker":14,"minecraft:inspect_dispenser":6,"minecraft:horse_one_cm":89396,"minecraft:interact_with_smithing_table":12,"minecraft:inspect_dropper":3,"minecraft:interact_with_anvil":14,"minecraft:damage_dealt_absorbed":5752,"minecraft:sneak_time":334573,"minecraft:interact_with_lectern":18,"minecraft:interact_with_blast_furnace":15,"minecraft:total_world_time":4587477,"minecraft:interact_with_stonecutter":2,"minecraft:time_since_rest":18203,"minecraft:swim_one_cm":425314,"minecraft:fly_one_cm":15590837,"minecraft:open_chest":2020,"minecraft:fish_caught":3,"minecraft:fall_one_cm":1207904,"minecraft:animals_bred":1,"minecraft:open_shulker_box":2,"minecraft:damage_resisted":6201,"minecraft:sprint_one_cm":6890808,"minecraft:drop":2619,"minecraft:talked_to_villager":162,"minecraft:interact_with_brewingstand":14,"minecraft:walk_on_water_one_cm":590628,"minecraft:open_enderchest":96,"minecraft:interact_with_beacon":3,"minecraft:player_kills":34,"minecraft:crouch_one_cm":997895,"minecraft:mob_kills":537,"minecraft:fill_cauldron":1,"minecraft:interact_with_campfire":4,"minecraft:damage_dealt_resisted":2469,"minecraft:climb_one_cm":106959,"minecraft:walk_one_cm":7698641,"minecraft:walk_under_water_one_cm":544600,"minecraft:boat_one_cm":668507,"minecraft:raid_trigger":1,"minecraft:pot_flower":8,"minecraft:interact_with_grindstone":1,"minecraft:damage_absorbed":10707,"minecraft:damage_taken":81797,"minecraft:trigger_trapped_chest":10,"minecraft:minecart_one_cm":6667,"minecraft:aviate_one_cm":2699927},"minecraft:mined":{"minecraft:dark_oak_planks":2,"minecraft:white_bed":1,"minecraft:cherry_log":8,"minecraft:obsidian":15,"minecraft:granite":146,"minecraft:stone_brick_wall":4,"minecraft:purpur_slab":1,"minecraft:hopper":1,"minecraft:oxeye_daisy":1,"minecraft:oak_wall_sign":1,"minecraft:chorus_flower":8,"minecraft:tall_seagrass":15,"minecraft:magma_block":1,"minecraft:fire":58,"minecraft:cobbled_deepslate":54,"minecraft:moss_carpet":59,"minecraft:deepslate_lapis_ore":172,"minecraft:dirt_path":2,"minecraft:deepslate_brick_stairs":1,"minecraft:tripwire":12,"minecraft:red_bed":14,"minecraft:kelp_plant":83,"minecraft:player_wall_head":1,"minecraft:torch":59,"minecraft:glass":15,"minecraft:sugar_cane":661,"minecraft:amethyst_block":1,"minecraft:mud":1,"minecraft:wheat":64,"minecraft:stone_brick_stairs":8,"minecraft:oak_fence_gate":3,"minecraft:smooth_basalt":27,"minecraft:stonecutter":1,"minecraft:deepslate":117,"minecraft:mossy_cobblestone":27,"minecraft:dark_oak_log":11,"minecraft:shulker_box":1,"minecraft:end_stone":211,"minecraft:redstone_wire":2,"minecraft:moss_block":26,"minecraft:kelp":41,"minecraft:diamond_block":19,"minecraft:potatoes":167,"minecraft:smithing_table":3,"minecraft:oak_slab":366,"minecraft:soul_sand":2,"minecraft:dandelion":1,"minecraft:short_grass":726,"minecraft:dropper":1,"minecraft:tall_grass":156,"minecraft:purpur_pillar":2,"minecraft:copper_ore":3,"minecraft:deepslate_gold_ore":99,"minecraft:diorite":95,"minecraft:coarse_dirt":1,"minecraft:white_carpet":5,"minecraft:birch_leaves":5,"minecraft:sunflower":1,"minecraft:gravel":62,"minecraft:stone_bricks":200,"minecraft:deepslate_emerald_ore":7,"minecraft:fern":1,"minecraft:oak_sapling":3,"minecraft:farmland":13,"minecraft:sculk_vein":1,"minecraft:brewing_stand":7,"minecraft:cave_vines_plant":3,"minecraft:grass_block":359,"minecraft:blue_concrete":5,"minecraft:polished_diorite":42,"minecraft:composter":5,"minecraft:smooth_stone":23,"minecraft:iron_ore":15,"minecraft:iron_bars":1,"minecraft:black_candle":2,"minecraft:azalea":1,"minecraft:deepslate_redstone_ore":179,"minecraft:clay":2,"minecraft:calcite":1,"minecraft:poppy":3,"minecraft:beacon":4,"minecraft:chest":17,"minecraft:cobblestone":536,"minecraft:oak_planks":337,"minecraft:wall_torch":11,"minecraft:deepslate_copper_ore":3,"minecraft:pink_petals":4,"minecraft:seagrass":14,"minecraft:birch_log":27,"minecraft:lapis_block":9,"minecraft:orange_tulip":3,"minecraft:purpur_block":15,"minecraft:smooth_stone_slab":25,"minecraft:oak_log":178,"minecraft:sand":39,"minecraft:dirt":220,"minecraft:tripwire_hook":2,"minecraft:dispenser":4,"minecraft:netherrack":12,"minecraft:oak_leaves":221,"minecraft:crying_obsidian":1,"minecraft:tuff":182,"minecraft:dark_oak_leaves":1,"minecraft:deepslate_diamond_ore":327,"minecraft:mangrove_roots":27,"minecraft:large_fern":1,"minecraft:hay_block":3,"minecraft:oak_trapdoor":16,"minecraft:furnace":3,"minecraft:carrots":175,"minecraft:gold_block":1,"minecraft:bell":1,"minecraft:deepslate_iron_ore":312,"minecraft:wet_sponge":10,"minecraft:chorus_plant":10,"minecraft:stone":3985,"minecraft:magenta_stained_glass":2,"minecraft:warped_fence":1,"minecraft:bamboo_mosaic_slab":1,"minecraft:crafting_table":21,"minecraft:honey_block":105,"minecraft:lectern":17,"minecraft:deepslate_coal_ore":159,"minecraft:lapis_ore":1,"minecraft:coal_ore":3,"minecraft:cherry_leaves":330,"minecraft:cracked_stone_bricks":3,"minecraft:mossy_stone_bricks":8},"minecraft:dropped":{"minecraft:iron_sword":1,"minecraft:porkchop":2,"minecraft:lapis_lazuli":37,"minecraft:cooked_beef":347,"minecraft:chorus_fruit":1,"minecraft:emerald_ore":5,"minecraft:glass_bottle":4,"minecraft:diamond":169,"minecraft:crafting_table":137,"minecraft:cooked_porkchop":26,"minecraft:crossbow":3,"minecraft:rooted_dirt":1,"minecraft:cracked_stone_bricks":1,"minecraft:saddle":1,"minecraft:elytra":5,"minecraft:leather_helmet":2,"minecraft:red_carpet":1,"minecraft:emerald":11,"minecraft:gold_block":86,"minecraft:dirt":299,"minecraft:yellow_dye":11,"minecraft:cherry_leaves":1,"minecraft:writable_book":4,"minecraft:gold_nugget":84,"minecraft:wooden_sword":1,"minecraft:bone_meal":94,"minecraft:phantom_membrane":2,"minecraft:sand":2,"minecraft:iron_pickaxe":1,"minecraft:bone":3,"minecraft:oak_door":1,"minecraft:stone_axe":1,"minecraft:cherry_boat":2,"minecraft:emerald_block":128,"minecraft:sugar_cane":64,"minecraft:cobbled_deepslate":260,"minecraft:pink_dye":2,"minecraft:wheat":6,"minecraft:obsidian":1,"minecraft:rotten_flesh":34,"minecraft:oak_planks":192,"minecraft:enchanted_golden_apple":39,"minecraft:lime_dye":1,"minecraft:end_stone":3,"minecraft:rabbit_foot":11,"minecraft:hopper":9,"minecraft:leather_boots":1,"minecraft:leather_leggings":3,"minecraft:glass":10,"minecraft:ghast_tear":10,"minecraft:stone_brick_stairs":7,"minecraft:iron_ingot":203,"minecraft:netherite_pickaxe":3,"minecraft:wheat_seeds":111,"minecraft:feather":18,"minecraft:oak_fence":1,"minecraft:barrier":1,"minecraft:iron_helmet":1,"minecraft:cobblestone":959,"minecraft:granite":59,"minecraft:chainmail_helmet":1,"minecraft:coal":16,"minecraft:coal_block":6,"minecraft:oxeye_daisy":1,"minecraft:ink_sac":3,"minecraft:wooden_hoe":5,"minecraft:rabbit":67,"minecraft:diamond_helmet":7,"minecraft:potion":18,"minecraft:iron_shovel":4,"minecraft:chainmail_leggings":1,"minecraft:paper":221,"minecraft:string":1,"minecraft:gray_carpet":1,"minecraft:stone_brick_slab":22,"minecraft:moss_carpet":31,"minecraft:player_head":1,"minecraft:stone_sword":8,"minecraft:clay_ball":4,"minecraft:iron_boots":4,"minecraft:blue_concrete":3,"minecraft:stone_slab":23,"minecraft:oak_sign":1,"minecraft:diamond_sword":24,"minecraft:light_blue_dye":3,"minecraft:cobblestone_slab":1,"minecraft:potato":395,"minecraft:spruce_planks":7,"minecraft:diamond_pickaxe":3,"minecraft:stone_bricks":977,"minecraft:spider_eye":7,"minecraft:bow":27,"minecraft:moss_block":162,"minecraft:soul_sand":17,"minecraft:diamond_axe":4,"minecraft:oak_log":256,"minecraft:baked_potato":5,"minecraft:ender_pearl":8,"minecraft:leather":91,"minecraft:flint":8,"minecraft:cooked_cod":2,"minecraft:wet_sponge":1,"minecraft:gold_ingot":121,"minecraft:gravel":9,"minecraft:spyglass":1,"minecraft:mangrove_roots":223,"minecraft:pointed_dripstone":1,"minecraft:beetroot":26,"minecraft:carrot":19,"minecraft:chainmail_chestplate":1,"minecraft:shulker_shell":8,"minecraft:poppy":9,"minecraft:rabbit_hide":59,"minecraft:oak_fence_gate":64,"minecraft:leather_chestplate":3,"minecraft:gunpowder":57,"minecraft:azalea":1,"minecraft:stone_brick_wall":2,"minecraft:chest":11,"minecraft:chainmail_boots":1,"minecraft:spruce_wood":1,"minecraft:arrow":22,"minecraft:netherrack":64,"minecraft:firework_rocket":34,"minecraft:water_bucket":3,"minecraft:bread":59,"minecraft:oak_slab":56,"minecraft:cherry_log":2,"minecraft:diamond_leggings":4,"minecraft:poisonous_potato":2,"minecraft:prismarine_shard":3,"minecraft:lead":2,"minecraft:stick":14,"minecraft:iron_block":64,"minecraft:diorite":78,"minecraft:torch":59,"minecraft:iron_leggings":1,"minecraft:iron_axe":1,"minecraft:tripwire_hook":2,"minecraft:dandelion":2,"minecraft:redstone":103,"minecraft:nether_brick_slab":2,"minecraft:raw_copper":444,"minecraft:tuff":2,"minecraft:raw_iron":145,"minecraft:totem_of_undying":6,"minecraft:shulker_box":1,"minecraft:shield":1,"minecraft:oak_button":1,"minecraft:diamond_chestplate":5,"minecraft:iron_chestplate":2,"minecraft:oak_sapling":2,"minecraft:golden_sword":5,"minecraft:diamond_boots":6,"minecraft:slime_ball":4,"minecraft:spruce_log":1,"minecraft:beacon":1,"minecraft:stone_pickaxe":3,"minecraft:raw_gold":18,"minecraft:wooden_pickaxe":2},"minecraft:broken":{"minecraft:golden_boots":1,"minecraft:diamond_helmet":5,"minecraft:iron_boots":1,"minecraft:golden_sword":1,"minecraft:diamond_leggings":2,"minecraft:stone_hoe":1,"minecraft:iron_pickaxe":1,"minecraft:iron_helmet":1,"minecraft:netherite_boots":1,"minecraft:golden_helmet":1,"minecraft:golden_leggings":1,"minecraft:golden_chestplate":1,"minecraft:diamond_chestplate":1},"minecraft:killed":{"minecraft:cave_spider":11,"minecraft:shulker":21,"minecraft:skeleton":114,"minecraft:chicken":1,"minecraft:ender_dragon":1,"minecraft:pillager":5,"minecraft:zombie":127,"minecraft:cow":1,"minecraft:endermite":5,"minecraft:horse":1,"minecraft:wandering_trader":2,"minecraft:enderman":14,"minecraft:zombified_piglin":2,"minecraft:witch":3,"minecraft:spider":15,"minecraft:wolf":1,"minecraft:zombie_villager":1,"minecraft:creeper":59,"minecraft:sheep":4,"minecraft:trader_llama":4,"minecraft:ghast":6,"minecraft:blaze":19,"minecraft:slime":20,"minecraft:phantom":22,"minecraft:drowned":1,"minecraft:squid":2,"minecraft:wither_skeleton":30,"minecraft:villager":6},"minecraft:crafted":{"minecraft:smooth_stone":16,"minecraft:oak_sign":12,"minecraft:blaze_powder":16,"minecraft:lever":1,"minecraft:diamond_shovel":1,"minecraft:bookshelf":1,"minecraft:deepslate_brick_stairs":32,"minecraft:glass":56,"minecraft:name_tag":2,"minecraft:emerald":784,"minecraft:diamond_axe":2,"minecraft:smithing_table":1,"minecraft:golden_pickaxe":1,"minecraft:clock":1,"minecraft:copper_ingot":195,"minecraft:fletching_table":1,"minecraft:blaze_rod":1,"minecraft:stone_brick_stairs":220,"minecraft:lectern":1,"minecraft:golden_leggings":1,"minecraft:iron_pickaxe":2,"minecraft:gold_ingot":347,"minecraft:netherite_ingot":9,"minecraft:elytra":3,"minecraft:composter":2,"minecraft:smooth_stone_slab":12,"minecraft:diamond_hoe":1,"minecraft:bone_meal":351,"minecraft:white_carpet":9,"minecraft:lantern":16,"minecraft:diamond":828,"minecraft:ladder":93,"minecraft:stone_pickaxe":1,"minecraft:dark_oak_planks":40,"minecraft:lead":12,"minecraft:golden_helmet":1,"minecraft:wheat":27,"minecraft:crossbow":2,"minecraft:dried_kelp":9,"minecraft:oak_fence_gate":193,"minecraft:golden_apple":1,"minecraft:iron_leggings":1,"minecraft:oak_planks":14012,"minecraft:barrel":53,"minecraft:dark_oak_boat":1,"minecraft:stone":3364,"minecraft:hopper":9,"minecraft:bow":4,"minecraft:iron_boots":4,"minecraft:chest":17,"minecraft:oak_button":3,"minecraft:ender_eye":15,"minecraft:stone_bricks":1012,"minecraft:golden_sword":1,"minecraft:golden_boots":1,"minecraft:oak_slab":836,"minecraft:arrow":160,"minecraft:crafting_table":891,"minecraft:wooden_pickaxe":1,"minecraft:baked_potato":139,"minecraft:iron_helmet":1,"minecraft:brush":1,"minecraft:birch_planks":92,"minecraft:tnt":2,"minecraft:paper":408,"minecraft:iron_chestplate":1,"minecraft:book":3,"minecraft:diamond_pickaxe":1,"minecraft:stick":8889,"minecraft:iron_ingot":1038,"minecraft:deepslate_bricks":48,"minecraft:sponge":8,"minecraft:shears":2,"minecraft:redstone":24,"minecraft:stone_brick_wall":198,"minecraft:tripwire_hook":2,"minecraft:golden_chestplate":1,"minecraft:furnace":17,"minecraft:diamond_block":11,"minecraft:oak_trapdoor":578,"minecraft:polished_deepslate":48,"minecraft:iron_axe":1,"minecraft:iron_hoe":1,"minecraft:iron_sword":3,"minecraft:bucket":3,"minecraft:stone_axe":1,"minecraft:air":0,"minecraft:oak_boat":9,"minecraft:stonecutter":717,"minecraft:anvil":1,"minecraft:torch":148,"minecraft:end_crystal":14,"minecraft:lapis_lazuli":54,"minecraft:lapis_block":4,"minecraft:diamond_chestplate":1,"minecraft:firework_rocket":27},"minecraft:used":{"minecraft:moss_block":43,"minecraft:writable_book":2,"minecraft:dispenser":4,"minecraft:elytra":8,"minecraft:ladder":97,"minecraft:chest":16,"minecraft:stone":185,"minecraft:rotten_flesh":17,"minecraft:soul_sand":6,"minecraft:brick_slab":10,"minecraft:cracked_deepslate_tiles":59,"minecraft:honey_block":105,"minecraft:lava_bucket":71,"minecraft:villager_spawn_egg":3,"minecraft:mangrove_stairs":1,"minecraft:grass_block":237,"minecraft:wet_sponge":1,"minecraft:stone_brick_stairs":147,"minecraft:bow":110,"minecraft:dark_oak_boat":2,"minecraft:sweet_berries":9,"minecraft:furnace":32,"minecraft:oak_sapling":30,"minecraft:cooked_cod":1,"minecraft:gray_banner":9,"minecraft:potato":288,"minecraft:emerald_ore":6,"minecraft:mossy_stone_bricks":7,"minecraft:diorite":8,"minecraft:brick_wall":2,"minecraft:wooden_pickaxe":14,"minecraft:composter":9,"minecraft:purpur_pillar":2,"minecraft:oak_leaves":31,"minecraft:golden_apple":8,"minecraft:glow_berries":19,"minecraft:sand":22,"minecraft:netherite_helmet":1,"minecraft:deepslate_brick_stairs":33,"minecraft:crying_obsidian":3,"minecraft:verdant_froglight":1,"minecraft:lectern":20,"minecraft:diamond_ore":1,"minecraft:flowering_azalea_leaves":11,"minecraft:soul_lantern":8,"minecraft:diamond_sword":4051,"minecraft:smithing_table":5,"minecraft:white_stained_glass":5,"minecraft:poisonous_potato":3,"minecraft:oak_boat":19,"minecraft:oak_trapdoor":344,"minecraft:enchanting_table":1,"minecraft:iron_bars":1,"minecraft:stone_sword":83,"minecraft:armor_stand":2,"minecraft:tinted_glass":4,"minecraft:netherrack":9,"minecraft:torch":144,"minecraft:brewing_stand":8,"minecraft:anvil":9,"minecraft:chorus_flower":10,"minecraft:blue_concrete":18,"minecraft:oak_fence_gate":133,"minecraft:polished_diorite":42,"minecraft:mossy_cobblestone_stairs":3,"minecraft:iron_block":10,"minecraft:iron_axe":269,"minecraft:brick_stairs":7,"minecraft:warped_fence":1,"minecraft:totem_of_undying":13,"minecraft:barrel":34,"minecraft:smooth_basalt":33,"minecraft:diamond_chestplate":12,"minecraft:tadpole_bucket":4,"minecraft:tripwire_hook":4,"minecraft:cobbled_deepslate":291,"minecraft:cherry_log":2,"minecraft:pointed_dripstone":1,"minecraft:calcite":1,"minecraft:wheat_seeds":110,"minecraft:water_bucket":701,"minecraft:chiseled_bookshelf":1,"minecraft:lead":1,"minecraft:lime_wool":75,"minecraft:cauldron":3,"minecraft:fletching_table":5,"minecraft:deepslate_bricks":5,"minecraft:cracked_stone_bricks":2,"minecraft:salmon":1,"minecraft:mossy_cobblestone":20,"minecraft:diamond_block":116,"minecraft:vine":41,"minecraft:oak_slab":1022,"minecraft:tnt":2,"minecraft:crafting_table":832,"minecraft:red_bed":19,"minecraft:oak_log":24,"minecraft:mud":1,"minecraft:diamond_pickaxe":2566,"minecraft:diamond_shovel":199,"minecraft:oak_button":4,"minecraft:iron_pickaxe":249,"minecraft:cyan_concrete":388,"minecraft:enchanted_book":5,"minecraft:cobblestone":2003,"minecraft:potion":32,"minecraft:cooked_porkchop":96,"minecraft:black_candle":3,"minecraft:brush":29,"minecraft:kelp":6,"minecraft:candle":39,"minecraft:diamond_leggings":6,"minecraft:moss_carpet":81,"minecraft:iron_shovel":17,"minecraft:diamond_hoe":93,"minecraft:oak_sign":16,"minecraft:axolotl_spawn_egg":2,"minecraft:shield":60,"minecraft:white_terracotta":647,"minecraft:iron_sword":169,"minecraft:zombie_spawn_egg":1,"minecraft:iron_chestplate":2,"minecraft:carrot":218,"minecraft:tuff":2591,"minecraft:milk_bucket":1,"minecraft:obsidian":29,"minecraft:glass":59,"minecraft:cyan_terracotta":199,"minecraft:bricks":132,"minecraft:lantern":24,"minecraft:green_wool":1,"minecraft:iron_helmet":1,"minecraft:mossy_cobblestone_slab":11,"minecraft:stone_bricks":4707,"minecraft:golden_sword":32,"minecraft:red_carpet":37,"minecraft:magma_block":14,"minecraft:mangrove_roots":11,"minecraft:gold_block":11,"minecraft:diamond_boots":8,"minecraft:dropper":1,"minecraft:wither_skeleton_skull":3,"minecraft:stone_pickaxe":8,"minecraft:oak_planks":2720,"minecraft:ender_pearl":205,"minecraft:redstone_block":10,"minecraft:diamond_axe":790,"minecraft:sugar_cane":242,"minecraft:white_wool":4,"minecraft:light_blue_concrete":244,"minecraft:loom":8,"minecraft:crossbow":27,"minecraft:sponge":9,"minecraft:dripstone_block":1,"minecraft:stone_brick_wall":141,"minecraft:end_stone":232,"minecraft:shears":7,"minecraft:black_terracotta":3,"minecraft:lever":1,"minecraft:black_concrete":3,"minecraft:firework_rocket":155,"minecraft:bread":100,"minecraft:string":22,"minecraft:barrier":81,"minecraft:gravel":35,"minecraft:grindstone":5,"minecraft:andesite":2,"minecraft:chain":1,"minecraft:smooth_stone_slab":37,"minecraft:mossy_cobblestone_wall":3,"minecraft:coarse_dirt":1,"minecraft:bamboo_mosaic_slab":3,"minecraft:bone_meal":295,"minecraft:golden_pickaxe":18,"minecraft:experience_bottle":64,"minecraft:purpur_block":15,"minecraft:flint_and_steel":12,"minecraft:cracked_deepslate_bricks":4,"minecraft:redstone":2,"minecraft:dried_kelp":6,"minecraft:stone_hoe":131,"minecraft:dirt":968,"minecraft:spyglass":6,"minecraft:white_carpet":13,"minecraft:hopper":10,"minecraft:diamond_helmet":8,"minecraft:shulker_box":1,"minecraft:granite":55,"minecraft:iron_hoe":85,"minecraft:dark_oak_planks":17,"minecraft:bookshelf":75,"minecraft:polished_blackstone_brick_stairs":48,"minecraft:iron_boots":1,"minecraft:emerald_block":10,"minecraft:netherite_pickaxe":4463,"minecraft:cooked_beef":374,"minecraft:enchanted_golden_apple":77,"minecraft:iron_leggings":2,"minecraft:cooked_mutton":10,"minecraft:amethyst_block":65,"minecraft:glass_bottle":2,"minecraft:baked_potato":96,"minecraft:beacon":4,"minecraft:stonecutter":1,"minecraft:terracotta":57,"minecraft:book":1,"minecraft:netherite_block":66,"minecraft:flower_pot":8,"minecraft:stone_axe":111,"minecraft:pink_petals":11,"minecraft:fishing_rod":21,"minecraft:end_crystal":17,"minecraft:white_banner":1,"minecraft:lapis_block":19,"minecraft:bucket":712,"minecraft:smooth_stone":378,"minecraft:splash_potion":30},"minecraft:picked_up":{"minecraft:iron_chestplate":3,"minecraft:prismarine_shard":2,"minecraft:lead":32,"minecraft:smithing_table":3,"minecraft:stone_slab":23,"minecraft:diamond_sword":24,"minecraft:enchanted_book":5,"minecraft:brewing_stand":7,"minecraft:golden_sword":5,"minecraft:blue_concrete":8,"minecraft:amethyst_block":1,"minecraft:string":53,"minecraft:explorer_pottery_sherd":1,"minecraft:beetroot":84,"minecraft:cherry_boat":2,"minecraft:diamond_leggings":10,"minecraft:gold_nugget":85,"minecraft:cobbled_deepslate":623,"minecraft:spruce_planks":7,"minecraft:enchanted_golden_apple":25,"minecraft:coal_block":6,"minecraft:composter":3,"minecraft:purpur_pillar":4,"minecraft:cherry_log":11,"minecraft:end_crystal":4,"minecraft:rabbit_foot":11,"minecraft:zombie_spawn_egg":1,"minecraft:stone_sword":10,"minecraft:end_rod":2,"minecraft:netherite_chestplate":1,"minecraft:blaze_rod":14,"minecraft:iron_bars":1,"minecraft:sponge":1,"minecraft:birch_log":29,"minecraft:barrier":4,"minecraft:feather":20,"minecraft:cooked_beef":292,"minecraft:cherry_leaves":1,"minecraft:water_bucket":7,"minecraft:dark_oak_boat":2,"minecraft:flint":10,"minecraft:netherite_leggings":1,"minecraft:stonecutter":1,"minecraft:rabbit":64,"minecraft:diamond_helmet":14,"minecraft:moss_block":256,"minecraft:bamboo_mosaic_slab":1,"minecraft:dropper":2,"minecraft:ink_sac":5,"minecraft:dark_oak_log":10,"minecraft:dispenser":4,"minecraft:writable_book":4,"minecraft:granite":102,"minecraft:bread":59,"minecraft:rooted_dirt":1,"minecraft:plenty_pottery_sherd":1,"minecraft:diamond_pickaxe":6,"minecraft:mud":1,"minecraft:coarse_dirt":1,"minecraft:crafting_table":87,"minecraft:clay_ball":4,"minecraft:leather_leggings":3,"minecraft:stripped_cherry_log":6,"minecraft:purpur_block":15,"minecraft:red_bed":13,"minecraft:elytra":6,"minecraft:white_carpet":5,"minecraft:iron_shovel":4,"minecraft:cracked_stone_bricks":3,"minecraft:netherite_sword":1,"minecraft:beef":3,"minecraft:poppy":11,"minecraft:iron_nugget":4,"minecraft:chest":20,"minecraft:stone":67,"minecraft:oak_door":1,"minecraft:carrot":585,"minecraft:redstone":1326,"minecraft:netherite_pickaxe":4,"minecraft:tnt":1,"minecraft:diamond_chestplate":3,"minecraft:cooked_cod":3,"minecraft:diamond_boots":15,"minecraft:hay_block":3,"minecraft:gold_ingot":13,"minecraft:totem_of_undying":7,"minecraft:glow_berries":9,"minecraft:emerald_ore":6,"minecraft:white_wool":2,"minecraft:oxeye_daisy":1,"minecraft:tripwire_hook":4,"minecraft:filled_map":2,"minecraft:oak_log":419,"minecraft:paper":206,"minecraft:white_banner":3,"minecraft:apple":2,"minecraft:stone_bricks":417,"minecraft:kelp":180,"minecraft:oak_fence_gate":4,"minecraft:stone_pickaxe":3,"minecraft:blade_pottery_sherd":2,"minecraft:glass_bottle":4,"minecraft:iron_sword":5,"minecraft:flowering_azalea":14,"minecraft:smooth_basalt":17,"minecraft:sweet_berries":9,"minecraft:spyglass":1,"minecraft:gravel":47,"minecraft:spruce_log":1,"minecraft:crying_obsidian":1,"minecraft:leather_helmet":2,"minecraft:firework_rocket":176,"minecraft:slime_ball":13,"minecraft:polished_diorite":42,"minecraft:diamond_axe":5,"minecraft:oak_button":3,"minecraft:baked_potato":64,"minecraft:pink_dye":3,"minecraft:hopper":10,"minecraft:ender_pearl":19,"minecraft:shulker_shell":23,"minecraft:wheat":65,"minecraft:potion":9,"minecraft:stone_brick_stairs":13,"minecraft:lapis_block":9,"minecraft:raw_copper":560,"minecraft:smooth_stone_slab":26,"minecraft:iron_leggings":2,"minecraft:oak_sign":8,"minecraft:smooth_stone":407,"minecraft:red_dye":1,"minecraft:cobblestone_slab":1,"minecraft:calcite":1,"minecraft:azalea":3,"minecraft:iron_pickaxe":1,"minecraft:iron_boots":1,"minecraft:furnace":3,"minecraft:stick":35,"minecraft:oak_fence":1,"minecraft:torch":267,"minecraft:porkchop":3,"minecraft:pointed_dripstone":1,"minecraft:diorite":89,"minecraft:rotten_flesh":150,"minecraft:mangrove_stairs":1,"minecraft:mangrove_roots":257,"minecraft:chorus_flower":13,"minecraft:deepslate_brick_stairs":1,"minecraft:obsidian":16,"minecraft:cod":1,"minecraft:blaze_powder":5,"minecraft:cobblestone":5359,"minecraft:pink_petals":11,"minecraft:leather_chestplate":3,"minecraft:andesite":2,"minecraft:beacon":7,"minecraft:potato":882,"minecraft:tuff":2872,"minecraft:warped_trapdoor":1,"minecraft:wither_skeleton_skull":3,"minecraft:dirt":560,"minecraft:lapis_lazuli":2489,"minecraft:leather_boots":1,"minecraft:glass":15,"minecraft:bone":172,"minecraft:wheat_seeds":288,"minecraft:bow":9,"minecraft:orange_tulip":4,"minecraft:raw_gold":239,"minecraft:bell":1,"minecraft:mossy_stone_bricks":6,"minecraft:stone_hoe":1,"minecraft:oak_planks":458,"minecraft:ghast_tear":28,"minecraft:cooked_porkchop":133,"minecraft:poisonous_potato":5,"minecraft:sand":33,"minecraft:grass_block":1,"minecraft:diamond_block":103,"minecraft:shulker_box":3,"minecraft:mossy_cobblestone":20,"minecraft:sugar":1,"minecraft:diamond":496,"minecraft:netherite_helmet":1,"minecraft:crossbow":3,"minecraft:emerald":9,"minecraft:netherrack":72,"minecraft:oak_sapling":34,"minecraft:chorus_fruit":123,"minecraft:nether_star":1,"minecraft:splash_potion":2,"minecraft:chicken":1,"minecraft:wooden_pickaxe":1,"minecraft:stone_brick_wall":4,"minecraft:gold_block":39,"minecraft:oak_trapdoor":16,"minecraft:moss_carpet":150,"minecraft:iron_axe":4,"minecraft:wooden_sword":3,"minecraft:warped_fence":1,"minecraft:oak_boat":16,"minecraft:player_head":2,"minecraft:lectern":17,"minecraft:sugar_cane":666,"minecraft:phantom_membrane":13,"minecraft:raw_iron":818,"minecraft:end_stone":204,"minecraft:iron_horse_armor":1,"minecraft:dark_oak_planks":2,"minecraft:arrow":245,"minecraft:saddle":2,"minecraft:wet_sponge":10,"minecraft:netherite_boots":1,"minecraft:salmon":1,"minecraft:leather":90,"minecraft:gunpowder":132,"minecraft:cobblestone_stairs":4,"minecraft:wooden_hoe":7,"minecraft:cooked_mutton":5,"minecraft:red_carpet":1,"minecraft:gray_carpet":1,"minecraft:rabbit_hide":59,"minecraft:spruce_wood":1,"minecraft:iron_ingot":71,"minecraft:soul_sand":2,"minecraft:oak_slab":364,"minecraft:black_candle":3,"minecraft:emerald_block":64,"minecraft:stone_brick_slab":22,"minecraft:dandelion":1,"minecraft:lava_bucket":4,"minecraft:white_bed":1,"minecraft:nether_brick_slab":2,"minecraft:spider_eye":15,"minecraft:lime_dye":6,"minecraft:gray_banner":3,"minecraft:honey_block":105,"minecraft:iron_helmet":1,"minecraft:cherry_sapling":22,"minecraft:coal":536}},"DataVersion":3700}