{"stats":{"minecraft:custom":{"minecraft:jump":200,"minecraft:open_chest":19,"minecraft:time_since_rest":8964,"minecraft:leave_game":1,"minecraft:interact_with_blast_furnace":3,"minecraft:crouch_one_cm":25,"minecraft:damage_taken":20,"minecraft:sprint_one_cm":42218,"minecraft:play_time":8964,"minecraft:open_enderchest":1,"minecraft:time_since_death":8964,"minecraft:walk_one_cm":21578,"minecraft:sneak_time":8,"minecraft:climb_one_cm":622,"minecraft:total_world_time":8964,"minecraft:interact_with_lectern":2,"minecraft:fall_one_cm":2179,"minecraft:fly_one_cm":58031}},"DataVersion":3700}