{"stats":{"minecraft:used":{"minecraft:leather_leggings":1,"minecraft:stone_pickaxe":90,"minecraft:iron_pickaxe":27,"minecraft:wooden_pickaxe":10,"minecraft:leather_helmet":1,"minecraft:leather_chestplate":1,"minecraft:leather_boots":1,"minecraft:netherite_boots":1,"minecraft:cooked_porkchop":1,"minecraft:netherite_pickaxe":1,"minecraft:cooked_beef":10},"minecraft:picked_up":{"minecraft:raw_iron":32,"minecraft:leather_chestplate":1,"minecraft:tripwire_hook":5,"minecraft:leather_leggings":1,"minecraft:leather_helmet":1,"minecraft:leather_boots":1,"minecraft:slime_ball":133,"minecraft:diamond":19,"minecraft:slime_block":21,"minecraft:mangrove_roots":1,"minecraft:emerald":1,"minecraft:coal":8,"minecraft:cobblestone":67},"minecraft:killed":{"minecraft:ghast":1},"minecraft:crafted":{"minecraft:diamond":144,"minecraft:netherite_pickaxe":1,"minecraft:iron_boots":1,"minecraft:iron_chestplate":1,"minecraft:diamond_pickaxe":1,"minecraft:spruce_planks":24,"minecraft:stick":12,"minecraft:slime_ball":18382,"minecraft:stone_pickaxe":1,"minecraft:iron_ingot":331,"minecraft:wooden_pickaxe":1,"minecraft:iron_pickaxe":1,"minecraft:iron_helmet":1,"minecraft:stone_sword":1,"minecraft:gold_ingot":912,"minecraft:iron_leggings":1,"minecraft:netherite_ingot":2826,"minecraft:air":0},"minecraft:mined":{"minecraft:deepslate_diamond_ore":19,"minecraft:mangrove_roots":2,"minecraft:deepslate_iron_ore":32,"minecraft:deepslate_coal_ore":8,"minecraft:stone":67,"minecraft:deepslate_emerald_ore":1},"minecraft:killed_by":{"minecraft:player":1},"minecraft:custom":{"minecraft:time_since_rest":10,"minecraft:interact_with_furnace":8,"minecraft:sprint_one_cm":405245,"minecraft:damage_taken":927,"minecraft:walk_one_cm":162561,"minecraft:interact_with_anvil":2,"minecraft:mob_kills":1,"minecraft:drop":29,"minecraft:damage_dealt":34,"minecraft:swim_one_cm":3125,"minecraft:interact_with_crafting_table":17,"minecraft:fly_one_cm":302803,"minecraft:open_chest":17,"minecraft:crouch_one_cm":18906,"minecraft:play_time":120902,"minecraft:deaths":2,"minecraft:sneak_time":4473,"minecraft:walk_under_water_one_cm":1118,"minecraft:interact_with_lectern":8,"minecraft:jump":985,"minecraft:interact_with_blast_furnace":5,"minecraft:leave_game":3,"minecraft:walk_on_water_one_cm":250,"minecraft:time_since_death":0,"minecraft:climb_one_cm":4845,"minecraft:interact_with_smoker":5,"minecraft:total_world_time":120902,"minecraft:fall_one_cm":43937},"minecraft:dropped":{"minecraft:leather_chestplate":4,"minecraft:iron_sword":1,"minecraft:mangrove_roots":1,"minecraft:stone_sword":1,"minecraft:iron_chestplate":1,"minecraft:leather_boots":4,"minecraft:iron_helmet":1,"minecraft:leather_leggings":4,"minecraft:iron_leggings":1,"minecraft:iron_boots":1,"minecraft:slime_ball":128,"minecraft:stone_pickaxe":1,"minecraft:wooden_pickaxe":1,"minecraft:iron_pickaxe":1,"minecraft:leather_helmet":4,"minecraft:stick":1}},"DataVersion":3700}