{"stats":{"minecraft:killed":{"minecraft:endermite":4,"minecraft:skeleton":4,"minecraft:pillager":31,"minecraft:zombie":10},"minecraft:custom":{"minecraft:mob_kills":49,"minecraft:interact_with_crafting_table":17,"minecraft:leave_game":9,"minecraft:time_since_death":27364,"minecraft:sleep_in_bed":1,"minecraft:damage_resisted":549,"minecraft:time_since_rest":27395,"minecraft:sprint_one_cm":255890,"minecraft:damage_absorbed":535,"minecraft:damage_taken":4608,"minecraft:walk_one_cm":224530,"minecraft:damage_blocked_by_shield":60,"minecraft:drop":79,"minecraft:damage_dealt":11744,"minecraft:fly_one_cm":478461,"minecraft:player_kills":6,"minecraft:open_chest":32,"minecraft:crouch_one_cm":36608,"minecraft:play_time":155511,"minecraft:deaths":10,"minecraft:sneak_time":12243,"minecraft:walk_under_water_one_cm":63673,"minecraft:aviate_one_cm":888346,"minecraft:jump":2170,"minecraft:interact_with_blast_furnace":1,"minecraft:walk_on_water_one_cm":7744,"minecraft:total_world_time":155511,"minecraft:fall_one_cm":18753},"minecraft:used":{"minecraft:leather_leggings":1,"minecraft:diamond_boots":4,"minecraft:netherite_chestplate":6,"minecraft:elytra":3,"minecraft:leather_chestplate":1,"minecraft:shield":1,"minecraft:diamond_axe":13,"minecraft:leather_boots":2,"minecraft:rotten_flesh":2,"minecraft:golden_apple":2,"minecraft:netherite_leggings":5,"minecraft:red_bed":1,"minecraft:netherite_helmet":5,"minecraft:diamond_helmet":3,"minecraft:endermite_spawn_egg":3,"minecraft:obsidian":114,"minecraft:warden_spawn_egg":99,"minecraft:oak_log":9,"minecraft:diamond_pickaxe":161,"minecraft:firework_rocket":139,"minecraft:grass_block":669,"minecraft:bread":1,"minecraft:iron_pickaxe":3,"minecraft:leather_helmet":1,"minecraft:spruce_trapdoor":67,"minecraft:cod_spawn_egg":4,"minecraft:netherite_boots":5,"minecraft:diamond_chestplate":4,"minecraft:diamond_sword":217,"minecraft:dolphin_spawn_egg":5,"minecraft:bow":60,"minecraft:potion":4,"minecraft:end_crystal":45,"minecraft:birch_log":284,"minecraft:cooked_beef":8,"minecraft:splash_potion":5,"minecraft:enchanted_golden_apple":4,"minecraft:diamond_leggings":3},"minecraft:dropped":{"minecraft:diamond_leggings":1,"minecraft:netherite_chestplate":4,"minecraft:obsidian":64,"minecraft:netherite_helmet":6,"minecraft:rotten_flesh":1,"minecraft:elytra":1,"minecraft:totem_of_undying":1,"minecraft:grass_block":52,"minecraft:netherite_leggings":4,"minecraft:emerald":1,"minecraft:netherite_boots":5,"minecraft:diamond_boots":1,"minecraft:bow":1},"minecraft:killed_by":{"minecraft:player":1,"minecraft:spider":1,"minecraft:zombie":3},"minecraft:mined":{"minecraft:deepslate_redstone_ore":3,"minecraft:deepslate_diamond_ore":1,"minecraft:mangrove_roots":3,"minecraft:deepslate_coal_ore":8,"minecraft:deepslate_gold_ore":1,"minecraft:deepslate_iron_ore":12,"minecraft:stone":131,"minecraft:deepslate_emerald_ore":5},"minecraft:picked_up":{"minecraft:netherite_boots":4,"minecraft:cooked_beef":8,"minecraft:magenta_banner":16,"minecraft:shield":1,"minecraft:gunpowder":1,"minecraft:netherite_leggings":4,"minecraft:elytra":2,"minecraft:white_banner":2,"minecraft:iron_axe":1,"minecraft:leather_boots":1,"minecraft:bone":8,"minecraft:bow":1,"minecraft:diamond_leggings":2,"minecraft:raw_gold":9,"minecraft:netherite_sword":3,"minecraft:iron_ingot":30,"minecraft:iron_pickaxe":1,"minecraft:diamond_helmet":1,"minecraft:enchanted_golden_apple":2,"minecraft:chest":1,"minecraft:raw_iron":17,"minecraft:trident":1,"minecraft:redstone":25,"minecraft:rotten_flesh":23,"minecraft:arrow":5,"minecraft:diamond_chestplate":1,"minecraft:diamond":14,"minecraft:netherite_helmet":4,"minecraft:diamond_boots":2,"minecraft:bread":1,"minecraft:gold_ingot":57,"minecraft:totem_of_undying":2,"minecraft:mangrove_roots":2,"minecraft:emerald":15,"minecraft:netherite_chestplate":4,"minecraft:coal":8,"minecraft:cobblestone":130,"minecraft:diamond_pickaxe":1},"minecraft:crafted":{"minecraft:diamond_sword":2,"minecraft:diamond_axe":1,"minecraft:crafting_table":1,"minecraft:spruce_planks":376,"minecraft:spruce_button":4,"minecraft:air":0,"minecraft:diamond":144,"minecraft:diamond_helmet":1,"minecraft:diamond_leggings":1,"minecraft:diamond_pickaxe":1,"minecraft:shield":2,"minecraft:stick":8,"minecraft:iron_ingot":32,"minecraft:diamond_boots":1,"minecraft:diamond_chestplate":1}},"DataVersion":3700}