{"stats":{"minecraft:killed":{"minecraft:pillager":5,"minecraft:endermite":6,"minecraft:iron_golem":2},"minecraft:dropped":{"minecraft:poppy":3,"minecraft:leather_chestplate":1,"minecraft:mangrove_roots":2,"minecraft:cooked_beef":1,"minecraft:crossbow":1},"minecraft:custom":{"minecraft:time_since_rest":10450,"minecraft:interact_with_furnace":2,"minecraft:sprint_one_cm":180241,"minecraft:damage_taken":1001,"minecraft:walk_one_cm":99782,"minecraft:mob_kills":13,"minecraft:drop":6,"minecraft:damage_dealt":3067,"minecraft:swim_one_cm":3117,"minecraft:interact_with_crafting_table":4,"minecraft:fly_one_cm":189574,"minecraft:open_chest":2,"minecraft:crouch_one_cm":8901,"minecraft:play_time":58320,"minecraft:deaths":2,"minecraft:sneak_time":4395,"minecraft:walk_under_water_one_cm":1046,"minecraft:interact_with_lectern":4,"minecraft:jump":744,"minecraft:leave_game":1,"minecraft:climb_one_cm":1627,"minecraft:walk_on_water_one_cm":209,"minecraft:time_since_death":10430,"minecraft:total_world_time":58320,"minecraft:fall_one_cm":15919},"minecraft:crafted":{"minecraft:diamond_pickaxe":1,"minecraft:shield":1,"minecraft:diamond_axe":1,"minecraft:spruce_planks":36,"minecraft:stick":12,"minecraft:wooden_pickaxe":1,"minecraft:iron_ingot":4,"minecraft:iron_pickaxe":1,"minecraft:stone_pickaxe":1,"minecraft:air":0,"minecraft:diamond_chestplate":1},"minecraft:used":{"minecraft:stone_sword":12,"minecraft:diamond_boots":1,"minecraft:stone_pickaxe":10,"minecraft:iron_pickaxe":163,"minecraft:netherite_axe":26,"minecraft:wooden_pickaxe":5,"minecraft:diamond_chestplate":1,"minecraft:diamond_sword":23,"minecraft:diamond_helmet":1,"minecraft:cooked_beef":10,"minecraft:diamond_leggings":1},"minecraft:picked_up":{"minecraft:leather_chestplate":1,"minecraft:raw_iron":22,"minecraft:cooked_beef":1,"minecraft:redstone":5,"minecraft:diamond":15,"minecraft:raw_gold":7,"minecraft:iron_ingot":11,"minecraft:crossbow":1,"minecraft:poppy":3,"minecraft:emerald":9,"minecraft:mangrove_roots":2,"minecraft:glass_bottle":1,"minecraft:coal":10,"minecraft:cobblestone":114},"minecraft:killed_by":{"minecraft:iron_golem":1,"minecraft:pillager":1},"minecraft:mined":{"minecraft:deepslate_redstone_ore":1,"minecraft:deepslate_diamond_ore":15,"minecraft:mangrove_roots":4,"minecraft:deepslate_iron_ore":22,"minecraft:deepslate_coal_ore":10,"minecraft:deepslate_gold_ore":7,"minecraft:stone":114,"minecraft:deepslate_emerald_ore":9}},"DataVersion":3700}