{"stats":{"minecraft:killed_by":{"minecraft:player":1},"minecraft:custom":{"minecraft:jump":380,"minecraft:time_since_rest":1793,"minecraft:damage_taken":800,"minecraft:damage_dealt":10,"minecraft:crouch_one_cm":600,"minecraft:leave_game":14,"minecraft:sprint_one_cm":115128,"minecraft:play_time":60791,"minecraft:walk_one_cm":88014,"minecraft:time_since_death":1720,"minecraft:deaths":2,"minecraft:sneak_time":1620,"minecraft:total_world_time":60791,"minecraft:climb_one_cm":40,"minecraft:fall_one_cm":8386,"minecraft:fly_one_cm":289515}},"DataVersion":3700}