{"stats":{"minecraft:crafted":{"minecraft:oak_planks":20,"minecraft:crafting_table":1,"minecraft:air":0,"minecraft:stick":4,"minecraft:iron_ingot":31,"minecraft:iron_pickaxe":1},"minecraft:custom":{"minecraft:mob_kills":6,"minecraft:interact_with_crafting_table":2,"minecraft:leave_game":2,"minecraft:time_since_death":61803,"minecraft:climb_one_cm":3446,"minecraft:time_since_rest":61833,"minecraft:sprint_one_cm":189855,"minecraft:open_enderchest":3,"minecraft:damage_taken":909,"minecraft:walk_one_cm":125038,"minecraft:drop":134,"minecraft:damage_dealt":775,"minecraft:damage_dealt_absorbed":9,"minecraft:swim_one_cm":1418,"minecraft:fly_one_cm":347408,"minecraft:open_chest":26,"minecraft:crouch_one_cm":8194,"minecraft:play_time":69438,"minecraft:deaths":1,"minecraft:sneak_time":5185,"minecraft:walk_under_water_one_cm":55,"minecraft:interact_with_lectern":3,"minecraft:jump":1290,"minecraft:interact_with_blast_furnace":15,"minecraft:walk_on_water_one_cm":215,"minecraft:total_world_time":69438,"minecraft:fall_one_cm":31368},"minecraft:mined":{"minecraft:deepslate_redstone_ore":13,"minecraft:deepslate_diamond_ore":2,"minecraft:cherry_sapling":1,"minecraft:mangrove_roots":1,"minecraft:torch":1,"minecraft:short_grass":39,"minecraft:tall_grass":38,"minecraft:cobblestone":1,"minecraft:deepslate_coal_ore":9,"minecraft:deepslate_gold_ore":6,"minecraft:wall_torch":3,"minecraft:iron_ore":3,"minecraft:deepslate_lapis_ore":9,"minecraft:deepslate_iron_ore":42,"minecraft:oak_log":5,"minecraft:cherry_leaves":7,"minecraft:stone":89,"minecraft:oak_leaves":1},"minecraft:killed_by":{"minecraft:player":1},"minecraft:picked_up":{"minecraft:cooked_beef":13,"minecraft:leather":2,"minecraft:oak_log":5,"minecraft:lapis_lazuli":52,"minecraft:cooked_mutton":2,"minecraft:wheat_seeds":2,"minecraft:raw_gold":6,"minecraft:light_blue_dye":3,"minecraft:raw_iron":45,"minecraft:cooked_porkchop":1,"minecraft:torch":4,"minecraft:carrot":7,"minecraft:redstone":60,"minecraft:lime_dye":1,"minecraft:rotten_flesh":2,"minecraft:diamond":2,"minecraft:cherry_sapling":2,"minecraft:mangrove_roots":1,"minecraft:totem_of_undying":24,"minecraft:coal":9,"minecraft:pink_dye":1,"minecraft:white_wool":1,"minecraft:cobblestone":80},"minecraft:used":{"minecraft:cherry_sapling":1,"minecraft:leather_leggings":6,"minecraft:oak_planks":12,"minecraft:leather_chestplate":1,"minecraft:leather_boots":1,"minecraft:torch":3,"minecraft:crafting_table":1,"minecraft:iron_pickaxe":179,"minecraft:leather_helmet":1,"minecraft:diamond_sword":53,"minecraft:cobblestone":1,"minecraft:potion":1,"minecraft:cooked_beef":19,"minecraft:diamond_leggings":1},"minecraft:killed":{"minecraft:pig":1,"minecraft:sheep":1,"minecraft:horse":1,"minecraft:zombie":2},"minecraft:dropped":{"minecraft:iron_ingot":4,"minecraft:sweet_berries":22,"minecraft:oak_trapdoor":8,"minecraft:diamond_axe":1,"minecraft:cooked_beef":247,"minecraft:cherry_log":146,"minecraft:blaze_rod":4,"minecraft:glass_bottle":1,"minecraft:diamond_leggings":1,"minecraft:raw_iron":129,"minecraft:lead":4,"minecraft:oak_planks":50,"minecraft:enchanted_golden_apple":20,"minecraft:diamond_shovel":1,"minecraft:rail":28,"minecraft:carrot":25,"minecraft:stick":128,"minecraft:filled_map":2,"minecraft:diamond_sword":1,"minecraft:brush":2,"minecraft:yellow_dye":26,"minecraft:diamond_pickaxe":3,"minecraft:chest":6,"minecraft:spruce_log":228,"minecraft:diamond_boots":2,"minecraft:raw_gold":14,"minecraft:nautilus_shell":2,"minecraft:fishing_rod":4,"minecraft:bucket":2,"minecraft:spruce_sapling":128}},"DataVersion":3700}