{"stats":{"minecraft:crafted":{"minecraft:oak_planks":12,"minecraft:diamond_pickaxe":1,"minecraft:stick":4,"minecraft:wooden_axe":1},"minecraft:custom":{"minecraft:mob_kills":4,"minecraft:interact_with_crafting_table":3,"minecraft:leave_game":2,"minecraft:time_since_death":5017,"minecraft:climb_one_cm":11394,"minecraft:time_since_rest":5042,"minecraft:sprint_one_cm":639646,"minecraft:open_enderchest":2,"minecraft:damage_taken":4620,"minecraft:walk_one_cm":406523,"minecraft:drop":72,"minecraft:damage_dealt":1296,"minecraft:damage_dealt_absorbed":203,"minecraft:fly_one_cm":300645,"minecraft:open_chest":14,"minecraft:crouch_one_cm":5594,"minecraft:play_time":132643,"minecraft:deaths":8,"minecraft:sneak_time":2303,"minecraft:interact_with_lectern":2,"minecraft:jump":1531,"minecraft:total_world_time":132643,"minecraft:fall_one_cm":37950},"minecraft:mined":{"minecraft:deepslate_redstone_ore":2,"minecraft:deepslate_diamond_ore":3,"minecraft:deepslate_coal_ore":2,"minecraft:deepslate_copper_ore":1,"minecraft:deepslate_iron_ore":87,"minecraft:coal_ore":4,"minecraft:oak_log":23,"minecraft:stone":8,"minecraft:oak_leaves":10},"minecraft:killed_by":{"minecraft:player":8},"minecraft:picked_up":{"minecraft:leather_chestplate":1,"minecraft:cooked_beef":157,"minecraft:chainmail_boots":4,"minecraft:leather_leggings":4,"minecraft:diamond_sword":7,"minecraft:chainmail_chestplate":2,"minecraft:oak_log":22,"minecraft:lapis_lazuli":120,"minecraft:paper":1,"minecraft:elytra":1,"minecraft:raw_copper":3,"minecraft:diamond_leggings":2,"minecraft:light_blue_dye":2,"minecraft:stone_pickaxe":1,"minecraft:glass_bottle":3,"minecraft:raw_iron":113,"minecraft:diamond_block":2,"minecraft:redstone":15,"minecraft:leather_helmet":2,"minecraft:firework_rocket":64,"minecraft:diamond_chestplate":1,"minecraft:lime_dye":1,"minecraft:rotten_flesh":5,"minecraft:diamond":40,"minecraft:chainmail_leggings":2,"minecraft:diamond_boots":1,"minecraft:diamond_axe":1,"minecraft:chainmail_helmet":1,"minecraft:cobblestone":8,"minecraft:coal":68,"minecraft:pink_dye":1},"minecraft:used":{"minecraft:leather_leggings":2,"minecraft:stone_pickaxe":52,"minecraft:leather_chestplate":1,"minecraft:chainmail_helmet":1,"minecraft:wooden_axe":30,"minecraft:diamond_pickaxe":56,"minecraft:leather_helmet":2,"minecraft:diamond_sword":60,"minecraft:chainmail_boots":3,"minecraft:cooked_beef":32,"minecraft:diamond_leggings":1,"minecraft:chainmail_leggings":1},"minecraft:broken":{"minecraft:leather_helmet":1},"minecraft:killed":{"minecraft:zombie":3},"minecraft:dropped":{"minecraft:mangrove_roots":22,"minecraft:lapis_lazuli":372,"minecraft:cooked_beef":73,"minecraft:raw_copper":64,"minecraft:diamond":13,"minecraft:diamond_leggings":1,"minecraft:raw_iron":192,"minecraft:cobblestone":64,"minecraft:rotten_flesh":10,"minecraft:elytra":2,"minecraft:chainmail_helmet":1,"minecraft:coal":128,"minecraft:netherite_leggings":1,"minecraft:chainmail_chestplate":1,"minecraft:emerald":52,"minecraft:diamond_sword":4,"minecraft:gunpowder":20,"minecraft:diamond_chestplate":1,"minecraft:diamond_pickaxe":2,"minecraft:chainmail_boots":2,"minecraft:diamond_helmet":2,"minecraft:leather_leggings":3,"minecraft:gold_nugget":64,"minecraft:diamond_boots":1,"minecraft:chainmail_leggings":1,"minecraft:redstone":210,"minecraft:firework_rocket":320}},"DataVersion":3700}