{"stats":{"minecraft:crafted":{"minecraft:iron_ingot":9},"minecraft:custom":{"minecraft:open_chest":5,"minecraft:time_since_rest":38994,"minecraft:crouch_one_cm":656,"minecraft:walk_one_cm":96061,"minecraft:play_time":38994,"minecraft:sprint_one_cm":89683,"minecraft:open_enderchest":1,"minecraft:damage_taken":46,"minecraft:sneak_time":157,"minecraft:interact_with_anvil":1,"minecraft:interact_with_brewingstand":2,"minecraft:jump":194,"minecraft:leave_game":1,"minecraft:time_since_death":38994,"minecraft:total_world_time":38994,"minecraft:fly_one_cm":49206,"minecraft:interact_with_crafting_table":2,"minecraft:fall_one_cm":3553},"minecraft:mined":{"minecraft:mangrove_roots":1},"minecraft:picked_up":{"minecraft:lime_dye":1,"minecraft:light_blue_dye":3,"minecraft:mangrove_roots":1,"minecraft:chest":1,"minecraft:pink_dye":1},"minecraft:used":{"minecraft:cooked_beef":2}},"DataVersion":3700}