{"stats":{"minecraft:picked_up":{"minecraft:stone_sword":2,"minecraft:leather_boots":2,"minecraft:leather_chestplate":2,"minecraft:tripwire_hook":8,"minecraft:leather_leggings":2,"minecraft:diamond_sword":2,"minecraft:iron_ingot":3,"minecraft:leather_helmet":2},"minecraft:killed_by":{"minecraft:iron_golem":3,"minecraft:player":1},"minecraft:custom":{"minecraft:time_since_rest":8269,"minecraft:crouch_one_cm":5,"minecraft:walk_one_cm":59070,"minecraft:play_time":21789,"minecraft:sprint_one_cm":45078,"minecraft:damage_taken":1126,"minecraft:deaths":4,"minecraft:sneak_time":797,"minecraft:walk_under_water_one_cm":1746,"minecraft:mob_kills":2,"minecraft:jump":138,"minecraft:damage_dealt":1496,"minecraft:leave_game":3,"minecraft:walk_on_water_one_cm":1246,"minecraft:time_since_death":8239,"minecraft:total_world_time":21789,"minecraft:fall_one_cm":3619,"minecraft:fly_one_cm":22695},"minecraft:used":{"minecraft:diamond_sword":9,"minecraft:stone_sword":24,"minecraft:leather_boots":1},"minecraft:killed":{"minecraft:iron_golem":2}},"DataVersion":3700}