{"stat.crouchOneCm":721,"stat.useItem.minecraft.chest":1,"stat.useItem.minecraft.command_block":1,"stat.useItem.minecraft.stone_brick_stairs":10,"achievement.openInventory":51,"stat.useItem.minecraft.stone_button":1,"achievement.exploreAllBiomes":{"value":0,"progress":["Plains"]},"stat.useItem.minecraft.netherrack":1,"stat.useItem.minecraft.flint_and_steel":2,"stat.useItem.minecraft.torch":7,"stat.useItem.minecraft.stone":1,"stat.flyOneCm":292909,"stat.timeSinceDeath":39881,"stat.playOneMinute":39881,"stat.leaveGame":3,"stat.diveOneCm":5311,"stat.useItem.minecraft.wool":8,"stat.useItem.minecraft.painting":16,"stat.useItem.minecraft.written_book":75,"stat.jump":39,"stat.useItem.minecraft.wooden_slab":2,"stat.swimOneCm":3899,"stat.walkOneCm":45052,"stat.chestOpened":6,"stat.useItem.minecraft.sign":8,"stat.sprintOneCm":142}