{"stats":{"minecraft:custom":{"minecraft:interact_with_furnace":1,"minecraft:mob_kills":10,"minecraft:interact_with_crafting_table":2,"minecraft:leave_game":6,"minecraft:time_since_death":1930,"minecraft:sleep_in_bed":1,"minecraft:climb_one_cm":9867,"minecraft:damage_resisted":469,"minecraft:time_since_rest":2001,"minecraft:damage_absorbed":996,"minecraft:sprint_one_cm":420954,"minecraft:open_enderchest":13,"minecraft:damage_taken":9091,"minecraft:walk_one_cm":707608,"minecraft:trigger_trapped_chest":1,"minecraft:drop":66,"minecraft:damage_dealt":3379,"minecraft:damage_dealt_absorbed":886,"minecraft:swim_one_cm":9227,"minecraft:fly_one_cm":1306868,"minecraft:player_kills":3,"minecraft:open_chest":38,"minecraft:crouch_one_cm":19667,"minecraft:play_time":391288,"minecraft:deaths":26,"minecraft:sneak_time":11641,"minecraft:walk_under_water_one_cm":29366,"minecraft:jump":2788,"minecraft:walk_on_water_one_cm":38985,"minecraft:interact_with_smoker":1,"minecraft:total_world_time":391288,"minecraft:fall_one_cm":119615},"minecraft:mined":{"minecraft:deepslate_redstone_ore":10,"minecraft:deepslate_diamond_ore":22,"minecraft:mangrove_roots":1,"minecraft:short_grass":2,"minecraft:grass_block":2,"minecraft:deepslate_coal_ore":9,"minecraft:deepslate_gold_ore":13,"minecraft:deepslate_copper_ore":8,"minecraft:wheat":81,"minecraft:deepslate_lapis_ore":19,"minecraft:deepslate_iron_ore":17,"minecraft:stone":75},"minecraft:killed_by":{"minecraft:player":7,"minecraft:blaze":1},"minecraft:picked_up":{"minecraft:iron_chestplate":1,"minecraft:wheat":81,"minecraft:cooked_beef":154,"minecraft:potion":2,"minecraft:oak_log":8,"minecraft:lapis_lazuli":164,"minecraft:string":1,"minecraft:dirt":2,"minecraft:paper":3,"minecraft:raw_copper":30,"minecraft:bow":1,"minecraft:diamond_leggings":1,"minecraft:wheat_seeds":209,"minecraft:red_sand":1,"minecraft:creeper_spawn_egg":1,"minecraft:netherite_sword":1,"minecraft:raw_gold":17,"minecraft:cooked_chicken":2,"minecraft:enchanted_golden_apple":10,"minecraft:diamond_helmet":1,"minecraft:glass_bottle":4,"minecraft:chest":1,"minecraft:raw_iron":20,"minecraft:copper_ingot":64,"minecraft:torch":4,"minecraft:redstone":53,"minecraft:rotten_flesh":5,"minecraft:arrow":64,"minecraft:diamond_chestplate":1,"minecraft:diamond":28,"minecraft:diamond_boots":1,"minecraft:golden_apple":2,"minecraft:mangrove_roots":14,"minecraft:totem_of_undying":1,"minecraft:baked_potato":1,"minecraft:blaze_rod":2,"minecraft:chorus_fruit":2,"minecraft:coal":13,"minecraft:pink_dye":10,"minecraft:cobblestone":80,"minecraft:diamond_pickaxe":1},"minecraft:used":{"minecraft:netherite_sword":65,"minecraft:chorus_fruit":1,"minecraft:oak_sign":15,"minecraft:chest":3,"minecraft:redstone_block":2,"minecraft:cooked_chicken":5,"minecraft:iron_chestplate":1,"minecraft:torch":18,"minecraft:dirt":2,"minecraft:creeper_spawn_egg":105,"minecraft:oak_log":316,"minecraft:diamond_pickaxe":174,"minecraft:light_blue_bed":3,"minecraft:totem_of_undying":1,"minecraft:diamond_sword":63,"minecraft:potion":3,"minecraft:bow":24,"minecraft:purple_bed":2,"minecraft:cooked_beef":16,"minecraft:enchanted_golden_apple":10},"minecraft:killed":{"minecraft:spider":1,"minecraft:creeper":1,"minecraft:zombie":6},"minecraft:dropped":{"minecraft:cooked_beef":51,"minecraft:blaze_rod":1,"minecraft:pink_dye":6,"minecraft:lime_dye":3,"minecraft:copper_ingot":128,"minecraft:paper":3}},"DataVersion":3700}