{"stats":{"minecraft:custom":{"minecraft:open_chest":6,"minecraft:time_since_rest":27447,"minecraft:deaths":1,"minecraft:play_time":37853,"minecraft:crouch_one_cm":6,"minecraft:sprint_one_cm":33572,"minecraft:damage_taken":1120,"minecraft:walk_one_cm":29596,"minecraft:sneak_time":23,"minecraft:drop":1,"minecraft:jump":100,"minecraft:leave_game":4,"minecraft:time_since_death":27250,"minecraft:total_world_time":37853,"minecraft:fall_one_cm":12692,"minecraft:fly_one_cm":20652},"minecraft:crafted":{"minecraft:crafting_table":1,"minecraft:spruce_planks":160},"minecraft:picked_up":{"minecraft:leather_chestplate":1,"minecraft:leather_boots":1,"minecraft:stone_sword":1,"minecraft:leather_leggings":1,"minecraft:paper":2,"minecraft:leather_helmet":1},"minecraft:dropped":{"minecraft:paper":1},"minecraft:used":{"minecraft:leather_leggings":1,"minecraft:leather_helmet":1,"minecraft:leather_chestplate":1,"minecraft:cooked_beef":1,"minecraft:leather_boots":1}},"DataVersion":3700}