{"stats":{"minecraft:custom":{"minecraft:time_since_rest":84385,"minecraft:damage_taken":136690,"minecraft:sprint_one_cm":1081348,"minecraft:walk_one_cm":583161,"minecraft:damage_absorbed":72481,"minecraft:damage_dealt":49709,"minecraft:damage_dealt_absorbed":38122,"minecraft:player_kills":88,"minecraft:fly_one_cm":241077,"minecraft:crouch_one_cm":11045,"minecraft:play_time":6273081,"minecraft:deaths":72,"minecraft:sneak_time":7618,"minecraft:walk_under_water_one_cm":20160,"minecraft:jump":3278,"minecraft:leave_game":406,"minecraft:time_since_death":84380,"minecraft:walk_on_water_one_cm":34812,"minecraft:total_world_time":6273081,"minecraft:climb_one_cm":3767,"minecraft:fish_caught":1,"minecraft:fall_one_cm":26480},"minecraft:picked_up":{"minecraft:fishing_rod":1,"minecraft:raw_iron":10,"minecraft:cooked_beef":8,"minecraft:sweet_berries":3,"minecraft:salmon":1,"minecraft:torch":66,"minecraft:diamond_sword":3,"minecraft:potion":1,"minecraft:sand":3,"minecraft:grass_block":64,"minecraft:carrot":1,"minecraft:redstone":10,"minecraft:lapis_lazuli":26,"minecraft:spider_eye":1,"minecraft:dirt":53,"minecraft:raw_copper":22,"minecraft:diamond_shovel":1,"minecraft:rotten_flesh":2,"minecraft:bow":1,"minecraft:wheat_seeds":1,"minecraft:raw_gold":1,"minecraft:granite":10,"minecraft:totem_of_undying":12,"minecraft:glass_bottle":1,"minecraft:chest":1,"minecraft:oak_planks":705,"minecraft:coal":7,"minecraft:cobblestone":453,"minecraft:diamond_pickaxe":3},"minecraft:killed_by":{"minecraft:player":61,"minecraft:creeper":1,"minecraft:zombie":2},"minecraft:used":{"minecraft:diamond_pickaxe":861,"minecraft:diamond_shovel":39,"minecraft:oak_planks":8,"minecraft:totem_of_undying":31,"minecraft:diamond_sword":3365,"minecraft:fishing_rod":33,"minecraft:dirt":25,"minecraft:cobblestone":151},"minecraft:mined":{"minecraft:deepslate_redstone_ore":12,"minecraft:birch_leaves":1,"minecraft:andesite":1,"minecraft:mangrove_roots":1,"minecraft:deepslate_lapis_ore":20,"minecraft:granite":5,"minecraft:short_grass":6,"minecraft:grass_block":27,"minecraft:coal_ore":2,"minecraft:deepslate_iron_ore":19,"minecraft:sand":3,"minecraft:dirt":24,"minecraft:glass":12,"minecraft:cobblestone":22,"minecraft:deepslate_coal_ore":13,"minecraft:spruce_leaves":1,"minecraft:stone":636,"minecraft:deepslate_gold_ore":5,"minecraft:oak_planks":1,"minecraft:deepslate_copper_ore":15}},"DataVersion":3700}