{"stats":{"minecraft:crafted":{"minecraft:wooden_sword":1,"minecraft:cobblestone_slab":462,"minecraft:diamond_sword":2,"minecraft:golden_chestplate":1,"minecraft:crafting_table":1,"minecraft:spruce_planks":64,"minecraft:wooden_pickaxe":1,"minecraft:iron_helmet":1,"minecraft:stone_axe":1,"minecraft:bread":55,"minecraft:iron_boots":1,"minecraft:iron_chestplate":2,"minecraft:golden_leggings":1,"minecraft:shield":1,"minecraft:iron_axe":1,"minecraft:stick":48,"minecraft:iron_pickaxe":1,"minecraft:stone_pickaxe":1,"minecraft:iron_leggings":1,"minecraft:shears":1,"minecraft:golden_helmet":1,"minecraft:golden_sword":2,"minecraft:golden_boots":1},"minecraft:mined":{"minecraft:deepslate_redstone_ore":1,"minecraft:deepslate_diamond_ore":3,"minecraft:mangrove_roots":1,"minecraft:deepslate_coal_ore":9,"minecraft:deepslate_gold_ore":8,"minecraft:deepslate_iron_ore":26,"minecraft:stone":56},"minecraft:custom":{"minecraft:interact_with_furnace":20,"minecraft:mob_kills":25,"minecraft:interact_with_anvil":1,"minecraft:interact_with_crafting_table":31,"minecraft:leave_game":9,"minecraft:time_since_death":11681,"minecraft:climb_one_cm":2133,"minecraft:damage_resisted":110,"minecraft:time_since_rest":11713,"minecraft:sprint_one_cm":339300,"minecraft:damage_absorbed":322,"minecraft:damage_taken":5525,"minecraft:walk_one_cm":225794,"minecraft:damage_blocked_by_shield":280,"minecraft:drop":111,"minecraft:damage_dealt":3886,"minecraft:interact_with_beacon":1,"minecraft:swim_one_cm":1746,"minecraft:player_kills":1,"minecraft:fly_one_cm":415405,"minecraft:open_chest":17,"minecraft:crouch_one_cm":26960,"minecraft:play_time":141209,"minecraft:deaths":10,"minecraft:sneak_time":11979,"minecraft:walk_under_water_one_cm":2145,"minecraft:jump":1849,"minecraft:walk_on_water_one_cm":902,"minecraft:total_world_time":141209,"minecraft:fall_one_cm":41718},"minecraft:killed":{"minecraft:endermite":7,"minecraft:pillager":15},"minecraft:killed_by":{"minecraft:player":9},"minecraft:picked_up":{"minecraft:leather_chestplate":4,"minecraft:chainmail_boots":2,"minecraft:leather_leggings":4,"minecraft:leather":32,"minecraft:wooden_pickaxe":1,"minecraft:diamond_sword":1,"minecraft:chainmail_chestplate":1,"minecraft:white_banner":5,"minecraft:leather_boots":4,"minecraft:bow":1,"minecraft:raw_gold":28,"minecraft:spruce_planks":77,"minecraft:stone_pickaxe":3,"minecraft:poppy":1,"minecraft:enchanted_golden_apple":6,"minecraft:iron_sword":2,"minecraft:iron_boots":7,"minecraft:raw_iron":89,"minecraft:redstone":5,"minecraft:leather_helmet":3,"minecraft:stone_sword":1,"minecraft:diamond":3,"minecraft:crossbow":2,"minecraft:mangrove_roots":6,"minecraft:bread":39,"minecraft:chainmail_helmet":1,"minecraft:coal":46,"minecraft:cobblestone":238,"minecraft:diamond_pickaxe":3},"minecraft:dropped":{"minecraft:bread":26,"minecraft:iron_ingot":1,"minecraft:iron_sword":1,"minecraft:stone_axe":1,"minecraft:mangrove_roots":6,"minecraft:stone_sword":5,"minecraft:glass_bottle":6,"minecraft:crafting_table":1,"minecraft:raw_iron":24,"minecraft:crossbow":1,"minecraft:cobblestone":1,"minecraft:iron_boots":7,"minecraft:enchanted_golden_apple":4,"minecraft:leather":32,"minecraft:leather_helmet":7,"minecraft:chainmail_chestplate":1,"minecraft:stick":1,"minecraft:diamond_sword":5,"minecraft:leather_chestplate":8,"minecraft:shield":1,"minecraft:spruce_planks":41,"minecraft:diamond_pickaxe":2,"minecraft:iron_chestplate":1,"minecraft:leather_boots":8,"minecraft:chainmail_boots":2,"minecraft:leather_leggings":8,"minecraft:wooden_sword":1,"minecraft:white_banner":4,"minecraft:iron_axe":1,"minecraft:bow":1,"minecraft:stone_pickaxe":3,"minecraft:wooden_pickaxe":2,"minecraft:raw_gold":7,"minecraft:redstone":5},"minecraft:used":{"minecraft:golden_boots":9,"minecraft:leather_leggings":31,"minecraft:stone_sword":53,"minecraft:stone_pickaxe":54,"minecraft:wooden_pickaxe":7,"minecraft:shield":4,"minecraft:leather_chestplate":10,"minecraft:iron_sword":34,"minecraft:leather_boots":12,"minecraft:chainmail_chestplate":1,"minecraft:golden_chestplate":7,"minecraft:diamond_pickaxe":43,"minecraft:iron_axe":3,"minecraft:bread":41,"minecraft:leather_helmet":6,"minecraft:iron_boots":2,"minecraft:golden_leggings":26,"minecraft:golden_helmet":3,"minecraft:diamond_sword":1,"minecraft:chainmail_boots":1,"minecraft:enchanted_golden_apple":2}},"DataVersion":3700}