{"stats":{"minecraft:picked_up":{"minecraft:crafting_table":1,"minecraft:cooked_beef":6,"minecraft:sweet_berries":12,"minecraft:carrot":1,"minecraft:redstone":5,"minecraft:arrow":2,"minecraft:bone":2,"minecraft:rotten_flesh":15,"minecraft:diamond_pickaxe":1},"minecraft:killed":{"minecraft:skeleton":1,"minecraft:pillager":1,"minecraft:zombie":13,"minecraft:zombie_villager":1},"minecraft:dropped":{"minecraft:leather_chestplate":1,"minecraft:leather_boots":1,"minecraft:leather_leggings":1},"minecraft:mined":{"minecraft:deepslate_redstone_ore":1,"minecraft:crafting_table":1},"minecraft:killed_by":{"minecraft:iron_golem":3,"minecraft:skeleton":1,"minecraft:zombie":3},"minecraft:used":{"minecraft:diamond_pickaxe":1,"minecraft:leather_leggings":5,"minecraft:diamond_boots":1,"minecraft:baked_potato":6,"minecraft:leather_helmet":4,"minecraft:leather_chestplate":5,"minecraft:iron_sword":56,"minecraft:diamond_axe":1,"minecraft:leather_boots":5,"minecraft:rotten_flesh":7,"minecraft:diamond_chestplate":1,"minecraft:sweet_berries":12,"minecraft:crafting_table":1,"minecraft:carrot":1,"minecraft:diamond_helmet":1,"minecraft:cooked_beef":6,"minecraft:diamond_leggings":1},"minecraft:custom":{"minecraft:time_since_rest":21616,"minecraft:sprint_one_cm":272502,"minecraft:open_enderchest":1,"minecraft:damage_taken":2616,"minecraft:walk_one_cm":100633,"minecraft:mob_kills":17,"minecraft:drop":3,"minecraft:damage_dealt":2794,"minecraft:swim_one_cm":4489,"minecraft:interact_with_crafting_table":3,"minecraft:fly_one_cm":87868,"minecraft:open_chest":1,"minecraft:crouch_one_cm":463,"minecraft:play_time":44554,"minecraft:deaths":7,"minecraft:sneak_time":254,"minecraft:walk_under_water_one_cm":1145,"minecraft:interact_with_lectern":3,"minecraft:jump":403,"minecraft:leave_game":3,"minecraft:time_since_death":21586,"minecraft:walk_on_water_one_cm":1105,"minecraft:climb_one_cm":1934,"minecraft:total_world_time":44554,"minecraft:fall_one_cm":6557},"minecraft:broken":{"minecraft:leather_helmet":1},"minecraft:crafted":{"minecraft:oak_planks":66,"minecraft:diamond_sword":1,"minecraft:diamond_helmet":1,"minecraft:diamond_leggings":1,"minecraft:diamond_axe":1,"minecraft:crafting_table":1,"minecraft:stick":8,"minecraft:diamond_boots":1,"minecraft:diamond_shovel":1,"minecraft:diamond_chestplate":1}},"DataVersion":3700}