{"stats":{"minecraft:custom":{"minecraft:interact_with_crafting_table":140,"minecraft:open_barrel":18,"minecraft:bell_ring":16,"minecraft:leave_game":52,"minecraft:time_since_death":299251,"minecraft:damage_blocked_by_shield":13582,"minecraft:play_time":6079690,"minecraft:deaths":649,"minecraft:jump":130770,"minecraft:interact_with_furnace":167,"minecraft:play_record":4,"minecraft:traded_with_villager":15,"minecraft:sleep_in_bed":7,"minecraft:damage_dealt":509253,"minecraft:interact_with_smoker":2,"minecraft:horse_one_cm":3120,"minecraft:interact_with_smithing_table":12,"minecraft:interact_with_anvil":104,"minecraft:inspect_hopper":4,"minecraft:damage_dealt_absorbed":90512,"minecraft:target_hit":48,"minecraft:sneak_time":249652,"minecraft:interact_with_lectern":5,"minecraft:interact_with_blast_furnace":139,"minecraft:total_world_time":6079690,"minecraft:interact_with_stonecutter":1,"minecraft:time_since_rest":299276,"minecraft:swim_one_cm":863532,"minecraft:fly_one_cm":24058824,"minecraft:open_chest":2197,"minecraft:fish_caught":9,"minecraft:fall_one_cm":2503968,"minecraft:animals_bred":9,"minecraft:open_shulker_box":55,"minecraft:damage_resisted":161743,"minecraft:sprint_one_cm":13896821,"minecraft:drop":1970,"minecraft:talked_to_villager":17,"minecraft:walk_on_water_one_cm":263586,"minecraft:open_enderchest":216,"minecraft:player_kills":311,"minecraft:crouch_one_cm":537455,"minecraft:mob_kills":2098,"minecraft:damage_dealt_resisted":46319,"minecraft:climb_one_cm":194194,"minecraft:walk_one_cm":14860770,"minecraft:walk_under_water_one_cm":539026,"minecraft:boat_one_cm":347019,"minecraft:interact_with_grindstone":1,"minecraft:damage_taken":341915,"minecraft:damage_absorbed":71431,"minecraft:trigger_trapped_chest":17,"minecraft:aviate_one_cm":867691},"minecraft:killed_by":{"minecraft:zombie_villager":1,"minecraft:pillager":2,"minecraft:zombie":23,"minecraft:husk":8,"minecraft:warden":3,"minecraft:creeper":2,"minecraft:drowned":1,"minecraft:witch":6,"minecraft:player":334,"minecraft:spider":3,"minecraft:iron_golem":1,"minecraft:skeleton":10},"minecraft:mined":{"minecraft:white_bed":4,"minecraft:obsidian":4,"minecraft:granite":3,"minecraft:acacia_log":221,"minecraft:stone_brick_wall":3,"minecraft:oak_pressure_plate":1,"minecraft:deepslate_bricks":2,"minecraft:chiseled_stone_bricks":1,"minecraft:magma_block":16,"minecraft:cobbled_deepslate":16,"minecraft:deepslate_lapis_ore":1199,"minecraft:oak_stairs":2,"minecraft:kelp_plant":9,"minecraft:smoker":1,"minecraft:amethyst_cluster":3,"minecraft:torch":10,"minecraft:blast_furnace":5,"minecraft:amethyst_block":1,"minecraft:cyan_wool":1,"minecraft:wheat":1487,"minecraft:stone_brick_stairs":6,"minecraft:copper_block":13,"minecraft:smooth_basalt":3,"minecraft:stonecutter":1,"minecraft:red_mushroom_block":1,"minecraft:deepslate":1121,"minecraft:mossy_cobblestone":5,"minecraft:dark_oak_log":1610,"minecraft:end_stone":41,"minecraft:kelp":2,"minecraft:diamond_block":2,"minecraft:potatoes":3720,"minecraft:stone_brick_slab":3,"minecraft:short_grass":133,"minecraft:copper_ore":3,"minecraft:tall_grass":1,"minecraft:deepslate_gold_ore":749,"minecraft:diorite":33,"minecraft:coarse_dirt":1,"minecraft:gravel":73,"minecraft:cobweb":2,"minecraft:oak_button":2,"minecraft:stone_bricks":4,"minecraft:deepslate_emerald_ore":16,"minecraft:grass_block":67,"minecraft:iron_ore":15,"minecraft:deepslate_redstone_ore":1690,"minecraft:calcite":1,"minecraft:beacon":1,"minecraft:chest":10,"minecraft:cobblestone":345,"minecraft:oak_planks":1,"minecraft:wall_torch":4,"minecraft:deepslate_copper_ore":766,"minecraft:mossy_stone_brick_wall":1,"minecraft:birch_log":241,"minecraft:orange_tulip":1,"minecraft:oak_log":241,"minecraft:sand":19,"minecraft:dirt":60,"minecraft:netherrack":130,"minecraft:oak_leaves":4,"minecraft:emerald_block":1,"minecraft:tuff":417,"minecraft:dark_oak_leaves":1,"minecraft:deepslate_diamond_ore":1162,"minecraft:oak_door":12,"minecraft:mangrove_roots":234,"minecraft:bamboo_door":8,"minecraft:rooted_dirt":12,"minecraft:hay_block":16,"minecraft:furnace":4,"minecraft:carrots":1,"minecraft:chiseled_deepslate":157,"minecraft:gold_block":2,"minecraft:deepslate_iron_ore":2233,"minecraft:stone":17839,"minecraft:oak_fence":1,"minecraft:crafting_table":2,"minecraft:deepslate_coal_ore":1491,"minecraft:bee_nest":1,"minecraft:coal_ore":85,"minecraft:cracked_stone_bricks":3,"minecraft:mossy_stone_bricks":1},"minecraft:dropped":{"minecraft:iron_sword":34,"minecraft:porkchop":3,"minecraft:lapis_lazuli":1756,"minecraft:oak_pressure_plate":1,"minecraft:cooked_beef":1664,"minecraft:emerald_ore":1,"minecraft:glass_bottle":104,"minecraft:diamond":122,"minecraft:sandstone_stairs":2,"minecraft:crossbow":11,"minecraft:rooted_dirt":43,"minecraft:cracked_stone_bricks":1,"minecraft:elytra":5,"minecraft:leather_helmet":7,"minecraft:sentry_armor_trim_smithing_template":1,"minecraft:light_weighted_pressure_plate":5,"minecraft:emerald":335,"minecraft:gold_block":7,"minecraft:dirt":11,"minecraft:netherite_boots":6,"minecraft:chain":2,"minecraft:gold_nugget":2,"minecraft:writable_book":2,"minecraft:bone_meal":6,"minecraft:phantom_membrane":2,"minecraft:sand":429,"minecraft:iron_pickaxe":1,"minecraft:dark_oak_planks":8,"minecraft:fishing_rod":3,"minecraft:white_wool":2,"minecraft:bone":68,"minecraft:goat_horn":1,"minecraft:lever":1,"minecraft:diamond_block":506,"minecraft:cooked_chicken":18,"minecraft:cobbled_deepslate":1595,"minecraft:pink_dye":32,"minecraft:netherite_sword":18,"minecraft:wheat":53,"minecraft:rotten_flesh":58,"minecraft:oak_planks":47,"minecraft:enchanted_golden_apple":81,"minecraft:bamboo_door":3,"minecraft:end_stone":136,"minecraft:warped_sign":1,"minecraft:quartz_bricks":2,"minecraft:white_bed":1,"minecraft:yellow_stained_glass_pane":1,"minecraft:quartz_block":1,"minecraft:leather_boots":6,"minecraft:leather_leggings":7,"minecraft:spruce_slab":1,"minecraft:end_stone_bricks":13,"minecraft:glass":1,"minecraft:crying_obsidian":1,"minecraft:ghast_tear":27,"minecraft:stone_brick_stairs":6,"minecraft:dead_tube_coral_block":54,"minecraft:iron_ingot":77,"minecraft:netherite_pickaxe":8,"minecraft:black_dye":16,"minecraft:wheat_seeds":80,"minecraft:copper_block":1,"minecraft:dripstone_block":1,"minecraft:netherite_chestplate":6,"minecraft:netherite_helmet":10,"minecraft:oak_fence":1,"minecraft:cobblestone":4970,"minecraft:book":6,"minecraft:spruce_door":24,"minecraft:chainmail_helmet":3,"minecraft:coal":879,"minecraft:golden_apple":2,"minecraft:coal_block":43,"minecraft:end_rod":1,"minecraft:warped_trapdoor":1,"minecraft:cobweb":1,"minecraft:sponge":12,"minecraft:cooked_salmon":9,"minecraft:diamond_helmet":23,"minecraft:potion":30,"minecraft:oak_stairs":2,"minecraft:white_banner":16,"minecraft:chainmail_leggings":2,"minecraft:paper":10,"minecraft:string":13,"minecraft:stone_brick_slab":6,"minecraft:purpur_pillar":12,"minecraft:furnace":3,"minecraft:player_head":2,"minecraft:netherite_ingot":1,"minecraft:stone_sword":10,"minecraft:experience_bottle":42,"minecraft:slime_block":2,"minecraft:diamond_sword":78,"minecraft:light_blue_dye":2,"minecraft:potato":142,"minecraft:diamond_pickaxe":10,"minecraft:stone_bricks":4,"minecraft:sandstone":15,"minecraft:bow":42,"minecraft:purple_candle":2,"minecraft:moss_block":2,"minecraft:birch_planks":96,"minecraft:diamond_axe":3,"minecraft:oak_log":113,"minecraft:ender_pearl":3,"minecraft:sandstone_slab":1,"minecraft:leather":6,"minecraft:creeper_banner_pattern":2,"minecraft:flint":9,"minecraft:cracked_polished_blackstone_bricks":2,"minecraft:dark_oak_log":153,"minecraft:mutton":1,"minecraft:cooked_cod":6,"minecraft:amethyst_shard":4,"minecraft:wet_sponge":1,"minecraft:polished_blackstone_bricks":2,"minecraft:birch_log":125,"minecraft:gold_ingot":64,"minecraft:gravel":78,"minecraft:mangrove_roots":32,"minecraft:warped_hanging_sign":1,"minecraft:cooked_mutton":66,"minecraft:carrot":11,"minecraft:chainmail_chestplate":1,"minecraft:poppy":9,"minecraft:leather_chestplate":5,"minecraft:gunpowder":63,"minecraft:glowstone":1,"minecraft:birch_door":1,"minecraft:chest":34,"minecraft:chainmail_boots":1,"minecraft:arrow":309,"minecraft:written_book":3,"minecraft:splash_potion":29,"minecraft:netherrack":4,"minecraft:firework_rocket":133,"minecraft:water_bucket":5,"minecraft:bread":56,"minecraft:smithing_table":1,"minecraft:diamond_leggings":29,"minecraft:poisonous_potato":65,"minecraft:netherite_axe":2,"minecraft:prismarine_shard":1,"minecraft:copper_ingot":138,"minecraft:acacia_log":114,"minecraft:stick":144,"minecraft:iron_block":65,"minecraft:torch":134,"minecraft:stonecutter":5,"minecraft:pink_petals":2,"minecraft:tripwire_hook":6,"minecraft:bucket":5,"minecraft:redstone_block":1,"minecraft:dandelion":1,"minecraft:smooth_basalt":1,"minecraft:redstone":2583,"minecraft:anvil":2,"minecraft:blaze_rod":6,"minecraft:raw_copper":1808,"minecraft:tuff":479,"minecraft:raw_iron":676,"minecraft:wither_skeleton_skull":3,"minecraft:totem_of_undying":15,"minecraft:netherite_leggings":8,"minecraft:deepslate_bricks":2,"minecraft:filled_map":3,"minecraft:shield":3,"minecraft:diamond_chestplate":33,"minecraft:iron_chestplate":2,"minecraft:golden_sword":21,"minecraft:diamond_boots":26,"minecraft:slime_ball":30,"minecraft:stone_pickaxe":1,"minecraft:raw_gold":297,"minecraft:calcite":1},"minecraft:broken":{"minecraft:diamond_helmet":46,"minecraft:iron_chestplate":1,"minecraft:netherite_chestplate":1,"minecraft:chainmail_boots":1,"minecraft:netherite_leggings":1,"minecraft:netherite_helmet":1,"minecraft:chainmail_leggings":1,"minecraft:diamond_leggings":35,"minecraft:chainmail_helmet":1,"minecraft:iron_pickaxe":1,"minecraft:netherite_boots":1,"minecraft:diamond_boots":42,"minecraft:chainmail_chestplate":1,"minecraft:stone_axe":1,"minecraft:diamond_chestplate":33,"minecraft:leather_chestplate":2},"minecraft:killed":{"minecraft:cave_spider":4,"minecraft:cod":16,"minecraft:shulker":13,"minecraft:skeleton":20,"minecraft:cat":8,"minecraft:iron_golem":3,"minecraft:pillager":83,"minecraft:donkey":1,"minecraft:zombie":273,"minecraft:endermite":37,"minecraft:zoglin":2,"minecraft:horse":4,"minecraft:warden":2,"minecraft:husk":17,"minecraft:polar_bear":16,"minecraft:enderman":65,"minecraft:witch":4,"minecraft:spider":19,"minecraft:wither":1,"minecraft:wolf":1,"minecraft:pig":4,"minecraft:zombie_villager":1,"minecraft:creeper":5,"minecraft:sheep":6,"minecraft:ghast":19,"minecraft:blaze":3,"minecraft:slime":65,"minecraft:phantom":3,"minecraft:drowned":1,"minecraft:bat":13,"minecraft:squid":1,"minecraft:wither_skeleton":1268},"minecraft:crafted":{"minecraft:orange_stained_glass":8,"minecraft:glass":32,"minecraft:netherite_boots":2,"minecraft:pink_stained_glass":8,"minecraft:emerald":72,"minecraft:smithing_table":1,"minecraft:copper_ingot":363,"minecraft:iron_pickaxe":2,"minecraft:iron_block":141,"minecraft:gold_ingot":440,"minecraft:sandstone":16,"minecraft:bone_meal":128,"minecraft:stone_pickaxe":1,"minecraft:redstone_block":455,"minecraft:dark_oak_planks":2068,"minecraft:coal_block":36,"minecraft:netherite_pickaxe":1,"minecraft:enchanted_book":15,"minecraft:red_stained_glass":8,"minecraft:oak_planks":84,"minecraft:dark_oak_boat":1,"minecraft:stone":361,"minecraft:bow":3,"minecraft:chest":4,"minecraft:netherite_upgrade_smithing_template":6,"minecraft:golden_sword":2,"minecraft:raw_iron_block":35,"minecraft:crafting_table":4,"minecraft:spruce_planks":32,"minecraft:wooden_pickaxe":1,"minecraft:gold_block":103,"minecraft:birch_planks":64,"minecraft:iron_chestplate":1,"minecraft:diamond_pickaxe":2,"minecraft:stick":152,"minecraft:iron_ingot":834,"minecraft:oak_door":3,"minecraft:raw_iron":315,"minecraft:fishing_rod":1,"minecraft:furnace":6,"minecraft:diamond_block":308,"minecraft:netherite_leggings":1,"minecraft:iron_axe":1,"minecraft:cooked_cod":5,"minecraft:bone_block":14,"minecraft:nether_star":1,"minecraft:iron_sword":1,"minecraft:stone_axe":2,"minecraft:air":0,"minecraft:black_stained_glass":8,"minecraft:anvil":2,"minecraft:torch":248,"minecraft:lapis_block":329},"minecraft:used":{"minecraft:writable_book":4,"minecraft:chiseled_deepslate":317,"minecraft:spruce_slab":9,"minecraft:elytra":3,"minecraft:chest":14,"minecraft:warped_sign":8,"minecraft:rotten_flesh":30,"minecraft:soul_sand":16,"minecraft:music_disc_relic":2,"minecraft:grass_block":247,"minecraft:quartz_block":12,"minecraft:netherite_boots":7,"minecraft:bow":938,"minecraft:dark_oak_boat":2,"minecraft:furnace":7,"minecraft:cooked_cod":5,"minecraft:egg":1,"minecraft:potato":40,"minecraft:emerald_ore":2,"minecraft:leather_leggings":1,"minecraft:red_stained_glass":4,"minecraft:chorus_fruit":1,"minecraft:leather_chestplate":3,"minecraft:wooden_pickaxe":6,"minecraft:golden_apple":3,"minecraft:sand":35,"minecraft:netherite_helmet":8,"minecraft:crying_obsidian":57,"minecraft:diamond_sword":8198,"minecraft:smithing_table":1,"minecraft:pink_stained_glass":8,"minecraft:stone_sword":12,"minecraft:cooked_salmon":1,"minecraft:netherrack":10,"minecraft:orange_stained_glass":8,"minecraft:torch":141,"minecraft:iron_axe":6,"minecraft:rooted_dirt":12,"minecraft:totem_of_undying":6,"minecraft:smooth_basalt":2,"minecraft:diamond_chestplate":83,"minecraft:glowstone":11,"minecraft:lime_concrete":24,"minecraft:warped_stairs":1,"minecraft:goat_horn":8,"minecraft:cobbled_deepslate":69,"minecraft:calcite":1,"minecraft:wheat_seeds":1,"minecraft:water_bucket":49,"minecraft:sandstone_stairs":2,"minecraft:warped_hanging_sign":3,"minecraft:lime_wool":76,"minecraft:leather_boots":7,"minecraft:deepslate_bricks":55,"minecraft:polished_blackstone_bricks":81,"minecraft:salmon":1,"minecraft:mossy_cobblestone":5,"minecraft:diamond_block":30,"minecraft:crafting_table":5,"minecraft:red_bed":2,"minecraft:white_bed":1,"minecraft:cod":11,"minecraft:lime_shulker_box":18,"minecraft:light":12,"minecraft:diamond_pickaxe":1047,"minecraft:warped_trapdoor":1,"minecraft:oak_button":5,"minecraft:iron_pickaxe":253,"minecraft:leather_helmet":1,"minecraft:cobblestone":545,"minecraft:potion":76,"minecraft:porkchop":3,"minecraft:sandstone_slab":4,"minecraft:diamond_leggings":75,"minecraft:purple_candle":13,"minecraft:shield":171,"minecraft:iron_sword":147,"minecraft:player_head":45,"minecraft:green_terracotta":11,"minecraft:carrot":10,"minecraft:tuff":13,"minecraft:music_disc_11":1,"minecraft:green_wool":10,"minecraft:stone_bricks":14,"minecraft:golden_sword":14,"minecraft:magma_block":3,"minecraft:written_book":8,"minecraft:mangrove_roots":5,"minecraft:end_rod":8,"minecraft:diamond_boots":144,"minecraft:wither_skeleton_skull":5,"minecraft:stone_pickaxe":40,"minecraft:ender_pearl":17,"minecraft:sandstone":1,"minecraft:chainmail_helmet":1,"minecraft:diamond_axe":352,"minecraft:white_wool":11,"minecraft:netherite_leggings":8,"minecraft:crossbow":3,"minecraft:end_stone":490,"minecraft:firework_rocket":25,"minecraft:bread":163,"minecraft:chain":43,"minecraft:bone_meal":7,"minecraft:experience_bottle":1202,"minecraft:netherite_sword":2805,"minecraft:music_disc_otherside":1,"minecraft:flint_and_steel":13,"minecraft:cooked_chicken":19,"minecraft:bamboo_door":7,"minecraft:oak_door":15,"minecraft:dirt":159,"minecraft:spyglass":37,"minecraft:diamond_helmet":90,"minecraft:warped_door":5,"minecraft:black_stained_glass":4,"minecraft:emerald_block":18,"minecraft:netherite_pickaxe":28598,"minecraft:cooked_beef":1176,"minecraft:enchanted_golden_apple":486,"minecraft:quartz_bricks":1,"minecraft:cooked_mutton":64,"minecraft:netherite_chestplate":9,"minecraft:copper_block":13,"minecraft:spruce_sign":4,"minecraft:beacon":1,"minecraft:yellow_stained_glass_pane":1,"minecraft:black_wool":9,"minecraft:apple":2,"minecraft:cracked_polished_blackstone_bricks":25,"minecraft:netherite_axe":2290,"minecraft:stone_axe":89,"minecraft:magenta_banner":22,"minecraft:pink_petals":36,"minecraft:fishing_rod":32,"minecraft:bucket":49,"minecraft:splash_potion":95},"minecraft:picked_up":{"minecraft:wooden_axe":1,"minecraft:iron_chestplate":6,"minecraft:birch_door":1,"minecraft:anvil":1,"minecraft:prismarine_shard":2,"minecraft:diamond_sword":90,"minecraft:smithing_table":1,"minecraft:oak_stairs":2,"minecraft:enchanted_book":3,"minecraft:light":1,"minecraft:golden_sword":20,"minecraft:string":43,"minecraft:cooked_salmon":11,"minecraft:pufferfish":1,"minecraft:diamond_leggings":36,"minecraft:cobbled_deepslate":2092,"minecraft:gold_nugget":1,"minecraft:written_book":3,"minecraft:netherite_upgrade_smithing_template":2,"minecraft:enchanted_golden_apple":197,"minecraft:coal_block":86,"minecraft:acacia_log":338,"minecraft:purpur_pillar":12,"minecraft:bamboo_door":10,"minecraft:warped_door":1,"minecraft:stone_sword":7,"minecraft:iron_block":78,"minecraft:netherite_chestplate":6,"minecraft:blaze_rod":4,"minecraft:birch_log":365,"minecraft:magma_block":27,"minecraft:cooked_beef":2836,"minecraft:water_bucket":4,"minecraft:dark_oak_boat":1,"minecraft:copper_block":87,"minecraft:flint":25,"minecraft:netherite_leggings":9,"minecraft:chipped_anvil":2,"minecraft:stonecutter":5,"minecraft:diamond_helmet":31,"minecraft:glowstone_dust":4,"minecraft:moss_block":2,"minecraft:ink_sac":3,"minecraft:dark_oak_log":1776,"minecraft:quartz_bricks":1,"minecraft:lever":1,"minecraft:writable_book":2,"minecraft:chainmail_helmet":4,"minecraft:bread":557,"minecraft:rooted_dirt":35,"minecraft:diamond_pickaxe":8,"minecraft:crafting_table":2,"minecraft:leather_leggings":4,"minecraft:elytra":4,"minecraft:cracked_stone_bricks":2,"minecraft:netherite_sword":20,"minecraft:music_disc_otherside":2,"minecraft:poppy":8,"minecraft:chest":51,"minecraft:egg":2,"minecraft:stone":130,"minecraft:oak_door":12,"minecraft:carrot":20,"minecraft:redstone":5426,"minecraft:netherite_pickaxe":10,"minecraft:diamond_chestplate":44,"minecraft:cooked_cod":8,"minecraft:deepslate_bricks":3,"minecraft:diamond_boots":40,"minecraft:hay_block":16,"minecraft:sandstone_stairs":1,"minecraft:gold_ingot":329,"minecraft:totem_of_undying":15,"minecraft:mutton":4,"minecraft:white_wool":4,"minecraft:emerald_ore":1,"minecraft:tripwire_hook":2,"minecraft:yellow_dye":1,"minecraft:filled_map":3,"minecraft:oak_log":358,"minecraft:paper":10,"minecraft:white_banner":22,"minecraft:apple":14,"minecraft:stone_bricks":3,"minecraft:kelp":3,"minecraft:stone_pickaxe":1,"minecraft:cobweb":1,"minecraft:glass_bottle":38,"minecraft:iron_sword":109,"minecraft:smooth_basalt":3,"minecraft:spyglass":1,"minecraft:gravel":78,"minecraft:crying_obsidian":1,"minecraft:leather_helmet":4,"minecraft:firework_rocket":125,"minecraft:slime_ball":170,"minecraft:stone_axe":1,"minecraft:diamond_axe":2,"minecraft:oak_button":3,"minecraft:baked_potato":1,"minecraft:pink_dye":27,"minecraft:ender_pearl":39,"minecraft:shulker_shell":4,"minecraft:chiseled_deepslate":156,"minecraft:wheat":1616,"minecraft:redstone_block":28,"minecraft:sentry_armor_trim_smithing_template":1,"minecraft:potion":66,"minecraft:stone_brick_stairs":6,"minecraft:dead_tube_coral_block":36,"minecraft:raw_copper":2844,"minecraft:netherite_ingot":2,"minecraft:experience_bottle":116,"minecraft:deepslate_tiles":2,"minecraft:bucket":5,"minecraft:light_weighted_pressure_plate":8,"minecraft:red_dye":16,"minecraft:calcite":2,"minecraft:iron_pickaxe":2,"minecraft:furnace":4,"minecraft:tipped_arrow":126,"minecraft:stick":154,"minecraft:oak_fence":1,"minecraft:torch":50,"minecraft:porkchop":8,"minecraft:diorite":1,"minecraft:goat_horn":1,"minecraft:quartz_block":1,"minecraft:rotten_flesh":380,"minecraft:mangrove_roots":218,"minecraft:obsidian":17,"minecraft:cod":17,"minecraft:cobblestone":6805,"minecraft:pink_petals":38,"minecraft:leather_chestplate":4,"minecraft:beacon":1,"minecraft:potato":13544,"minecraft:tuff":552,"minecraft:wither_skeleton_skull":53,"minecraft:lapis_lazuli":5834,"minecraft:dirt":179,"minecraft:leather_boots":3,"minecraft:glass":1,"minecraft:bone":1467,"minecraft:bow":26,"minecraft:wheat_seeds":5228,"minecraft:raw_gold":1904,"minecraft:light_blue_dye":7,"minecraft:netherite_axe":2,"minecraft:oak_planks":17,"minecraft:ghast_tear":31,"minecraft:oak_pressure_plate":1,"minecraft:poisonous_potato":74,"minecraft:sand":16,"minecraft:grass_block":64,"minecraft:diamond_block":1404,"minecraft:mossy_cobblestone":5,"minecraft:diamond":3041,"minecraft:slime_block":2,"minecraft:netherite_helmet":10,"minecraft:cracked_polished_blackstone_bricks":1,"minecraft:crossbow":15,"minecraft:bone_meal":8,"minecraft:golden_apple":4,"minecraft:spruce_sign":4,"minecraft:emerald":19,"minecraft:netherrack":37,"minecraft:chorus_fruit":1,"minecraft:nether_star":2,"minecraft:end_stone_bricks":26,"minecraft:splash_potion":21,"minecraft:wooden_pickaxe":1,"minecraft:gold_block":245,"minecraft:chain":1,"minecraft:shield":5,"minecraft:creeper_banner_pattern":2,"minecraft:player_head":7,"minecraft:phantom_membrane":2,"minecraft:raw_iron":2794,"minecraft:end_stone":334,"minecraft:music_disc_relic":2,"minecraft:copper_ingot":86,"minecraft:polished_blackstone_bricks":1,"minecraft:music_disc_11":1,"minecraft:dark_oak_planks":8,"minecraft:purple_candle":1,"minecraft:arrow":443,"minecraft:wet_sponge":1,"minecraft:netherite_boots":6,"minecraft:magenta_banner":1,"minecraft:salmon":1,"minecraft:leather":22,"minecraft:birch_planks":64,"minecraft:chainmail_chestplate":1,"minecraft:gunpowder":74,"minecraft:cooked_mutton":12,"minecraft:iron_ingot":97,"minecraft:book":22,"minecraft:sculk_catalyst":2,"minecraft:stone_brick_slab":6,"minecraft:dandelion":5,"minecraft:dripstone_block":2,"minecraft:amethyst_shard":4,"minecraft:white_bed":3,"minecraft:spider_eye":9,"minecraft:spruce_door":24,"minecraft:lime_dye":3,"minecraft:chainmail_leggings":2,"minecraft:damaged_anvil":1,"minecraft:coal":4148}},"DataVersion":3700}