{"stats":{"minecraft:crafted":{"minecraft:crafting_table":1},"minecraft:custom":{"minecraft:time_since_rest":36534,"minecraft:open_chest":1,"minecraft:damage_taken":105,"minecraft:play_time":36534,"minecraft:sprint_one_cm":32992,"minecraft:walk_one_cm":175320,"minecraft:sneak_time":26,"minecraft:mob_kills":1,"minecraft:drop":60,"minecraft:jump":182,"minecraft:damage_dealt":173,"minecraft:leave_game":3,"minecraft:time_since_death":36534,"minecraft:total_world_time":36534,"minecraft:interact_with_crafting_table":1,"minecraft:fall_one_cm":2564,"minecraft:fly_one_cm":28066},"minecraft:picked_up":{"minecraft:ghast_tear":1,"minecraft:firework_rocket":2,"minecraft:cooked_beef":62,"minecraft:diamond_chestplate":1,"minecraft:diamond_leggings":1,"minecraft:diamond_sword":7,"minecraft:cobbled_deepslate":183,"minecraft:diamond_boots":1,"minecraft:tuff":64,"minecraft:diamond_helmet":1,"minecraft:enchanted_golden_apple":2,"minecraft:gunpowder":1,"minecraft:wither_skeleton_skull":1,"minecraft:oak_planks":14,"minecraft:coal":6},"minecraft:used":{"minecraft:diamond_sword":3,"minecraft:cooked_beef":2},"minecraft:dropped":{"minecraft:diamond_sword":4,"minecraft:gunpowder":1,"minecraft:cobbled_deepslate":55}},"DataVersion":3700}