{"stats":{"minecraft:killed":{"minecraft:slime":23,"minecraft:phantom":1,"minecraft:skeleton":3,"minecraft:chicken":1,"minecraft:pig":3,"minecraft:iron_golem":7,"minecraft:polar_bear":4,"minecraft:sheep":1,"minecraft:zombie":26,"minecraft:ghast":11,"minecraft:cow":1},"minecraft:dropped":{"minecraft:netherite_pickaxe":1,"minecraft:wheat_seeds":2,"minecraft:cooked_beef":45,"minecraft:glass_bottle":5,"minecraft:cobblestone":1,"minecraft:leather":1,"minecraft:leather_helmet":1,"minecraft:cod":4,"minecraft:gold_block":64,"minecraft:iron_block":32,"minecraft:potion":2,"minecraft:wooden_sword":2,"minecraft:white_wool":1,"minecraft:furnace":1,"minecraft:player_head":2,"minecraft:pink_dye":3,"minecraft:rotten_flesh":4,"minecraft:salmon":1,"minecraft:carrot":3,"minecraft:chainmail_chestplate":1,"minecraft:light":2,"minecraft:diamond_sword":2,"minecraft:chainmail_boots":1,"minecraft:leather_leggings":1,"minecraft:diamond_boots":1},"minecraft:picked_up":{"minecraft:wheat":1,"minecraft:chicken":1,"minecraft:clay_ball":452,"minecraft:diamond_sword":3,"minecraft:oak_stairs":1,"minecraft:light":2,"minecraft:raw_copper":146,"minecraft:wooden_sword":2,"minecraft:red_candle":2,"minecraft:oak_sign":10,"minecraft:diamond_leggings":1,"minecraft:beef":2,"minecraft:written_book":4,"minecraft:player_head":3,"minecraft:poppy":11,"minecraft:enchanted_golden_apple":7,"minecraft:chest":3,"minecraft:phantom_membrane":1,"minecraft:furnace":2,"minecraft:dark_oak_door":3,"minecraft:raw_iron":213,"minecraft:oak_door":11,"minecraft:torch":32,"minecraft:music_disc_mellohi":3,"minecraft:porkchop":7,"minecraft:carrot":69,"minecraft:redstone":163,"minecraft:netherite_pickaxe":1,"minecraft:arrow":4,"minecraft:rotten_flesh":25,"minecraft:diamond_boots":2,"minecraft:mangrove_roots":36,"minecraft:mutton":2,"minecraft:cod":4,"minecraft:emerald_ore":1,"minecraft:white_wool":1,"minecraft:cobblestone":570,"minecraft:magma_block":3,"minecraft:cooked_beef":16,"minecraft:salmon":1,"minecraft:leather":1,"minecraft:flint":3,"minecraft:chainmail_chestplate":1,"minecraft:gunpowder":14,"minecraft:lapis_lazuli":830,"minecraft:dirt":183,"minecraft:name_tag":1,"minecraft:red_carpet":2,"minecraft:bone":3,"minecraft:apple":6,"minecraft:wheat_seeds":7,"minecraft:raw_gold":34,"minecraft:light_blue_dye":3,"minecraft:iron_ingot":29,"minecraft:diamond_helmet":1,"minecraft:glass_bottle":1,"minecraft:flowering_azalea":6,"minecraft:oak_planks":4,"minecraft:ghast_tear":6,"minecraft:debug_stick":1,"minecraft:cooked_porkchop":1,"minecraft:pumpkin":11,"minecraft:gravel":24,"minecraft:sand":302,"minecraft:amethyst_shard":26,"minecraft:blast_furnace":2,"minecraft:lime_dye":3,"minecraft:slime_ball":25,"minecraft:diamond":33,"minecraft:emerald":1,"minecraft:diamond_pickaxe":1,"minecraft:coal":264,"minecraft:bricks":147,"minecraft:pink_dye":8,"minecraft:ender_pearl":2},"minecraft:crafted":{"minecraft:brick":186,"minecraft:oak_door":3,"minecraft:oak_planks":180,"minecraft:oak_sign":3,"minecraft:furnace":2,"minecraft:stone":43,"minecraft:diamond_shovel":1,"minecraft:flint_and_steel":1,"minecraft:terracotta":1,"minecraft:dark_oak_door":3,"minecraft:bow":2,"minecraft:iron_hoe":1,"minecraft:chest":5,"minecraft:bricks":43,"minecraft:dark_oak_planks":8,"minecraft:oak_fence":3,"minecraft:flower_pot":4,"minecraft:oak_slab":6,"minecraft:crafting_table":1,"minecraft:spruce_planks":8,"minecraft:iron_sword":1,"minecraft:copper_ingot":457,"minecraft:air":0,"minecraft:stick":28,"minecraft:iron_ingot":386,"minecraft:gold_ingot":34,"minecraft:torch":44,"minecraft:clay":57},"minecraft:custom":{"minecraft:interact_with_anvil":1,"minecraft:mob_kills":81,"minecraft:interact_with_crafting_table":47,"minecraft:leave_game":5,"minecraft:time_since_death":318070,"minecraft:climb_one_cm":12468,"minecraft:sprint_one_cm":1023058,"minecraft:walk_one_cm":1374594,"minecraft:drop":45,"minecraft:play_time":621939,"minecraft:deaths":16,"minecraft:sneak_time":5435,"minecraft:walk_under_water_one_cm":105431,"minecraft:interact_with_lectern":1,"minecraft:jump":4814,"minecraft:interact_with_blast_furnace":74,"minecraft:walk_on_water_one_cm":88604,"minecraft:total_world_time":621939,"minecraft:interact_with_furnace":82,"minecraft:play_record":4,"minecraft:sleep_in_bed":3,"minecraft:time_since_rest":279093,"minecraft:open_enderchest":1,"minecraft:damage_taken":5314,"minecraft:damage_dealt":15181,"minecraft:swim_one_cm":124832,"minecraft:fly_one_cm":2140910,"minecraft:open_chest":175,"minecraft:crouch_one_cm":3202,"minecraft:aviate_one_cm":7956,"minecraft:fall_one_cm":74650,"minecraft:inspect_dispenser":1,"minecraft:horse_one_cm":533106},"minecraft:mined":{"minecraft:large_amethyst_bud":5,"minecraft:oak_door":11,"minecraft:mangrove_roots":36,"minecraft:granite":1,"minecraft:grass_block":21,"minecraft:oak_wall_sign":7,"minecraft:tall_seagrass":1,"minecraft:magma_block":3,"minecraft:furnace":1,"minecraft:carrots":22,"minecraft:pumpkin":11,"minecraft:deepslate_lapis_ore":51,"minecraft:deepslate_iron_ore":112,"minecraft:oak_stairs":1,"minecraft:dirt_path":1,"minecraft:small_amethyst_bud":1,"minecraft:stone":505,"minecraft:deepslate_redstone_ore":25,"minecraft:flowering_azalea":5,"minecraft:amethyst_cluster":13,"minecraft:clay":113,"minecraft:short_grass":27,"minecraft:blast_furnace":1,"minecraft:copper_ore":5,"minecraft:tall_grass":14,"minecraft:cobblestone":105,"minecraft:deepslate_coal_ore":51,"minecraft:deepslate_gold_ore":28,"minecraft:lapis_ore":10,"minecraft:oak_planks":4,"minecraft:bricks":2,"minecraft:wall_torch":22,"minecraft:deepslate_copper_ore":5,"minecraft:seagrass":2,"minecraft:red_candle":2,"minecraft:dark_oak_door":2,"minecraft:wheat":1,"minecraft:coal_ore":106,"minecraft:gravel":27,"minecraft:sand":323,"minecraft:dirt":175,"minecraft:oak_leaves":8},"minecraft:used":{"minecraft:oak_fence":1,"minecraft:flint_and_steel":29,"minecraft:redstone":32,"minecraft:elytra":1,"minecraft:oak_sign":13,"minecraft:chest":6,"minecraft:stone":43,"minecraft:ender_chest":1,"minecraft:iron_sword":2,"minecraft:creeper_head":1,"minecraft:red_nether_brick_stairs":141,"minecraft:player_head":1,"minecraft:cooked_chicken":4,"minecraft:rotten_flesh":1,"minecraft:oak_door":11,"minecraft:debug_stick":50,"minecraft:torch":57,"minecraft:dirt":144,"minecraft:red_nether_brick_slab":239,"minecraft:carrot":81,"minecraft:crimson_hyphae":59,"minecraft:diamond_helmet":3,"minecraft:weeping_vines":33,"minecraft:shroomlight":41,"minecraft:iron_hoe":12,"minecraft:music_disc_mellohi":4,"minecraft:flowering_azalea":6,"minecraft:bricks":190,"minecraft:oak_stairs":1,"minecraft:red_candle":70,"minecraft:totem_of_undying":1,"minecraft:stone_brick_stairs":255,"minecraft:stone_bricks":332,"minecraft:diamond_chestplate":2,"minecraft:red_carpet":323,"minecraft:magma_block":3,"minecraft:bow":19,"minecraft:written_book":4,"minecraft:furnace":3,"minecraft:cooked_beef":8,"minecraft:pumpkin":2,"minecraft:crimson_stem":57,"minecraft:wheat_seeds":5,"minecraft:emerald_ore":1,"minecraft:diamond_boots":2,"minecraft:oak_planks":116,"minecraft:red_nether_bricks":39,"minecraft:black_glazed_terracotta":21,"minecraft:diamond_axe":56,"minecraft:clay":56,"minecraft:sand":1,"minecraft:terracotta":1,"minecraft:oak_slab":3,"minecraft:crafting_table":1,"minecraft:blast_furnace":2,"minecraft:dark_oak_door":4,"minecraft:light":87,"minecraft:flower_pot":4,"minecraft:diamond_pickaxe":1074,"minecraft:firework_rocket":8,"minecraft:diamond_shovel":516,"minecraft:spore_blossom":1,"minecraft:crimson_nylium":127,"minecraft:diamond_sword":193,"minecraft:cobblestone":132,"minecraft:potion":4,"minecraft:cooked_porkchop":1,"minecraft:medium_amethyst_bud":4,"minecraft:splash_potion":9,"minecraft:sculk_vein":1,"minecraft:jukebox":1,"minecraft:diamond_leggings":3}},"DataVersion":3700}