{"stats":{"minecraft:mined":{"minecraft:dark_oak_planks":75,"minecraft:large_amethyst_bud":5,"minecraft:oak_door":11,"minecraft:dark_oak_log":93,"minecraft:mangrove_roots":36,"minecraft:granite":1,"minecraft:grass_block":118,"minecraft:oak_wall_sign":7,"minecraft:tall_seagrass":1,"minecraft:magma_block":3,"minecraft:furnace":1,"minecraft:carrots":32,"minecraft:dark_oak_trapdoor":8,"minecraft:dark_oak_fence_gate":1,"minecraft:andesite":5,"minecraft:pumpkin":11,"minecraft:deepslate_lapis_ore":51,"minecraft:dark_oak_wall_hanging_sign":3,"minecraft:deepslate_iron_ore":112,"minecraft:dirt_path":1,"minecraft:oak_stairs":1,"minecraft:small_amethyst_bud":1,"minecraft:lantern":2,"minecraft:stone":708,"minecraft:deepslate_redstone_ore":25,"minecraft:flowering_azalea":6,"minecraft:stripped_dark_oak_log":12,"minecraft:amethyst_cluster":13,"minecraft:clay":113,"minecraft:torch":5,"minecraft:short_grass":40,"minecraft:blast_furnace":1,"minecraft:tall_grass":38,"minecraft:glass":16,"minecraft:copper_ore":5,"minecraft:cobblestone":111,"minecraft:deepslate_coal_ore":51,"minecraft:lapis_ore":10,"minecraft:deepslate_gold_ore":28,"minecraft:oak_planks":4,"minecraft:bricks":2,"minecraft:wall_torch":36,"minecraft:deepslate_copper_ore":5,"minecraft:seagrass":2,"minecraft:chain":1,"minecraft:red_candle":2,"minecraft:dark_oak_door":2,"minecraft:wheat":10,"minecraft:jungle_fence":1,"minecraft:coal_ore":106,"minecraft:oak_log":39,"minecraft:gravel":27,"minecraft:sand":323,"minecraft:dirt":287,"minecraft:oak_leaves":8},"minecraft:killed":{"minecraft:slime":23,"minecraft:phantom":1,"minecraft:skeleton":4,"minecraft:chicken":1,"minecraft:pig":3,"minecraft:iron_golem":7,"minecraft:polar_bear":4,"minecraft:sheep":1,"minecraft:zombie":28,"minecraft:ghast":11,"minecraft:cow":1},"minecraft:picked_up":{"minecraft:wheat":9,"minecraft:chicken":1,"minecraft:clay_ball":452,"minecraft:lead":2,"minecraft:diamond_sword":3,"minecraft:oak_stairs":1,"minecraft:potion":1,"minecraft:chain":1,"minecraft:light":2,"minecraft:dark_oak_trapdoor":8,"minecraft:raw_copper":146,"minecraft:wooden_sword":2,"minecraft:red_candle":2,"minecraft:oak_sign":10,"minecraft:diamond_leggings":1,"minecraft:beef":2,"minecraft:written_book":4,"minecraft:player_head":3,"minecraft:poppy":11,"minecraft:enchanted_golden_apple":7,"minecraft:chest":4,"minecraft:phantom_membrane":1,"minecraft:furnace":2,"minecraft:dark_oak_door":3,"minecraft:raw_iron":213,"minecraft:oak_door":11,"minecraft:torch":59,"minecraft:music_disc_mellohi":5,"minecraft:porkchop":7,"minecraft:carrot":101,"minecraft:redstone":163,"minecraft:netherite_pickaxe":1,"minecraft:dark_oak_planks":77,"minecraft:rotten_flesh":25,"minecraft:arrow":4,"minecraft:diamond_boots":2,"minecraft:mangrove_roots":36,"minecraft:mutton":2,"minecraft:cod":4,"minecraft:emerald_ore":1,"minecraft:white_wool":1,"minecraft:cobblestone":780,"minecraft:magma_block":3,"minecraft:cooked_beef":78,"minecraft:andesite":5,"minecraft:salmon":1,"minecraft:leather":1,"minecraft:jungle_fence":1,"minecraft:flint":3,"minecraft:oak_log":39,"minecraft:chainmail_chestplate":1,"minecraft:gunpowder":14,"minecraft:lapis_lazuli":830,"minecraft:dirt":392,"minecraft:lantern":2,"minecraft:name_tag":1,"minecraft:red_carpet":2,"minecraft:bone":5,"minecraft:apple":8,"minecraft:wheat_seeds":43,"minecraft:raw_gold":34,"minecraft:light_blue_dye":3,"minecraft:iron_ingot":30,"minecraft:diamond_helmet":1,"minecraft:glass_bottle":1,"minecraft:flowering_azalea":7,"minecraft:oak_planks":4,"minecraft:ghast_tear":6,"minecraft:debug_stick":1,"minecraft:cooked_porkchop":1,"minecraft:pumpkin":11,"minecraft:gravel":24,"minecraft:sand":302,"minecraft:amethyst_shard":26,"minecraft:blast_furnace":2,"minecraft:dark_oak_log":285,"minecraft:dark_oak_fence_gate":1,"minecraft:lime_dye":3,"minecraft:slime_ball":25,"minecraft:diamond":33,"minecraft:dark_oak_hanging_sign":3,"minecraft:bread":21,"minecraft:emerald":1,"minecraft:oak_sapling":1,"minecraft:ender_pearl":2,"minecraft:stripped_dark_oak_log":12,"minecraft:bricks":147,"minecraft:coal":264,"minecraft:pink_dye":8,"minecraft:diamond_pickaxe":1},"minecraft:custom":{"minecraft:mob_kills":84,"minecraft:interact_with_anvil":2,"minecraft:interact_with_crafting_table":67,"minecraft:open_shulker_box":1,"minecraft:leave_game":9,"minecraft:time_since_death":479096,"minecraft:climb_one_cm":12468,"minecraft:sprint_one_cm":1322683,"minecraft:walk_one_cm":1840443,"minecraft:drop":55,"minecraft:play_time":782965,"minecraft:deaths":16,"minecraft:sneak_time":6012,"minecraft:walk_under_water_one_cm":112230,"minecraft:interact_with_lectern":1,"minecraft:jump":5393,"minecraft:interact_with_blast_furnace":76,"minecraft:walk_on_water_one_cm":92184,"minecraft:total_world_time":782965,"minecraft:interact_with_furnace":113,"minecraft:play_record":6,"minecraft:sleep_in_bed":4,"minecraft:time_since_rest":37164,"minecraft:open_enderchest":2,"minecraft:damage_taken":5390,"minecraft:damage_dealt":15719,"minecraft:swim_one_cm":140053,"minecraft:fly_one_cm":2218827,"minecraft:open_chest":294,"minecraft:crouch_one_cm":4439,"minecraft:aviate_one_cm":7956,"minecraft:fall_one_cm":81485,"minecraft:inspect_dispenser":1,"minecraft:horse_one_cm":533106},"minecraft:used":{"minecraft:oak_fence":1,"minecraft:flint_and_steel":29,"minecraft:redstone":32,"minecraft:elytra":1,"minecraft:oak_sign":13,"minecraft:chest":6,"minecraft:ender_chest":1,"minecraft:iron_sword":2,"minecraft:stone":126,"minecraft:creeper_head":1,"minecraft:red_nether_brick_stairs":141,"minecraft:player_head":1,"minecraft:cooked_chicken":4,"minecraft:rotten_flesh":1,"minecraft:debug_stick":50,"minecraft:oak_door":11,"minecraft:torch":80,"minecraft:dirt":215,"minecraft:red_nether_brick_slab":239,"minecraft:carrot":88,"minecraft:crimson_hyphae":59,"minecraft:diamond_helmet":3,"minecraft:weeping_vines":33,"minecraft:glass":128,"minecraft:shroomlight":41,"minecraft:flowering_azalea":6,"minecraft:music_disc_mellohi":6,"minecraft:iron_hoe":12,"minecraft:dark_oak_planks":293,"minecraft:bricks":200,"minecraft:villager_spawn_egg":2,"minecraft:lantern":21,"minecraft:oak_stairs":1,"minecraft:red_candle":70,"minecraft:totem_of_undying":1,"minecraft:stone_brick_stairs":255,"minecraft:stone_bricks":332,"minecraft:diamond_chestplate":2,"minecraft:red_carpet":323,"minecraft:magma_block":3,"minecraft:bow":19,"minecraft:written_book":4,"minecraft:furnace":3,"minecraft:cooked_beef":14,"minecraft:pumpkin":2,"minecraft:crimson_stem":57,"minecraft:emerald_ore":1,"minecraft:wheat_seeds":17,"minecraft:dark_oak_stairs":12,"minecraft:diamond_boots":2,"minecraft:dark_oak_hanging_sign":15,"minecraft:jungle_fence":1,"minecraft:oak_planks":116,"minecraft:red_nether_bricks":39,"minecraft:black_glazed_terracotta":21,"minecraft:diamond_axe":318,"minecraft:clay":56,"minecraft:dark_oak_trapdoor":32,"minecraft:sand":1,"minecraft:terracotta":1,"minecraft:oak_slab":3,"minecraft:crafting_table":1,"minecraft:blast_furnace":2,"minecraft:white_bed":10,"minecraft:dark_oak_fence_gate":12,"minecraft:dark_oak_door":5,"minecraft:light":87,"minecraft:flower_pot":4,"minecraft:diamond_pickaxe":1295,"minecraft:firework_rocket":8,"minecraft:diamond_shovel":698,"minecraft:dark_oak_log":183,"minecraft:spore_blossom":1,"minecraft:crimson_nylium":127,"minecraft:diamond_sword":205,"minecraft:potion":5,"minecraft:cobblestone":132,"minecraft:cooked_porkchop":1,"minecraft:medium_amethyst_bud":4,"minecraft:chain":19,"minecraft:bone_meal":6,"minecraft:splash_potion":9,"minecraft:jukebox":1,"minecraft:diamond_leggings":3,"minecraft:sculk_vein":1},"minecraft:dropped":{"minecraft:bread":21,"minecraft:netherite_pickaxe":1,"minecraft:wheat_seeds":2,"minecraft:cooked_beef":107,"minecraft:glass_bottle":5,"minecraft:cobblestone":2,"minecraft:leather":1,"minecraft:leather_helmet":1,"minecraft:gold_block":64,"minecraft:cod":4,"minecraft:iron_block":32,"minecraft:potion":2,"minecraft:wooden_sword":2,"minecraft:dark_oak_planks":2,"minecraft:white_wool":1,"minecraft:furnace":1,"minecraft:player_head":2,"minecraft:pink_dye":3,"minecraft:rotten_flesh":4,"minecraft:carrot":3,"minecraft:salmon":1,"minecraft:chainmail_chestplate":1,"minecraft:light":2,"minecraft:diamond_sword":2,"minecraft:chest":1,"minecraft:chainmail_boots":1,"minecraft:leather_leggings":1,"minecraft:diamond_boots":1},"minecraft:crafted":{"minecraft:brick":224,"minecraft:oak_door":3,"minecraft:oak_planks":200,"minecraft:oak_sign":3,"minecraft:iron_nugget":342,"minecraft:chain":22,"minecraft:furnace":2,"minecraft:dark_oak_trapdoor":24,"minecraft:stone":126,"minecraft:bone_meal":6,"minecraft:diamond_shovel":1,"minecraft:flint_and_steel":1,"minecraft:dark_oak_hanging_sign":12,"minecraft:glass":173,"minecraft:terracotta":1,"minecraft:dark_oak_door":6,"minecraft:lantern":24,"minecraft:dark_oak_fence":12,"minecraft:bow":2,"minecraft:iron_hoe":1,"minecraft:chest":5,"minecraft:bricks":53,"minecraft:dark_oak_planks":416,"minecraft:oak_fence":3,"minecraft:flower_pot":4,"minecraft:oak_slab":6,"minecraft:dark_oak_stairs":12,"minecraft:crafting_table":1,"minecraft:spruce_planks":8,"minecraft:iron_sword":1,"minecraft:copper_ingot":457,"minecraft:bread":3,"minecraft:air":0,"minecraft:stick":80,"minecraft:iron_ingot":397,"minecraft:gold_ingot":34,"minecraft:dark_oak_fence_gate":11,"minecraft:torch":84,"minecraft:clay":57}},"DataVersion":3700}