{"stats":{"minecraft:killed_by":{"minecraft:zombie":2,"minecraft:warden":11,"minecraft:wither":1,"minecraft:wither_skeleton":6,"minecraft:witch":6,"minecraft:player":149,"minecraft:enderman":1,"minecraft:iron_golem":4,"minecraft:skeleton":2},"minecraft:custom":{"minecraft:interact_with_crafting_table":287,"minecraft:open_barrel":23,"minecraft:bell_ring":10,"minecraft:eat_cake_slice":20,"minecraft:leave_game":133,"minecraft:time_since_death":1750,"minecraft:damage_blocked_by_shield":10194,"minecraft:play_time":6079967,"minecraft:deaths":244,"minecraft:jump":85329,"minecraft:interact_with_furnace":116,"minecraft:interact_with_cartography_table":4,"minecraft:sleep_in_bed":9,"minecraft:damage_dealt":210638,"minecraft:horse_one_cm":306,"minecraft:interact_with_smithing_table":12,"minecraft:interact_with_anvil":59,"minecraft:inspect_hopper":1,"minecraft:damage_dealt_absorbed":53206,"minecraft:target_hit":84,"minecraft:sneak_time":603718,"minecraft:interact_with_lectern":1,"minecraft:interact_with_blast_furnace":6,"minecraft:total_world_time":6079967,"minecraft:time_since_rest":1778,"minecraft:swim_one_cm":532382,"minecraft:fly_one_cm":25549102,"minecraft:open_chest":747,"minecraft:fish_caught":33,"minecraft:fall_one_cm":1868509,"minecraft:animals_bred":1,"minecraft:open_shulker_box":11,"minecraft:damage_resisted":28093,"minecraft:sprint_one_cm":11392671,"minecraft:drop":1172,"minecraft:talked_to_villager":5,"minecraft:walk_on_water_one_cm":261500,"minecraft:interact_with_loom":18,"minecraft:open_enderchest":50,"minecraft:interact_with_beacon":5,"minecraft:player_kills":86,"minecraft:crouch_one_cm":2028293,"minecraft:mob_kills":701,"minecraft:fill_cauldron":1,"minecraft:damage_dealt_resisted":186115,"minecraft:climb_one_cm":162889,"minecraft:walk_one_cm":8301426,"minecraft:walk_under_water_one_cm":413244,"minecraft:boat_one_cm":212544,"minecraft:raid_trigger":1,"minecraft:pot_flower":2,"minecraft:damage_absorbed":37559,"minecraft:damage_taken":158770,"minecraft:trigger_trapped_chest":23,"minecraft:aviate_one_cm":484733},"minecraft:mined":{"minecraft:white_bed":10,"minecraft:cherry_log":433,"minecraft:obsidian":15,"minecraft:granite":163,"minecraft:chiseled_stone_bricks":1,"minecraft:magma_block":9,"minecraft:cobbled_deepslate":3,"minecraft:fire":59,"minecraft:moss_carpet":74,"minecraft:deepslate_lapis_ore":1152,"minecraft:nether_brick_stairs":3,"minecraft:tripwire":6,"minecraft:brown_mushroom":3,"minecraft:stripped_cherry_wood":1,"minecraft:kelp_plant":19,"minecraft:amethyst_cluster":3,"minecraft:torch":4,"minecraft:glass":1,"minecraft:sugar_cane":123,"minecraft:amethyst_block":7,"minecraft:cherry_slab":12,"minecraft:stone_brick_stairs":9,"minecraft:oak_fence_gate":8,"minecraft:smooth_basalt":55,"minecraft:deepslate":312,"minecraft:mossy_cobblestone":1,"minecraft:cherry_sapling":56,"minecraft:end_stone":62,"minecraft:spruce_fence":3,"minecraft:cherry_wood":8,"minecraft:moss_block":712,"minecraft:kelp":46,"minecraft:andesite":611,"minecraft:rail":3,"minecraft:cobblestone_slab":3,"minecraft:cherry_fence_gate":5,"minecraft:oak_slab":7,"minecraft:glass_pane":1,"minecraft:cherry_planks":28,"minecraft:soul_sand":1,"minecraft:dandelion":10,"minecraft:short_grass":320,"minecraft:tall_grass":93,"minecraft:copper_ore":24,"minecraft:purpur_pillar":3,"minecraft:deepslate_gold_ore":193,"minecraft:diorite":534,"minecraft:cobblestone_wall":3,"minecraft:spruce_log":908,"minecraft:birch_leaves":1,"minecraft:gravel":251,"minecraft:oak_button":6,"minecraft:stone_bricks":86,"minecraft:chipped_anvil":1,"minecraft:fern":34,"minecraft:spruce_planks":20,"minecraft:grass_block":254,"minecraft:iron_ore":7,"minecraft:azalea":19,"minecraft:end_stone_bricks":7,"minecraft:deepslate_redstone_ore":1507,"minecraft:calcite":25,"minecraft:poppy":15,"minecraft:beacon":1,"minecraft:chest":13,"minecraft:wither_skeleton_wall_skull":2,"minecraft:cobblestone":380,"minecraft:oak_planks":3,"minecraft:wall_torch":3,"minecraft:deepslate_copper_ore":294,"minecraft:purpur_block":4,"minecraft:oak_log":36,"minecraft:dirt":341,"minecraft:sand":145,"minecraft:wither_skeleton_skull":8,"minecraft:oak_leaves":741,"minecraft:deepslate_diamond_ore":527,"minecraft:stripped_cherry_log":6,"minecraft:mangrove_roots":444,"minecraft:spruce_leaves":121,"minecraft:large_fern":17,"minecraft:spruce_sapling":1,"minecraft:furnace":5,"minecraft:gold_block":1,"minecraft:deepslate_iron_ore":797,"minecraft:lantern":6,"minecraft:chorus_plant":24,"minecraft:stone":9705,"minecraft:podzol":5,"minecraft:flowering_azalea":5,"minecraft:polished_granite":2,"minecraft:crafting_table":31,"minecraft:honey_block":216,"minecraft:deepslate_coal_ore":709,"minecraft:lapis_ore":4,"minecraft:spruce_stairs":2,"minecraft:sweet_berry_bush":9,"minecraft:coal_ore":54,"minecraft:cherry_leaves":677},"minecraft:dropped":{"minecraft:iron_sword":1,"minecraft:short_grass":3,"minecraft:porkchop":1,"minecraft:lapis_lazuli":212,"minecraft:cooked_beef":402,"minecraft:chorus_fruit":217,"minecraft:glass_bottle":33,"minecraft:diamond":135,"minecraft:cooked_porkchop":2,"minecraft:music_disc_relic":1,"minecraft:elytra":1,"minecraft:leather_helmet":1,"minecraft:red_carpet":10,"minecraft:gold_block":128,"minecraft:dirt":62,"minecraft:netherite_boots":6,"minecraft:wooden_sword":6,"minecraft:bone_meal":27,"minecraft:sugar":1,"minecraft:fishing_rod":1,"minecraft:white_wool":3,"minecraft:bone":39,"minecraft:diamond_block":7,"minecraft:iron_nugget":25,"minecraft:cobbled_deepslate":285,"minecraft:pink_dye":1,"minecraft:netherite_sword":14,"minecraft:wheat":8,"minecraft:obsidian":5,"minecraft:rotten_flesh":53,"minecraft:enchanted_golden_apple":151,"minecraft:lime_dye":3,"minecraft:end_stone":50,"minecraft:white_bed":2,"minecraft:salmon":21,"minecraft:tipped_arrow":1,"minecraft:leather_boots":2,"minecraft:ladder":4,"minecraft:leather_leggings":1,"minecraft:end_stone_bricks":17,"minecraft:beef":10,"minecraft:crying_obsidian":1,"minecraft:iron_ingot":3,"minecraft:netherite_pickaxe":3,"minecraft:birch_leaves":1,"minecraft:wheat_seeds":73,"minecraft:copper_block":10,"minecraft:netherite_helmet":7,"minecraft:netherite_chestplate":6,"minecraft:oak_fence":9,"minecraft:feather":4,"minecraft:cobblestone":4252,"minecraft:granite":20,"minecraft:stripped_cherry_wood":3,"minecraft:chainmail_helmet":1,"minecraft:coal":32,"minecraft:pufferfish":5,"minecraft:gray_wool":2,"minecraft:diamond_helmet":22,"minecraft:potion":32,"minecraft:paper":8,"minecraft:string":3,"minecraft:lily_pad":2,"minecraft:spruce_sapling":8,"minecraft:purpur_pillar":3,"minecraft:moss_carpet":68,"minecraft:netherite_ingot":2,"minecraft:stone_sword":1,"minecraft:bowl":1,"minecraft:stone_shovel":1,"minecraft:suspicious_stew":1,"minecraft:diamond_sword":23,"minecraft:cobblestone_slab":1,"minecraft:potato":4,"minecraft:spruce_boat":1,"minecraft:stone":2,"minecraft:spruce_planks":6,"minecraft:diamond_pickaxe":6,"minecraft:stone_bricks":64,"minecraft:bow":34,"minecraft:moss_block":13,"minecraft:brown_mushroom":3,"minecraft:diamond_axe":3,"minecraft:nether_star":2,"minecraft:leather":6,"minecraft:cod":22,"minecraft:flint":10,"minecraft:mutton":3,"minecraft:cooked_cod":7,"minecraft:gravel":105,"minecraft:mangrove_roots":6,"minecraft:cooked_mutton":5,"minecraft:carrot":241,"minecraft:chiseled_stone_bricks":1,"minecraft:poppy":14,"minecraft:leather_chestplate":1,"minecraft:gunpowder":6,"minecraft:azalea":78,"minecraft:chest":13,"minecraft:arrow":725,"minecraft:polished_granite":2,"minecraft:splash_potion":7,"minecraft:netherrack":1,"minecraft:bread":3,"minecraft:cherry_log":2,"minecraft:mossy_cobblestone":1,"minecraft:diamond_leggings":29,"minecraft:stick":93,"minecraft:diorite":80,"minecraft:flowering_azalea":14,"minecraft:tripwire_hook":2,"minecraft:dandelion":8,"minecraft:smooth_basalt":26,"minecraft:redstone":116,"minecraft:nether_brick_slab":2,"minecraft:sweet_berries":14,"minecraft:kelp":52,"minecraft:blaze_rod":2,"minecraft:raw_copper":1166,"minecraft:raw_iron":711,"minecraft:totem_of_undying":15,"minecraft:netherite_leggings":8,"minecraft:flint_and_steel":1,"minecraft:muddy_mangrove_roots":5,"minecraft:filled_map":1,"minecraft:shield":2,"minecraft:diamond_chestplate":22,"minecraft:andesite":31,"minecraft:stripped_cherry_log":6,"minecraft:diamond_boots":27,"minecraft:spruce_log":4,"minecraft:raw_gold":102},"minecraft:killed":{"minecraft:shulker":7,"minecraft:skeleton":13,"minecraft:fox":1,"minecraft:chicken":8,"minecraft:iron_golem":5,"minecraft:pillager":1,"minecraft:zombie":70,"minecraft:cow":8,"minecraft:warden":1,"minecraft:wandering_trader":1,"minecraft:polar_bear":7,"minecraft:enderman":124,"minecraft:witch":12,"minecraft:spider":6,"minecraft:wither":6,"minecraft:wolf":4,"minecraft:pig":9,"minecraft:zombie_villager":1,"minecraft:creeper":1,"minecraft:sheep":5,"minecraft:trader_llama":2,"minecraft:ghast":42,"minecraft:giant":1,"minecraft:phantom":6,"minecraft:bat":1,"minecraft:squid":3,"minecraft:wither_skeleton":330},"minecraft:broken":{"minecraft:diamond_helmet":23,"minecraft:shears":5,"minecraft:diamond_pickaxe":3,"minecraft:fishing_rod":1,"minecraft:crossbow":1,"minecraft:netherite_leggings":1,"minecraft:netherite_helmet":1,"minecraft:diamond_leggings":10,"minecraft:netherite_boots":1,"minecraft:diamond_boots":18,"minecraft:chainmail_chestplate":1,"minecraft:diamond_chestplate":8,"minecraft:flint_and_steel":2,"minecraft:leather_chestplate":1,"minecraft:leather_boots":1},"minecraft:crafted":{"minecraft:black_dye":5,"minecraft:cherry_wood":114,"minecraft:blaze_powder":4,"minecraft:diamond_shovel":2,"minecraft:glass":176,"minecraft:netherite_boots":1,"minecraft:beacon":1,"minecraft:diamond_axe":3,"minecraft:smithing_table":1,"minecraft:campfire":39,"minecraft:cartography_table":1,"minecraft:stone_brick_stairs":340,"minecraft:compass":6,"minecraft:iron_block":3,"minecraft:gold_ingot":75,"minecraft:composter":2,"minecraft:spruce_fence_gate":30,"minecraft:stone_shovel":1,"minecraft:iron_nugget":513,"minecraft:diamond_hoe":1,"minecraft:bone_meal":771,"minecraft:spruce_fence":12,"minecraft:white_carpet":141,"minecraft:moss_carpet":72,"minecraft:cherry_trapdoor":8,"minecraft:lantern":54,"minecraft:diamond":9,"minecraft:spruce_stairs":8,"minecraft:ladder":12,"minecraft:spruce_slab":18,"minecraft:cherry_stairs":4,"minecraft:spruce_boat":1,"minecraft:netherite_pickaxe":1,"minecraft:white_stained_glass":112,"minecraft:white_bed":5,"minecraft:nether_brick_stairs":8,"minecraft:oak_planks":1420,"minecraft:cobblestone_slab":36,"minecraft:cherry_slab":12,"minecraft:stone":314,"minecraft:bow":2,"minecraft:nether_brick_wall":12,"minecraft:chest":36,"minecraft:rail":16,"minecraft:netherite_upgrade_smithing_template":10,"minecraft:cherry_fence":27,"minecraft:ender_eye":4,"minecraft:stone_bricks":312,"minecraft:oak_fence":9,"minecraft:oak_slab":24,"minecraft:item_frame":5,"minecraft:map":6,"minecraft:crafting_table":348,"minecraft:spruce_planks":1485,"minecraft:brush":1,"minecraft:gold_block":6,"minecraft:white_stained_glass_pane":32,"minecraft:spruce_trapdoor":4,"minecraft:diamond_pickaxe":5,"minecraft:paper":36,"minecraft:charcoal":51,"minecraft:stick":456,"minecraft:iron_ingot":141,"minecraft:shears":6,"minecraft:cherry_planks":292,"minecraft:nether_brick_slab":36,"minecraft:fishing_rod":1,"minecraft:furnace":26,"minecraft:diamond_block":7,"minecraft:oak_trapdoor":12,"minecraft:flint_and_steel":3,"minecraft:blue_ice":1,"minecraft:netherite_leggings":1,"minecraft:leather":3,"minecraft:iron_hoe":2,"minecraft:cobblestone_wall":66,"minecraft:minecart":1,"minecraft:cherry_fence_gate":30,"minecraft:spruce_sign":3,"minecraft:iron_sword":1,"minecraft:bucket":1,"minecraft:air":0,"minecraft:oak_boat":1,"minecraft:white_dye":64,"minecraft:anvil":1,"minecraft:torch":88,"minecraft:end_crystal":5},"minecraft:used":{"minecraft:moss_block":40,"minecraft:writable_book":8,"minecraft:smooth_quartz_slab":28,"minecraft:spruce_slab":80,"minecraft:ladder":25,"minecraft:chest":46,"minecraft:stone":77,"minecraft:red_nether_brick_stairs":31,"minecraft:soul_sand":160,"minecraft:skeleton_spawn_egg":6,"minecraft:snowball":49,"minecraft:stripped_spruce_log":49,"minecraft:spruce_boat":2,"minecraft:honey_block":26,"minecraft:lava_bucket":89,"minecraft:lime_banner":12,"minecraft:quartz_pillar":58,"minecraft:villager_spawn_egg":2,"minecraft:red_wool":12,"minecraft:black_stained_glass_pane":3,"minecraft:grass_block":728,"minecraft:quartz_block":71,"minecraft:cherry_button":1,"minecraft:cherry_leaves":501,"minecraft:pink_wool":53,"minecraft:stone_brick_stairs":300,"minecraft:netherite_boots":2,"minecraft:snow":2,"minecraft:bow":518,"minecraft:sweet_berries":2,"minecraft:furnace":34,"minecraft:cooked_cod":6,"minecraft:egg":1,"minecraft:potato":1,"minecraft:diorite":90,"minecraft:end_stone_bricks":3,"minecraft:spruce_door":11,"minecraft:chorus_fruit":44,"minecraft:blackstone_stairs":3,"minecraft:blackstone":550,"minecraft:lime_concrete_powder":4,"minecraft:composter":2,"minecraft:clay":50,"minecraft:oak_leaves":596,"minecraft:smooth_quartz_stairs":299,"minecraft:golden_apple":2,"minecraft:glow_berries":26,"minecraft:sand":374,"minecraft:blue_ice":1,"minecraft:netherite_helmet":1,"minecraft:gray_concrete":6,"minecraft:lightning_rod":4,"minecraft:crying_obsidian":53,"minecraft:zombie_head":6,"minecraft:verdant_froglight":1,"minecraft:polished_granite":111,"minecraft:soul_lantern":5,"minecraft:diamond_sword":1785,"minecraft:coal_block":3,"minecraft:smithing_table":1,"minecraft:white_stained_glass":70,"minecraft:oak_boat":2,"minecraft:oak_trapdoor":8,"minecraft:iron_bars":99,"minecraft:red_concrete":47,"minecraft:armor_stand":1,"minecraft:cooked_salmon":1,"minecraft:structure_block":12,"minecraft:netherrack":11,"minecraft:orange_stained_glass":60,"minecraft:torch":40,"minecraft:anvil":9,"minecraft:light_blue_dye":2,"minecraft:nether_brick_slab":41,"minecraft:blue_concrete":6,"minecraft:nether_brick_stairs":46,"minecraft:oak_fence_gate":27,"minecraft:sea_lantern":69,"minecraft:flowering_azalea":1,"minecraft:chipped_anvil":4,"minecraft:iron_block":176,"minecraft:light_weighted_pressure_plate":2,"minecraft:cherry_slab":25,"minecraft:slime_block":79,"minecraft:smooth_quartz":281,"minecraft:totem_of_undying":11,"minecraft:cherry_fence_gate":35,"minecraft:barrel":16,"minecraft:smooth_basalt":37,"minecraft:diamond_chestplate":8,"minecraft:tripwire_hook":1,"minecraft:glowstone":6,"minecraft:lime_concrete":372,"minecraft:tall_grass":12,"minecraft:iron_trapdoor":13,"minecraft:trapped_chest":6,"minecraft:cobbled_deepslate":13,"minecraft:cherry_fence":27,"minecraft:cherry_log":37,"minecraft:calcite":2,"minecraft:water_bucket":75,"minecraft:nether_brick_wall":9,"minecraft:lime_wool":145,"minecraft:cartography_table":1,"minecraft:cherry_planks":74,"minecraft:cauldron":1,"minecraft:glow_ink_sac":16,"minecraft:spruce_fence_gate":48,"minecraft:leather_boots":2,"minecraft:deepslate_bricks":163,"minecraft:polished_blackstone_bricks":3,"minecraft:pink_concrete":57,"minecraft:diamond_block":65,"minecraft:brown_dye":4,"minecraft:lime_terracotta":178,"minecraft:rail":5,"minecraft:oak_slab":23,"minecraft:tnt":2,"minecraft:crafting_table":435,"minecraft:red_bed":2,"minecraft:birch_sign":1,"minecraft:campfire":38,"minecraft:white_bed":15,"minecraft:cake":6,"minecraft:spruce_log":261,"minecraft:oak_log":12,"minecraft:mud":48,"minecraft:yellow_dye":1,"minecraft:light":224,"minecraft:diamond_pickaxe":7545,"minecraft:diamond_shovel":878,"minecraft:oak_button":7,"minecraft:spruce_pressure_plate":1,"minecraft:spruce_trapdoor":23,"minecraft:spruce_sapling":21,"minecraft:cobblestone":2116,"minecraft:potion":36,"minecraft:cooked_porkchop":54,"minecraft:glass_pane":1,"minecraft:brush":5,"minecraft:kelp":50,"minecraft:diamond_leggings":13,"minecraft:cherry_sapling":173,"minecraft:moss_carpet":55,"minecraft:diamond_hoe":927,"minecraft:oak_sign":19,"minecraft:shield":96,"minecraft:zombie_spawn_egg":29,"minecraft:player_head":1,"minecraft:green_terracotta":176,"minecraft:spruce_leaves":7,"minecraft:nether_bricks":1,"minecraft:carrot":81,"minecraft:tuff":707,"minecraft:milk_bucket":1,"minecraft:obsidian":9,"minecraft:glass":134,"minecraft:bricks":273,"minecraft:spruce_wood":36,"minecraft:lantern":71,"minecraft:green_wool":5,"minecraft:dark_oak_wood":22,"minecraft:stone_bricks":2255,"minecraft:item_frame":20,"minecraft:spruce_hanging_sign":3,"minecraft:bedrock":9,"minecraft:birch_trapdoor":41,"minecraft:red_carpet":46,"minecraft:repeater":41,"minecraft:magma_block":2,"minecraft:written_book":1,"minecraft:scaffolding":3,"minecraft:mangrove_roots":4,"minecraft:gold_block":5,"minecraft:pearlescent_froglight":27,"minecraft:stripped_spruce_wood":7,"minecraft:diamond_boots":16,"minecraft:wither_skeleton_skull":69,"minecraft:witch_spawn_egg":30,"minecraft:gray_carpet":22,"minecraft:oak_planks":58,"minecraft:ender_pearl":48,"minecraft:sandstone":156,"minecraft:chainmail_helmet":1,"minecraft:redstone_block":4,"minecraft:diamond_axe":1689,"minecraft:sugar_cane":37,"minecraft:white_wool":77,"minecraft:netherite_leggings":3,"minecraft:light_blue_concrete":2,"minecraft:lime_stained_glass_pane":4,"minecraft:loom":4,"minecraft:light_blue_wool":100,"minecraft:yellow_concrete":54,"minecraft:crossbow":154,"minecraft:ochre_froglight":1,"minecraft:lingering_potion":34,"minecraft:end_stone":14,"minecraft:shears":1198,"minecraft:creeper_spawn_egg":9,"minecraft:lever":19,"minecraft:black_concrete":462,"minecraft:firework_rocket":6,"minecraft:dark_oak_log":3,"minecraft:light_gray_concrete":167,"minecraft:bread":38,"minecraft:string":243,"minecraft:barrier":799,"minecraft:gravel":19,"minecraft:blackstone_slab":141,"minecraft:andesite":99,"minecraft:chain":2,"minecraft:smooth_stone_slab":42,"minecraft:white_concrete":67,"minecraft:air":1,"minecraft:bone_meal":763,"minecraft:experience_bottle":16,"minecraft:oak_fence":2,"minecraft:purpur_block":1,"minecraft:netherite_sword":2573,"minecraft:jungle_leaves":29,"minecraft:cherry_wood":99,"minecraft:flint_and_steel":185,"minecraft:stone_shovel":51,"minecraft:redstone":50,"minecraft:spruce_planks":715,"minecraft:stone_hoe":1,"minecraft:cooked_chicken":8,"minecraft:oak_door":3,"minecraft:dirt":441,"minecraft:red_nether_brick_slab":21,"minecraft:white_carpet":179,"minecraft:spruce_stairs":49,"minecraft:cobblestone_wall":26,"minecraft:diamond_helmet":15,"minecraft:spruce_fence":71,"minecraft:granite":3,"minecraft:light_blue_stained_glass":2,"minecraft:iron_hoe":178,"minecraft:stone_brick_slab":77,"minecraft:brown_terracotta":256,"minecraft:bookshelf":1,"minecraft:light_gray_stained_glass":1,"minecraft:cherry_trapdoor":8,"minecraft:black_stained_glass":4,"minecraft:soul_soil":7,"minecraft:white_stained_glass_pane":33,"minecraft:netherite_pickaxe":10020,"minecraft:minecart":3,"minecraft:cooked_beef":739,"minecraft:orange_stained_glass_pane":1,"minecraft:powder_snow_bucket":5,"minecraft:mossy_stone_brick_wall":5,"minecraft:enchanted_golden_apple":224,"minecraft:cooked_mutton":4,"minecraft:amethyst_block":1,"minecraft:netherite_chestplate":2,"minecraft:baked_potato":1,"minecraft:red_nether_bricks":78,"minecraft:blue_wool":12,"minecraft:cut_sandstone":38,"minecraft:spruce_sign":7,"minecraft:white_dye":1,"minecraft:beacon":3,"minecraft:cobblestone_slab":39,"minecraft:smoker":2,"minecraft:purple_stained_glass":216,"minecraft:piston":1,"minecraft:netherite_block":10,"minecraft:flower_pot":3,"minecraft:acacia_stairs":8,"minecraft:black_wool":52,"minecraft:apple":2,"minecraft:command_block":23,"minecraft:chicken":1,"minecraft:map":6,"minecraft:purple_dye":1,"minecraft:fishing_rod":127,"minecraft:cherry_stairs":2,"minecraft:end_crystal":3,"minecraft:white_banner":1,"minecraft:bucket":41,"minecraft:chain_command_block":2,"minecraft:smooth_stone":9,"minecraft:splash_potion":176,"minecraft:birch_stairs":4},"minecraft:picked_up":{"minecraft:anvil":17,"minecraft:lead":7,"minecraft:diamond_sword":25,"minecraft:amethyst_block":1,"minecraft:polished_deepslate":1,"minecraft:polished_blackstone_brick_stairs":2,"minecraft:string":3,"minecraft:cooked_salmon":1,"minecraft:pufferfish":5,"minecraft:diamond_leggings":21,"minecraft:cobbled_deepslate":334,"minecraft:spruce_planks":49,"minecraft:written_book":1,"minecraft:enchanted_golden_apple":92,"minecraft:polished_blackstone_brick_slab":1,"minecraft:purpur_pillar":3,"minecraft:cherry_log":626,"minecraft:netherite_chestplate":3,"minecraft:blaze_rod":9,"minecraft:magma_block":12,"minecraft:barrier":1,"minecraft:feather":4,"minecraft:cooked_beef":687,"minecraft:cherry_leaves":680,"minecraft:copper_block":5,"minecraft:flint":14,"minecraft:netherite_leggings":5,"minecraft:lantern":9,"minecraft:chipped_anvil":4,"minecraft:diamond_helmet":16,"minecraft:moss_block":600,"minecraft:chiseled_polished_blackstone":1,"minecraft:ink_sac":5,"minecraft:lever":1,"minecraft:granite":23,"minecraft:chainmail_helmet":1,"minecraft:bread":1,"minecraft:cherry_slab":13,"minecraft:diamond_pickaxe":9,"minecraft:crafting_table":102,"minecraft:stripped_cherry_log":6,"minecraft:purpur_block":4,"minecraft:elytra":4,"minecraft:flint_and_steel":3,"minecraft:white_carpet":11,"minecraft:white_stained_glass":11,"minecraft:netherite_sword":17,"minecraft:beef":10,"minecraft:poppy":14,"minecraft:iron_nugget":20,"minecraft:minecart":3,"minecraft:chest":38,"minecraft:egg":1,"minecraft:stone":128,"minecraft:spruce_fence":3,"minecraft:white_dye":50,"minecraft:carrot":20,"minecraft:redstone":6943,"minecraft:netherite_pickaxe":5,"minecraft:diamond_chestplate":19,"minecraft:cooked_cod":13,"minecraft:diamond_boots":19,"minecraft:deepslate_bricks":1,"minecraft:totem_of_undying":20,"minecraft:polished_blackstone":1,"minecraft:mutton":3,"minecraft:rail":31,"minecraft:white_wool":6,"minecraft:birch_leaves":1,"minecraft:tripwire_hook":2,"minecraft:yellow_dye":26,"minecraft:filled_map":10,"minecraft:oak_log":99,"minecraft:lily_pad":2,"minecraft:paper":8,"minecraft:white_banner":1,"minecraft:stone_bricks":918,"minecraft:apple":11,"minecraft:kelp":120,"minecraft:oak_fence_gate":71,"minecraft:glass_bottle":5,"minecraft:iron_sword":1,"minecraft:flowering_azalea":15,"minecraft:smooth_basalt":73,"minecraft:white_stained_glass_pane":21,"minecraft:sweet_berries":35,"minecraft:cracked_nether_bricks":1,"minecraft:gravel":140,"minecraft:spruce_sapling":208,"minecraft:spruce_log":1220,"minecraft:crying_obsidian":1,"minecraft:firework_rocket":24,"minecraft:diamond_shovel":2,"minecraft:purple_bed":1,"minecraft:short_grass":3,"minecraft:diamond_axe":5,"minecraft:gray_wool":2,"minecraft:oak_button":6,"minecraft:baked_potato":1,"minecraft:pink_dye":8,"minecraft:ender_pearl":65,"minecraft:shulker_shell":2,"minecraft:wheat":7,"minecraft:potion":16,"minecraft:gilded_blackstone":1,"minecraft:stone_brick_stairs":9,"minecraft:raw_copper":1265,"minecraft:netherite_ingot":2,"minecraft:oak_sign":1,"minecraft:bucket":3,"minecraft:light_weighted_pressure_plate":2,"minecraft:red_dye":2,"minecraft:cobblestone_slab":4,"minecraft:calcite":19,"minecraft:azalea":39,"minecraft:furnace":5,"minecraft:stick":292,"minecraft:deepslate_brick_wall":1,"minecraft:torch":13,"minecraft:spruce_stairs":2,"minecraft:porkchop":1,"minecraft:diorite":358,"minecraft:rotten_flesh":79,"minecraft:mangrove_roots":551,"minecraft:deepslate_brick_stairs":1,"minecraft:obsidian":20,"minecraft:cod":22,"minecraft:cobblestone":8268,"minecraft:nautilus_shell":3,"minecraft:muddy_mangrove_roots":3,"minecraft:cherry_planks":36,"minecraft:andesite":183,"minecraft:beacon":1,"minecraft:potato":4,"minecraft:tuff":13,"minecraft:wither_skeleton_skull":17,"minecraft:lapis_lazuli":7785,"minecraft:dirt":497,"minecraft:polished_granite":2,"minecraft:name_tag":1,"minecraft:bone":343,"minecraft:bow":8,"minecraft:wheat_seeds":73,"minecraft:deepslate_brick_slab":1,"minecraft:raw_gold":201,"minecraft:light_blue_dye":4,"minecraft:oak_planks":149,"minecraft:ghast_tear":21,"minecraft:cooked_porkchop":24,"minecraft:sand":145,"minecraft:nether_brick_stairs":6,"minecraft:grass_block":1,"minecraft:diamond_block":379,"minecraft:mossy_cobblestone":1,"minecraft:sugar":1,"minecraft:diamond":657,"minecraft:spruce_boat":3,"minecraft:netherite_helmet":4,"minecraft:soul_lantern":4,"minecraft:cherry_wood":30,"minecraft:cracked_polished_blackstone_bricks":1,"minecraft:bone_meal":140,"minecraft:netherrack":1,"minecraft:chorus_fruit":315,"minecraft:oak_leaves":606,"minecraft:nether_star":7,"minecraft:end_stone_bricks":20,"minecraft:fishing_rod":5,"minecraft:chicken":1,"minecraft:splash_potion":7,"minecraft:ladder":1,"minecraft:brown_mushroom":3,"minecraft:gold_block":96,"minecraft:shield":3,"minecraft:oak_trapdoor":8,"minecraft:moss_carpet":71,"minecraft:wooden_sword":6,"minecraft:item_frame":8,"minecraft:blackstone":2,"minecraft:oak_boat":1,"minecraft:player_head":1,"minecraft:sugar_cane":150,"minecraft:phantom_membrane":4,"minecraft:raw_iron":1095,"minecraft:end_stone":104,"minecraft:cherry_stairs":2,"minecraft:music_disc_relic":2,"minecraft:bowl":1,"minecraft:polished_blackstone_bricks":1,"minecraft:cherry_fence_gate":5,"minecraft:arrow":99,"minecraft:nether_bricks":22,"minecraft:nether_brick_wall":3,"minecraft:netherite_boots":3,"minecraft:salmon":21,"minecraft:leather":8,"minecraft:gunpowder":56,"minecraft:cobblestone_wall":39,"minecraft:cooked_mutton":9,"minecraft:red_carpet":22,"minecraft:pearlescent_froglight":1,"minecraft:iron_ingot":79,"minecraft:cooked_chicken":4,"minecraft:soul_sand":2,"minecraft:oak_slab":14,"minecraft:chiseled_stone_bricks":1,"minecraft:brush":2,"minecraft:dandelion":9,"minecraft:stripped_cherry_wood":3,"minecraft:amethyst_shard":21,"minecraft:white_bed":10,"minecraft:nether_brick_slab":3,"minecraft:spruce_door":6,"minecraft:lime_dye":10,"minecraft:lime_banner":1,"minecraft:campfire":2,"minecraft:honey_block":26,"minecraft:cherry_sapling":158,"minecraft:coal":874}},"DataVersion":3700}