{"stats":{"minecraft:mined":{"minecraft:oak_leaves":2},"minecraft:used":{"minecraft:netherite_sword":16,"minecraft:wooden_axe":3,"minecraft:sand":1,"minecraft:anvil":2,"minecraft:end_crystal":4,"minecraft:command_block":3,"minecraft:obsidian":4},"minecraft:custom":{"minecraft:time_since_rest":18846,"minecraft:crouch_one_cm":2287,"minecraft:play_time":76554,"minecraft:sprint_one_cm":37613,"minecraft:damage_taken":462,"minecraft:walk_one_cm":41531,"minecraft:deaths":2,"minecraft:sneak_time":1594,"minecraft:interact_with_anvil":2,"minecraft:mob_kills":4,"minecraft:drop":13,"minecraft:jump":462,"minecraft:damage_dealt":1407,"minecraft:leave_game":6,"minecraft:time_since_death":18691,"minecraft:total_world_time":76554,"minecraft:climb_one_cm":2207,"minecraft:fall_one_cm":8089,"minecraft:fly_one_cm":317978,"minecraft:player_kills":3},"minecraft:dropped":{"minecraft:porkchop":1,"minecraft:netherite_chestplate":3,"minecraft:netherite_sword":2,"minecraft:seagrass":1,"minecraft:netherite_boots":3,"minecraft:netherite_leggings":1,"minecraft:bone":2,"minecraft:netherite_helmet":1},"minecraft:killed_by":{"minecraft:player":1},"minecraft:killed":{"minecraft:skeleton":2,"minecraft:turtle":1,"minecraft:pig":1},"minecraft:picked_up":{"minecraft:wooden_axe":1,"minecraft:seagrass":1,"minecraft:netherite_boots":3,"minecraft:bone":2,"minecraft:netherite_sword":1,"minecraft:porkchop":1,"minecraft:netherite_chestplate":2,"minecraft:bamboo":14}},"DataVersion":3700}