{"stats":{"minecraft:custom":{"minecraft:time_since_rest":118604,"minecraft:interact_with_smithing_table":1,"minecraft:damage_taken":890,"minecraft:damage_absorbed":14,"minecraft:interact_with_furnace":2,"minecraft:sprint_one_cm":181118,"minecraft:open_enderchest":12,"minecraft:walk_one_cm":323114,"minecraft:mob_kills":12,"minecraft:interact_with_anvil":1,"minecraft:drop":2,"minecraft:damage_dealt":1780,"minecraft:swim_one_cm":3600,"minecraft:interact_with_crafting_table":1,"minecraft:fly_one_cm":304271,"minecraft:open_barrel":1,"minecraft:open_chest":48,"minecraft:crouch_one_cm":1790,"minecraft:play_time":118604,"minecraft:sneak_time":545,"minecraft:walk_under_water_one_cm":3448,"minecraft:jump":1505,"minecraft:interact_with_brewingstand":1,"minecraft:interact_with_blast_furnace":1,"minecraft:leave_game":3,"minecraft:time_since_death":118604,"minecraft:walk_on_water_one_cm":4675,"minecraft:interact_with_smoker":1,"minecraft:total_world_time":118604,"minecraft:climb_one_cm":269,"minecraft:damage_resisted":85,"minecraft:fall_one_cm":37064},"minecraft:mined":{"minecraft:short_grass":7,"minecraft:grass_block":2,"minecraft:tall_grass":8,"minecraft:oak_planks":2},"minecraft:picked_up":{"minecraft:cooked_beef":15,"minecraft:cooked_porkchop":4,"minecraft:potion":1,"minecraft:string":2,"minecraft:dirt":2,"minecraft:lime_dye":1,"minecraft:rotten_flesh":8,"minecraft:slime_ball":4,"minecraft:light_blue_dye":2,"minecraft:oak_planks":2},"minecraft:used":{"minecraft:cooked_mutton":12,"minecraft:firework_rocket":8,"minecraft:oak_planks":2,"minecraft:cooked_chicken":1,"minecraft:diamond_sword":52,"minecraft:potion":1,"minecraft:cooked_beef":2,"minecraft:enchanted_golden_apple":1},"minecraft:killed":{"minecraft:zombie":6,"minecraft:pig":2,"minecraft:spider":1,"minecraft:wither_skeleton":1,"minecraft:slime":1},"minecraft:dropped":{"minecraft:dirt":2,"minecraft:glass_bottle":1}},"DataVersion":3700}