{"stats":{"minecraft:custom":{"minecraft:time_since_rest":56228,"minecraft:sprint_one_cm":75610,"minecraft:walk_one_cm":69742,"minecraft:damage_taken":1256,"minecraft:mob_kills":4,"minecraft:drop":4,"minecraft:damage_dealt":1191,"minecraft:swim_one_cm":3465,"minecraft:player_kills":1,"minecraft:fly_one_cm":198985,"minecraft:crouch_one_cm":1505,"minecraft:play_time":109513,"minecraft:deaths":5,"minecraft:sneak_time":1162,"minecraft:walk_under_water_one_cm":198,"minecraft:jump":571,"minecraft:leave_game":9,"minecraft:walk_on_water_one_cm":1081,"minecraft:time_since_death":56187,"minecraft:climb_one_cm":764,"minecraft:total_world_time":109513,"minecraft:fall_one_cm":4909},"minecraft:mined":{"minecraft:jungle_leaves":1,"minecraft:short_grass":1,"minecraft:sand":2,"minecraft:oak_leaves":1},"minecraft:used":{"minecraft:netherite_sword":10,"minecraft:armor_stand":6,"minecraft:netherite_chestplate":1,"minecraft:oak_leaves":4,"minecraft:netherite_boots":2,"minecraft:sand":2,"minecraft:netherite_leggings":2,"minecraft:netherite_helmet":2},"minecraft:killed":{"minecraft:skeleton":1,"minecraft:zombie":1,"minecraft:spider":2},"minecraft:dropped":{"minecraft:netherite_boots":1,"minecraft:arrow":1,"minecraft:string":1,"minecraft:oak_leaves":1},"minecraft:killed_by":{"minecraft:player":4},"minecraft:picked_up":{"minecraft:netherite_boots":3,"minecraft:sand":2,"minecraft:netherite_leggings":2,"minecraft:string":1,"minecraft:arrow":1,"minecraft:rotten_flesh":2,"minecraft:netherite_helmet":2,"minecraft:netherite_sword":2,"minecraft:netherite_chestplate":2,"minecraft:oak_leaves":1}},"DataVersion":3700}