{"stats":{"minecraft:killed_by":{"minecraft:zombie":10,"minecraft:warden":10,"minecraft:wither":4,"minecraft:zombified_piglin":1,"minecraft:skeleton":6,"minecraft:pillager":1,"minecraft:husk":11,"minecraft:ender_dragon":2,"minecraft:slime":9,"minecraft:shulker":1,"minecraft:giant":4,"minecraft:wither_skeleton":3,"minecraft:creeper":5,"minecraft:cave_spider":1,"minecraft:player":349,"minecraft:spider":4,"minecraft:enderman":2,"minecraft:iron_golem":8},"minecraft:custom":{"minecraft:interact_with_crafting_table":281,"minecraft:damage_blocked_by_shield":9551,"minecraft:play_time":26859564,"minecraft:deaths":502,"minecraft:jump":111965,"minecraft:play_record":14,"minecraft:interact_with_smoker":2,"minecraft:inspect_dispenser":9,"minecraft:horse_one_cm":496173,"minecraft:inspect_dropper":1,"minecraft:interact_with_anvil":41,"minecraft:inspect_hopper":32,"minecraft:tune_noteblock":17,"minecraft:time_since_rest":1321012,"minecraft:swim_one_cm":572230,"minecraft:open_chest":2959,"minecraft:open_shulker_box":296,"minecraft:damage_resisted":293309,"minecraft:play_noteblock":1,"minecraft:talked_to_villager":305,"minecraft:interact_with_brewingstand":39,"minecraft:interact_with_beacon":24,"minecraft:interact_with_campfire":5,"minecraft:damage_dealt_resisted":55468,"minecraft:boat_one_cm":98309,"minecraft:damage_taken":369515,"minecraft:aviate_one_cm":5593660,"minecraft:open_barrel":17,"minecraft:bell_ring":17,"minecraft:eat_cake_slice":14,"minecraft:leave_game":289,"minecraft:time_since_death":1320976,"minecraft:interact_with_furnace":209,"minecraft:traded_with_villager":142,"minecraft:sleep_in_bed":13,"minecraft:damage_dealt":1111817,"minecraft:interact_with_smithing_table":19,"minecraft:target_hit":13,"minecraft:damage_dealt_absorbed":85638,"minecraft:sneak_time":559862,"minecraft:interact_with_lectern":22,"minecraft:interact_with_blast_furnace":302,"minecraft:total_world_time":26859564,"minecraft:interact_with_stonecutter":25,"minecraft:fly_one_cm":93273276,"minecraft:fish_caught":13,"minecraft:fall_one_cm":1400634,"minecraft:sprint_one_cm":31057298,"minecraft:drop":4486,"minecraft:walk_on_water_one_cm":13477130,"minecraft:interact_with_loom":20,"minecraft:open_enderchest":158,"minecraft:player_kills":512,"minecraft:crouch_one_cm":1032454,"minecraft:mob_kills":3785,"minecraft:climb_one_cm":209699,"minecraft:walk_one_cm":38401996,"minecraft:walk_under_water_one_cm":611513,"minecraft:raid_trigger":2,"minecraft:pot_flower":26,"minecraft:damage_absorbed":164446,"minecraft:trigger_trapped_chest":61,"minecraft:minecart_one_cm":17231},"minecraft:mined":{"minecraft:dragon_wall_head":3,"minecraft:red_shulker_box":2,"minecraft:white_bed":4,"minecraft:granite":10,"minecraft:acacia_log":655,"minecraft:oak_wall_sign":1,"minecraft:nether_wart":14,"minecraft:spawner":8,"minecraft:magma_block":15,"minecraft:fire":86,"minecraft:cobbled_deepslate":290,"minecraft:deepslate_lapis_ore":959,"minecraft:white_banner":1,"minecraft:player_head":13,"minecraft:tripwire":13,"minecraft:powder_snow":2,"minecraft:torch":38,"minecraft:lime_shulker_box":2,"minecraft:sugar_cane":10,"minecraft:amethyst_block":78,"minecraft:chain":17,"minecraft:repeater":21,"minecraft:bamboo_planks":2,"minecraft:jukebox":1,"minecraft:wither_rose":2,"minecraft:smooth_basalt":50,"minecraft:deepslate":11243,"minecraft:deepslate_tiles":166,"minecraft:dark_oak_log":4548,"minecraft:end_stone":264,"minecraft:redstone_wire":65,"minecraft:cherry_wall_sign":1,"minecraft:andesite":36,"minecraft:vine":3,"minecraft:rail":1,"minecraft:redstone_block":5,"minecraft:glass_pane":2,"minecraft:soul_sand":1,"minecraft:lily_of_the_valley":1,"minecraft:dandelion":4,"minecraft:cornflower":1,"minecraft:campfire":1,"minecraft:copper_ore":12,"minecraft:purpur_pillar":98,"minecraft:tall_grass":53,"minecraft:deepslate_gold_ore":1292,"minecraft:diorite":52,"minecraft:mangrove_leaves":11,"minecraft:gravel":265,"minecraft:cobweb":15,"minecraft:birch_sign":1,"minecraft:stone_bricks":11,"minecraft:cherry_sign":1,"minecraft:gold_ore":8,"minecraft:fern":2,"minecraft:brewing_stand":3,"minecraft:spruce_trapdoor":1,"minecraft:budding_amethyst":7,"minecraft:white_concrete":97,"minecraft:sculk_catalyst":19,"minecraft:red_tulip":1,"minecraft:iron_bars":65,"minecraft:deepslate_redstone_ore":1377,"minecraft:magenta_wall_banner":1,"minecraft:purpur_stairs":12,"minecraft:beacon":1,"minecraft:oak_planks":9,"minecraft:wall_torch":73,"minecraft:oak_log":220,"minecraft:beetroots":3,"minecraft:dirt":548,"minecraft:crying_obsidian":1,"minecraft:mangrove_roots":450,"minecraft:bamboo_door":1,"minecraft:glow_lichen":2,"minecraft:yellow_candle":3,"minecraft:spruce_leaves":4,"minecraft:hay_block":12,"minecraft:gold_block":161,"minecraft:deepslate_iron_ore":2676,"minecraft:wet_sponge":7,"minecraft:scaffolding":2,"minecraft:magenta_stained_glass":10,"minecraft:warped_fence":1,"minecraft:deepslate_coal_ore":1370,"minecraft:prismarine_bricks":16,"minecraft:bamboo_trapdoor":1,"minecraft:white_wall_banner":1,"minecraft:muddy_mangrove_roots":7,"minecraft:cherry_leaves":2,"minecraft:cracked_stone_bricks":1,"minecraft:cherry_log":1,"minecraft:obsidian":116,"minecraft:jungle_log":521,"minecraft:deepslate_bricks":199,"minecraft:purpur_slab":4,"minecraft:deepslate_tile_stairs":4,"minecraft:hopper":4,"minecraft:oxeye_daisy":1,"minecraft:weeping_vines_plant":1,"minecraft:sticky_piston":10,"minecraft:moss_carpet":57,"minecraft:pumpkin":10,"minecraft:sculk_shrieker":15,"minecraft:cave_vines":4,"minecraft:oak_sign":1,"minecraft:small_amethyst_bud":1,"minecraft:deepslate_brick_stairs":10,"minecraft:iron_block":1,"minecraft:red_bed":33,"minecraft:player_wall_head":1,"minecraft:soul_fire":1,"minecraft:amethyst_cluster":22,"minecraft:blast_furnace":3,"minecraft:glass":10,"minecraft:polished_diorite_stairs":1,"minecraft:wheat":3964,"minecraft:oak_fence_gate":8,"minecraft:blue_shulker_box":2,"minecraft:stonecutter":4,"minecraft:piston":1,"minecraft:shulker_box":16,"minecraft:orange_shulker_box":2,"minecraft:moss_block":2,"minecraft:diamond_block":64,"minecraft:warped_wall_sign":3,"minecraft:potatoes":1602,"minecraft:white_wool":9,"minecraft:smithing_table":4,"minecraft:comparator":2,"minecraft:short_grass":736,"minecraft:cracked_deepslate_bricks":4,"minecraft:spruce_log":9,"minecraft:mycelium":1,"minecraft:deepslate_emerald_ore":134,"minecraft:black_shulker_box":4,"minecraft:spruce_planks":14,"minecraft:sculk_vein":62,"minecraft:grass_block":413,"minecraft:iron_ore":64,"minecraft:black_carpet":1,"minecraft:anvil":1,"minecraft:end_stone_bricks":17,"minecraft:polished_deepslate_stairs":1,"minecraft:soul_lantern":1,"minecraft:calcite":59,"minecraft:poppy":4,"minecraft:chest":67,"minecraft:cobblestone":66,"minecraft:prismarine":15,"minecraft:deepslate_copper_ore":296,"minecraft:pink_petals":5,"minecraft:birch_log":653,"minecraft:purpur_block":56,"minecraft:cracked_deepslate_tiles":1,"minecraft:wither_skeleton_skull":1,"minecraft:netherrack":238,"minecraft:oak_leaves":4,"minecraft:red_carpet":2,"minecraft:tuff":2291,"minecraft:deepslate_diamond_ore":613,"minecraft:gray_shulker_box":2,"minecraft:calibrated_sculk_sensor":2,"minecraft:large_fern":1,"minecraft:furnace":16,"minecraft:spruce_sapling":7,"minecraft:carrots":3,"minecraft:black_concrete":5,"minecraft:chiseled_deepslate":147,"minecraft:polished_deepslate":23,"minecraft:lantern":1,"minecraft:packed_ice":6,"minecraft:chorus_plant":4,"minecraft:stone":18667,"minecraft:yellow_shulker_box":2,"minecraft:redstone_wall_torch":2,"minecraft:spruce_door":6,"minecraft:crafting_table":11,"minecraft:rose_bush":1,"minecraft:sculk_sensor":85,"minecraft:lectern":101,"minecraft:sculk":1066,"minecraft:blue_bed":1,"minecraft:redstone_torch":6,"minecraft:sweet_berry_bush":2,"minecraft:yellow_bed":1,"minecraft:coal_ore":67,"minecraft:end_rod":14},"minecraft:dropped":{"minecraft:iron_sword":51,"minecraft:pink_stained_glass":1,"minecraft:lapis_lazuli":1851,"minecraft:glow_ink_sac":7,"minecraft:chorus_fruit":60,"minecraft:glass_bottle":94,"minecraft:diamond":1252,"minecraft:crafting_table":4,"minecraft:cooked_porkchop":1,"minecraft:glow_berries":4,"minecraft:cracked_stone_bricks":4,"minecraft:emerald":157,"minecraft:gold_block":313,"minecraft:netherite_boots":27,"minecraft:writable_book":10,"minecraft:sand":2,"minecraft:fishing_rod":6,"minecraft:white_wool":5,"minecraft:stone_axe":2,"minecraft:goat_horn":14,"minecraft:ancient_debris":1,"minecraft:lever":4,"minecraft:diamond_block":379,"minecraft:cobbled_deepslate":4531,"minecraft:netherite_sword":68,"minecraft:wheat":154,"minecraft:obsidian":25,"minecraft:rotten_flesh":453,"minecraft:oak_planks":1417,"minecraft:bamboo_door":2,"minecraft:glowstone_dust":1,"minecraft:nether_brick_fence":2,"minecraft:echo_shard":2,"minecraft:jungle_log":21,"minecraft:leather_boots":7,"minecraft:leather_leggings":5,"minecraft:painting":2,"minecraft:red_nether_bricks":17,"minecraft:glass":8,"minecraft:stone_brick_stairs":5,"minecraft:wheat_seeds":1547,"minecraft:dripstone_block":1,"minecraft:creeper_spawn_egg":1,"minecraft:netherite_chestplate":28,"minecraft:book":76,"minecraft:red_stained_glass":3,"minecraft:chicken_spawn_egg":5,"minecraft:bamboo_block":1,"minecraft:golden_apple":13,"minecraft:coal_block":147,"minecraft:warped_trapdoor":2,"minecraft:lava_bucket":3,"minecraft:cobweb":1,"minecraft:gray_wool":2,"minecraft:ink_sac":1,"minecraft:wooden_axe":9,"minecraft:cherry_planks":5,"minecraft:potion":91,"minecraft:white_banner":5,"minecraft:red_dye":362,"minecraft:smooth_stone":4,"minecraft:chainmail_leggings":2,"minecraft:trapped_chest":1,"minecraft:pink_stained_glass_pane":1,"minecraft:stone_brick_slab":2,"minecraft:bricks":145,"minecraft:player_head":37,"minecraft:experience_bottle":623,"minecraft:stone_shovel":1,"minecraft:iron_boots":2,"minecraft:name_tag":2,"minecraft:debug_stick":65,"minecraft:oak_sign":10,"minecraft:deepslate_lapis_ore":2,"minecraft:shears":2,"minecraft:suspicious_stew":1,"minecraft:blast_furnace":1,"minecraft:diamond_sword":134,"minecraft:cyan_wool":1,"minecraft:spruce_planks":18,"minecraft:diamond_pickaxe":26,"minecraft:redstone_torch":16,"minecraft:stone_bricks":129,"minecraft:sandstone":1,"minecraft:bow":88,"minecraft:red_sand":1,"minecraft:magma_block":138,"minecraft:soul_sand":81,"minecraft:moss_block":58,"minecraft:oak_log":4,"minecraft:ender_pearl":32,"minecraft:nether_star":24,"minecraft:dark_oak_sapling":1,"minecraft:leather":84,"minecraft:bedrock":1,"minecraft:cobblestone_stairs":1,"minecraft:redstone_lamp":1,"minecraft:dark_oak_log":128,"minecraft:polished_diorite_stairs":1,"minecraft:mutton":3,"minecraft:black_concrete":4,"minecraft:gold_ingot":534,"minecraft:spyglass":6,"minecraft:music_disc_otherside":1,"minecraft:cooked_mutton":56,"minecraft:leather_chestplate":9,"minecraft:trident":2,"minecraft:beetroot_seeds":2,"minecraft:stone_brick_wall":2,"minecraft:iron_bars":1,"minecraft:polished_granite":3,"minecraft:splash_potion":23,"minecraft:stone_hoe":1,"minecraft:bread":712,"minecraft:golden_helmet":1,"minecraft:cherry_log":1,"minecraft:netherite_axe":8,"minecraft:amethyst_block":12,"minecraft:spruce_stairs":4,"minecraft:acacia_log":46,"minecraft:iron_block":153,"minecraft:pearlescent_froglight":16,"minecraft:milk_bucket":4,"minecraft:repeater":5,"minecraft:nether_wart_block":1,"minecraft:white_concrete":3,"minecraft:polished_blackstone_brick_slab":1,"minecraft:stonecutter":4,"minecraft:raw_iron_block":302,"minecraft:cactus":1,"minecraft:tripwire_hook":535,"minecraft:redstone_block":821,"minecraft:polished_deepslate":33,"minecraft:blue_terracotta":1,"minecraft:tall_grass":1,"minecraft:bamboo_sign":2,"minecraft:totem_of_undying":177,"minecraft:shulker_box":3,"minecraft:netherite_leggings":22,"minecraft:flint_and_steel":2,"minecraft:light":5,"minecraft:deepslate_bricks":43,"minecraft:bamboo_raft":1,"minecraft:gray_terracotta":1,"minecraft:end_stone_brick_stairs":1,"minecraft:oak_button":7,"minecraft:andesite":32,"minecraft:birch_sign":2,"minecraft:cow_spawn_egg":1,"minecraft:spruce_log":329,"minecraft:wooden_pickaxe":1,"minecraft:magma_cream":3,"minecraft:amethyst_cluster":1,"minecraft:brick":64,"minecraft:repeating_command_block":5,"minecraft:short_grass":3,"minecraft:cooked_beef":2192,"minecraft:emerald_ore":8,"minecraft:crossbow":6,"minecraft:orange_tulip":4,"minecraft:music_disc_relic":1,"minecraft:glow_item_frame":1,"minecraft:rooted_dirt":9,"minecraft:saddle":1,"minecraft:elytra":9,"minecraft:leather_helmet":4,"minecraft:sentry_armor_trim_smithing_template":1,"minecraft:red_carpet":26,"minecraft:light_weighted_pressure_plate":3,"minecraft:dirt":309,"minecraft:raw_copper_block":266,"minecraft:yellow_dye":231,"minecraft:cracked_deepslate_tiles":1,"minecraft:wooden_sword":6,"minecraft:iron_pickaxe":1,"minecraft:dark_oak_boat":1,"minecraft:end_crystal":6,"minecraft:bone":485,"minecraft:emerald_block":3,"minecraft:sugar_cane":37,"minecraft:pink_dye":136,"minecraft:deepslate_brick_slab":128,"minecraft:enchanted_golden_apple":771,"minecraft:netherite_shovel":3,"minecraft:lime_dye":160,"minecraft:end_stone":1608,"minecraft:white_bed":3,"minecraft:orange_stained_glass":1,"minecraft:firework_star":64,"minecraft:tipped_arrow":259,"minecraft:deepslate_tiles":19,"minecraft:heavy_weighted_pressure_plate":1,"minecraft:honey_block":10,"minecraft:ladder":2,"minecraft:spruce_slab":3,"minecraft:end_stone_bricks":13,"minecraft:flowering_azalea_leaves":1,"minecraft:crying_obsidian":7,"minecraft:ghast_tear":30,"minecraft:enchanted_book":8,"minecraft:iron_ingot":338,"minecraft:netherite_pickaxe":40,"minecraft:mangrove_leaves":58,"minecraft:copper_block":128,"minecraft:tnt":4,"minecraft:deepslate_brick_wall":64,"minecraft:deepslate_diamond_ore":1,"minecraft:netherite_helmet":23,"minecraft:barrier":19,"minecraft:oak_fence":1,"minecraft:iron_helmet":2,"minecraft:feather":8,"minecraft:cobblestone":16834,"minecraft:purple_concrete":1,"minecraft:apple":16,"minecraft:granite":8,"minecraft:command_block":19,"minecraft:chainmail_helmet":3,"minecraft:coal":2636,"minecraft:oxeye_daisy":2,"minecraft:sculk":11,"minecraft:wooden_hoe":3,"minecraft:sponge":1,"minecraft:rose_bush":1,"minecraft:rabbit":1,"minecraft:diamond_helmet":55,"minecraft:paper":167,"minecraft:string":94,"minecraft:spruce_sapling":3,"minecraft:bamboo_planks":36,"minecraft:purpur_pillar":12,"minecraft:furnace":1,"minecraft:moss_carpet":30,"minecraft:zombie_spawn_egg":2,"minecraft:netherite_ingot":70,"minecraft:stone_sword":8,"minecraft:smooth_stone_slab":14,"minecraft:deepslate":3,"minecraft:diamond_hoe":1,"minecraft:slime_block":191,"minecraft:stone_slab":5,"minecraft:diamond_ore":5,"minecraft:purple_stained_glass":3,"minecraft:lily_of_the_valley":1,"minecraft:light_blue_dye":172,"minecraft:potato":4921,"minecraft:polished_granite_stairs":64,"minecraft:stone":523,"minecraft:spider_eye":21,"minecraft:dark_prismarine":5,"minecraft:spruce_sign":1,"minecraft:baked_potato":18,"minecraft:netherite_upgrade_smithing_template":6,"minecraft:lantern":1,"minecraft:creeper_banner_pattern":3,"minecraft:deepslate_tile_stairs":2,"minecraft:cornflower":1,"minecraft:coast_armor_trim_smithing_template":3,"minecraft:cooked_cod":10,"minecraft:polished_blackstone_bricks":1,"minecraft:birch_log":63,"minecraft:armor_stand":2,"minecraft:honeycomb_block":64,"minecraft:gravel":121,"minecraft:blackstone":1,"minecraft:mangrove_roots":588,"minecraft:yellow_wool":64,"minecraft:lime_wool":2,"minecraft:cherry_sapling":14,"minecraft:diamond_shovel":1,"minecraft:prismarine":11,"minecraft:carrot":129,"minecraft:chainmail_chestplate":3,"minecraft:shulker_shell":14,"minecraft:poppy":40,"minecraft:rabbit_hide":1,"minecraft:gunpowder":141,"minecraft:lingering_potion":2,"minecraft:spruce_pressure_plate":2,"minecraft:glowstone":1,"minecraft:chainmail_boots":2,"minecraft:chest":37,"minecraft:arrow":323,"minecraft:powered_rail":3,"minecraft:prismarine_bricks":13,"minecraft:chain_command_block":21,"minecraft:written_book":15,"minecraft:oak_leaves":2,"minecraft:netherrack":136,"minecraft:firework_rocket":286,"minecraft:water_bucket":2,"minecraft:oak_slab":1,"minecraft:mossy_cobblestone":187,"minecraft:minecart":5,"minecraft:smithing_table":2,"minecraft:diamond_leggings":77,"minecraft:poisonous_potato":64,"minecraft:prismarine_shard":9,"minecraft:lead":7,"minecraft:sculk_vein":1,"minecraft:spectral_arrow":12,"minecraft:copper_ingot":1244,"minecraft:grass_block":216,"minecraft:stick":21,"minecraft:diorite":48,"minecraft:torch":74,"minecraft:iron_leggings":2,"minecraft:crimson_fence":1,"minecraft:flowering_azalea":1,"minecraft:iron_axe":3,"minecraft:granite_stairs":33,"minecraft:pink_petals":1,"minecraft:bucket":4,"minecraft:lapis_block":737,"minecraft:dandelion":6,"minecraft:smooth_basalt":48,"minecraft:redstone":946,"minecraft:farmland":1,"minecraft:chiseled_quartz_block":1,"minecraft:ender_chest":2,"minecraft:nether_wart":1,"minecraft:coarse_dirt":5,"minecraft:blaze_rod":9,"minecraft:raw_copper":2649,"minecraft:tuff":1822,"minecraft:raw_iron":2123,"minecraft:wither_skeleton_skull":86,"minecraft:filled_map":9,"minecraft:snow":1,"minecraft:shield":29,"minecraft:diamond_chestplate":62,"minecraft:iron_chestplate":7,"minecraft:cake":1,"minecraft:mossy_stone_bricks":2,"minecraft:golden_sword":24,"minecraft:diamond_boots":70,"minecraft:slime_ball":666,"minecraft:beacon":3,"minecraft:stone_pickaxe":2,"minecraft:raw_gold":632,"minecraft:cracked_deepslate_bricks":3,"minecraft:calcite":11},"minecraft:killed":{"minecraft:zombie_horse":1,"minecraft:guardian":2,"minecraft:salmon":2,"minecraft:iron_golem":61,"minecraft:pillager":201,"minecraft:zombie":856,"minecraft:endermite":108,"minecraft:warden":27,"minecraft:husk":50,"minecraft:rabbit":22,"minecraft:polar_bear":4,"minecraft:zombified_piglin":1,"minecraft:witch":6,"minecraft:spider":63,"minecraft:wither":66,"minecraft:bee":27,"minecraft:axolotl":7,"minecraft:piglin":1,"minecraft:zombie_villager":6,"minecraft:sheep":20,"minecraft:trader_llama":1,"minecraft:ghast":43,"minecraft:giant":17,"minecraft:allay":1,"minecraft:slime":1034,"minecraft:drowned":2,"minecraft:squid":4,"minecraft:wither_skeleton":311,"minecraft:villager":18,"minecraft:cave_spider":20,"minecraft:shulker":36,"minecraft:skeleton":160,"minecraft:chicken":61,"minecraft:cat":3,"minecraft:magma_cube":21,"minecraft:glow_squid":3,"minecraft:cow":22,"minecraft:zoglin":9,"minecraft:horse":13,"minecraft:wandering_trader":1,"minecraft:enderman":44,"minecraft:wolf":6,"minecraft:pig":13,"minecraft:creeper":31,"minecraft:stray":2,"minecraft:blaze":21,"minecraft:phantom":17,"minecraft:bat":10},"minecraft:broken":{"minecraft:netherite_axe":1,"minecraft:diamond_helmet":37,"minecraft:crossbow":1,"minecraft:leather_helmet":2,"minecraft:netherite_helmet":6,"minecraft:chainmail_leggings":1,"minecraft:diamond_leggings":25,"minecraft:shield":1,"minecraft:iron_pickaxe":1,"minecraft:netherite_boots":4,"minecraft:leather_leggings":2,"minecraft:diamond_boots":29,"minecraft:diamond_chestplate":24,"minecraft:netherite_chestplate":3,"minecraft:chainmail_boots":1,"minecraft:iron_sword":2,"minecraft:netherite_leggings":4,"minecraft:chainmail_helmet":2,"minecraft:golden_helmet":1,"minecraft:chainmail_chestplate":1,"minecraft:flint_and_steel":1,"minecraft:leather_chestplate":1,"minecraft:leather_boots":2},"minecraft:crafted":{"minecraft:blaze_powder":2,"minecraft:shulker_box":10,"minecraft:feather":1,"minecraft:raw_gold_block":69,"minecraft:mossy_cobblestone":1,"minecraft:sentry_armor_trim_smithing_template":10,"minecraft:lectern":3,"minecraft:golden_leggings":1,"minecraft:iron_pickaxe":1,"minecraft:golden_carrot":2,"minecraft:jukebox":1,"minecraft:orange_shulker_box":1,"minecraft:spyglass":2,"minecraft:blue_shulker_box":1,"minecraft:lantern":10,"minecraft:red_shulker_box":1,"minecraft:stone_pickaxe":1,"minecraft:enchanting_table":1,"minecraft:leather_helmet":1,"minecraft:deepslate_tiles":60,"minecraft:enchanted_book":13,"minecraft:fermented_spider_eye":2,"minecraft:writable_book":17,"minecraft:stone":309,"minecraft:bamboo_door":3,"minecraft:bow":4,"minecraft:chest":53,"minecraft:copper_block":99,"minecraft:rail":16,"minecraft:golden_boots":1,"minecraft:iron_helmet":1,"minecraft:netherite_block":1,"minecraft:stick":128,"minecraft:iron_ingot":1250,"minecraft:deepslate_bricks":8,"minecraft:netherite_sword":9,"minecraft:leather_boots":1,"minecraft:golden_chestplate":1,"minecraft:furnace":4,"minecraft:blast_furnace":1,"minecraft:raw_copper_block":418,"minecraft:glistering_melon_slice":1,"minecraft:nether_star":1,"minecraft:iron_sword":3,"minecraft:stonecutter":2,"minecraft:anvil":2,"minecraft:torch":188,"minecraft:bamboo_trapdoor":4,"minecraft:diamond_chestplate":1,"minecraft:smooth_stone":3,"minecraft:slime_block":62,"minecraft:bookshelf":38,"minecraft:iron_bars":192,"minecraft:diamond_leggings":11,"minecraft:bamboo_raft":3,"minecraft:glass_bottle":18,"minecraft:emerald":83,"minecraft:diamond_axe":1,"minecraft:clock":2,"minecraft:copper_ingot":671,"minecraft:blaze_rod":1,"minecraft:lime_shulker_box":1,"minecraft:cherry_sign":15,"minecraft:iron_block":480,"minecraft:gold_ingot":452,"minecraft:elytra":2,"minecraft:leather_leggings":1,"minecraft:polished_deepslate_stairs":1,"minecraft:bone_meal":18,"minecraft:diamond":118,"minecraft:redstone_block":740,"minecraft:golden_helmet":1,"minecraft:wheat":108,"minecraft:coal_block":305,"minecraft:netherite_pickaxe":4,"minecraft:golden_apple":2,"minecraft:gray_shulker_box":1,"minecraft:wooden_axe":1,"minecraft:iron_leggings":1,"minecraft:deepslate_tile_stairs":1,"minecraft:oak_planks":440,"minecraft:hopper":2,"minecraft:iron_boots":1,"minecraft:raw_copper":2627,"minecraft:netherite_upgrade_smithing_template":16,"minecraft:golden_sword":6,"minecraft:raw_iron_block":392,"minecraft:oak_slab":12,"minecraft:crafting_table":13,"minecraft:spruce_planks":16,"minecraft:wooden_pickaxe":1,"minecraft:gold_block":629,"minecraft:brewing_stand":1,"minecraft:black_shulker_box":1,"minecraft:book":64,"minecraft:iron_chestplate":1,"minecraft:paper":192,"minecraft:diamond_pickaxe":1,"minecraft:emerald_block":1,"minecraft:shield":10,"minecraft:leather_chestplate":1,"minecraft:sponge":2,"minecraft:cherry_planks":4,"minecraft:wooden_sword":1,"minecraft:raw_iron":1703,"minecraft:redstone":1102,"minecraft:coal":351,"minecraft:diamond_block":105,"minecraft:warped_fence":12,"minecraft:yellow_shulker_box":1,"minecraft:polished_deepslate":100,"minecraft:slime_ball":4048,"minecraft:minecart":1,"minecraft:sugar":14,"minecraft:diamond_sword":4,"minecraft:air":0,"minecraft:bread":336,"minecraft:blue_dye":1,"minecraft:gold_nugget":171,"minecraft:raw_gold":621,"minecraft:lapis_lazuli":1728,"minecraft:lapis_block":1729},"minecraft:used":{"minecraft:moss_block":131,"minecraft:writable_book":36,"minecraft:chiseled_deepslate":1847,"minecraft:smooth_quartz_slab":9,"minecraft:poppy":8,"minecraft:black_carpet":7,"minecraft:stone":433,"minecraft:red_nether_brick_stairs":45,"minecraft:farmland":48,"minecraft:rotten_flesh":10,"minecraft:soul_sand":208,"minecraft:cracked_deepslate_tiles":7,"minecraft:snowball":4,"minecraft:weeping_vines":26,"minecraft:lava_bucket":197,"minecraft:lime_banner":18,"minecraft:quartz_pillar":7,"minecraft:villager_spawn_egg":30,"minecraft:mangrove_stairs":5,"minecraft:red_wool":2,"minecraft:deepslate_copper_ore":6,"minecraft:quartz_block":67,"minecraft:netherite_hoe":115,"minecraft:dark_oak_slab":19,"minecraft:cherry_leaves":85,"minecraft:netherite_boots":27,"minecraft:infested_mossy_stone_bricks":20,"minecraft:bow":1752,"minecraft:oak_sapling":1,"minecraft:cooked_cod":5,"minecraft:acacia_fence":19,"minecraft:end_stone_brick_stairs":44,"minecraft:mossy_stone_bricks":598,"minecraft:leather_leggings":2,"minecraft:bamboo_mosaic":1,"minecraft:cow_spawn_egg":6,"minecraft:chorus_fruit":168,"minecraft:cactus":4,"minecraft:blackstone":40,"minecraft:wooden_pickaxe":4,"minecraft:leather_chestplate":2,"minecraft:black_glazed_terracotta":2,"minecraft:composter":1,"minecraft:clay":45,"minecraft:golden_apple":26,"minecraft:blast_furnace":51,"minecraft:chiseled_quartz_block":58,"minecraft:gray_concrete":8,"minecraft:bamboo_button":9,"minecraft:deepslate_brick_stairs":515,"minecraft:birch_fence":38,"minecraft:red_sandstone":1,"minecraft:birch_slab":26,"minecraft:zombie_head":18,"minecraft:deepslate_iron_ore":12,"minecraft:oak_pressure_plate":1,"minecraft:flowering_azalea_leaves":12,"minecraft:nether_wart_block":70,"minecraft:diamond_sword":11736,"minecraft:coal_block":131,"minecraft:smithing_table":10,"minecraft:poisonous_potato":1,"minecraft:birch_log":22,"minecraft:polished_blackstone_brick_slab":1,"minecraft:enchanting_table":1,"minecraft:armor_stand":42,"minecraft:light_gray_carpet":2,"minecraft:tinted_glass":91,"minecraft:wither_skeleton_spawn_egg":7,"minecraft:mangrove_fence":6,"minecraft:cooked_salmon":2,"minecraft:structure_block":40,"minecraft:orange_stained_glass":35,"minecraft:torch":593,"minecraft:brewing_stand":2,"minecraft:chainmail_chestplate":3,"minecraft:oak_fence_gate":11,"minecraft:mossy_cobblestone_stairs":122,"minecraft:sea_lantern":110,"minecraft:muddy_mangrove_roots":7,"minecraft:iron_block":107,"minecraft:light_weighted_pressure_plate":30,"minecraft:jungle_log":19,"minecraft:diamond_chestplate":52,"minecraft:lime_concrete":21,"minecraft:warped_stairs":12,"minecraft:podzol":60,"minecraft:trapped_chest":56,"minecraft:cherry_log":25,"minecraft:deepslate_emerald_ore":16,"minecraft:calcite":27,"minecraft:wheat_seeds":40,"minecraft:warped_stem":1,"minecraft:cauldron":2,"minecraft:glow_ink_sac":6,"minecraft:spruce_fence_gate":13,"minecraft:leather_boots":2,"minecraft:deepslate_bricks":456,"minecraft:diamond_block":709,"minecraft:rail":17,"minecraft:crimson_trapdoor":1,"minecraft:red_bed":50,"minecraft:sculk_shrieker":1,"minecraft:campfire":23,"minecraft:white_bed":58,"minecraft:spruce_log":62,"minecraft:amethyst_cluster":1,"minecraft:blue_stained_glass_pane":5,"minecraft:diamond_pickaxe":1540,"minecraft:warped_trapdoor":21,"minecraft:diamond_shovel":843,"minecraft:oak_button":35,"minecraft:spruce_pressure_plate":3,"minecraft:leather_helmet":1,"minecraft:spruce_trapdoor":4,"minecraft:spruce_sapling":11,"minecraft:blue_carpet":47,"minecraft:green_carpet":49,"minecraft:potion":123,"minecraft:crimson_stairs":9,"minecraft:cooked_porkchop":16,"minecraft:repeating_command_block":40,"minecraft:dandelion":3,"minecraft:diamond_leggings":128,"minecraft:cherry_sapling":1,"minecraft:moss_carpet":7,"minecraft:blue_terracotta":11,"minecraft:polished_deepslate":869,"minecraft:light_gray_stained_glass_pane":4,"minecraft:bone_block":9,"minecraft:nether_wart":36,"minecraft:creeper_head":1,"minecraft:green_terracotta":40,"minecraft:mutton":9,"minecraft:jungle_planks":1,"minecraft:obsidian":150,"minecraft:crimson_button":2,"minecraft:bricks":97,"minecraft:lantern":108,"minecraft:green_wool":35,"minecraft:polished_blackstone_brick_wall":1,"minecraft:mossy_cobblestone_slab":60,"minecraft:item_frame":14,"minecraft:deepslate_diamond_ore":9,"minecraft:birch_button":4,"minecraft:birch_trapdoor":2,"minecraft:written_book":66,"minecraft:mangrove_roots":4,"minecraft:blue_shulker_box":3,"minecraft:gold_block":480,"minecraft:skeleton_skull":23,"minecraft:dark_oak_sapling":15,"minecraft:bamboo_trapdoor":5,"minecraft:end_rod":44,"minecraft:diamond_boots":27,"minecraft:wither_skeleton_skull":47,"minecraft:stone_pickaxe":85,"minecraft:jungle_fence":1,"minecraft:oak_planks":204,"minecraft:sandstone":21,"minecraft:chainmail_helmet":3,"minecraft:structure_void":4,"minecraft:diamond_axe":201,"minecraft:calibrated_sculk_sensor":3,"minecraft:bamboo_stairs":1,"minecraft:white_wool":225,"minecraft:netherite_leggings":47,"minecraft:lime_stained_glass_pane":1,"minecraft:yellow_concrete":50,"minecraft:crossbow":166,"minecraft:ochre_froglight":10,"minecraft:lingering_potion":199,"minecraft:end_stone":699,"minecraft:creeper_spawn_egg":59,"minecraft:sticky_piston":17,"minecraft:lever":10,"minecraft:daylight_detector":1,"minecraft:dark_oak_log":3,"minecraft:bread":53,"minecraft:barrier":309,"minecraft:brown_wool":5,"minecraft:iron_door":24,"minecraft:deepslate":201,"minecraft:chain":53,"minecraft:smooth_stone_slab":120,"minecraft:mossy_cobblestone_wall":15,"minecraft:coarse_dirt":5,"minecraft:bone_meal":327,"minecraft:netherite_sword":10720,"minecraft:flint_and_steel":209,"minecraft:redstone":218,"minecraft:ender_chest":22,"minecraft:stone_hoe":2561,"minecraft:cooked_chicken":3,"minecraft:dirt":520,"minecraft:spruce_fence":313,"minecraft:wooden_axe":198,"minecraft:light_gray_stained_glass":1,"minecraft:oak_stairs":54,"minecraft:black_stained_glass":13,"minecraft:soul_soil":14,"minecraft:deepslate_tile_stairs":17,"minecraft:netherite_pickaxe":42968,"minecraft:minecart":11,"minecraft:cyan_concrete_powder":1,"minecraft:cooked_beef":477,"minecraft:enchanted_golden_apple":1043,"minecraft:bamboo_planks":2,"minecraft:quartz_bricks":1,"minecraft:cobblestone_stairs":41,"minecraft:snow_block":3,"minecraft:cut_sandstone":17,"minecraft:spruce_sign":25,"minecraft:waxed_copper_block":9,"minecraft:bamboo_block":1,"minecraft:gray_terracotta":2,"minecraft:piston":4,"minecraft:flower_pot":32,"minecraft:black_wool":339,"minecraft:command_block":123,"minecraft:detector_rail":6,"minecraft:yellow_wool":4,"minecraft:magenta_banner":1,"minecraft:pink_petals":55,"minecraft:crimson_fungus":3,"minecraft:end_crystal":17,"minecraft:lapis_block":39,"minecraft:chain_command_block":99,"minecraft:wither_rose":27,"minecraft:gray_wool":2,"minecraft:sculk_catalyst":34,"minecraft:nether_brick_fence":61,"minecraft:bamboo_sign":19,"minecraft:spruce_slab":141,"minecraft:ladder":179,"minecraft:elytra":11,"minecraft:chest":286,"minecraft:skeleton_spawn_egg":18,"minecraft:blue_stained_glass":35,"minecraft:yellow_candle":4,"minecraft:warden_spawn_egg":10,"minecraft:music_disc_relic":8,"minecraft:honey_block":102,"minecraft:netherite_shovel":19,"minecraft:black_stained_glass_pane":12,"minecraft:grass_block":1934,"minecraft:orange_shulker_box":3,"minecraft:polished_andesite_stairs":17,"minecraft:copper_ore":7,"minecraft:cherry_button":2,"minecraft:stone_brick_stairs":23,"minecraft:blue_banner":1,"minecraft:snow":5,"minecraft:dark_oak_boat":11,"minecraft:furnace":6,"minecraft:egg":2,"minecraft:potato":42,"minecraft:dragon_head":2,"minecraft:short_grass":117,"minecraft:emerald_ore":15,"minecraft:end_stone_bricks":12,"minecraft:spruce_door":5,"minecraft:red_stained_glass":151,"minecraft:acacia_trapdoor":9,"minecraft:powered_rail":21,"minecraft:blackstone_stairs":213,"minecraft:purpur_pillar":83,"minecraft:smooth_quartz_stairs":211,"minecraft:oak_leaves":27,"minecraft:sand":110,"minecraft:blue_ice":75,"minecraft:netherite_helmet":18,"minecraft:black_concrete_powder":86,"minecraft:deepslate_tiles":1623,"minecraft:crying_obsidian":455,"minecraft:verdant_froglight":255,"minecraft:lectern":111,"minecraft:polished_granite":47,"minecraft:cherry_sign":21,"minecraft:diamond_ore":3,"minecraft:soul_lantern":16,"minecraft:magenta_stained_glass_pane":20,"minecraft:green_candle":6,"minecraft:pink_stained_glass":147,"minecraft:gray_stained_glass":4,"minecraft:iron_bars":526,"minecraft:stone_sword":194,"minecraft:acacia_log":7,"minecraft:mycelium":29,"minecraft:netherrack":136,"minecraft:anvil":83,"minecraft:crimson_hyphae":3,"minecraft:jungle_trapdoor":75,"minecraft:blue_concrete":56,"minecraft:nether_brick_stairs":108,"minecraft:shroomlight":25,"minecraft:red_shulker_box":3,"minecraft:flowering_azalea":1,"minecraft:slime_block":30,"minecraft:rooted_dirt":3,"minecraft:spruce_button":18,"minecraft:warped_fence":27,"minecraft:spawner":77,"minecraft:chicken_spawn_egg":358,"minecraft:smooth_quartz":9,"minecraft:totem_of_undying":14,"minecraft:pink_stained_glass_pane":71,"minecraft:purple_concrete":116,"minecraft:glowstone":15,"minecraft:tall_grass":4,"minecraft:iron_trapdoor":1,"minecraft:goat_horn":166,"minecraft:cobbled_deepslate":1322,"minecraft:cherry_fence":85,"minecraft:crimson_stem":6,"minecraft:water_bucket":286,"minecraft:dirt_path":1,"minecraft:sandstone_stairs":1,"minecraft:yellow_shulker_box":3,"minecraft:lime_wool":771,"minecraft:cartography_table":1,"minecraft:red_mushroom_block":1,"minecraft:fletching_table":1,"minecraft:polished_blackstone_bricks":27,"minecraft:cracked_stone_bricks":39,"minecraft:gilded_blackstone":164,"minecraft:mossy_cobblestone":11,"minecraft:lime_terracotta":129,"minecraft:comparator":3,"minecraft:vine":65,"minecraft:oak_slab":38,"minecraft:tnt":4,"minecraft:crafting_table":33,"minecraft:birch_sign":13,"minecraft:lime_shulker_box":42,"minecraft:cake":1,"minecraft:oak_log":67,"minecraft:mud":1,"minecraft:light":118,"minecraft:ghast_spawn_egg":9,"minecraft:iron_pickaxe":250,"minecraft:cyan_concrete":26,"minecraft:cobblestone":232,"minecraft:acacia_pressure_plate":4,"minecraft:sandstone_slab":15,"minecraft:glass_pane":84,"minecraft:black_candle":1,"minecraft:sculk_vein":576,"minecraft:jukebox":2,"minecraft:purple_candle":1,"minecraft:diamond_hoe":1263,"minecraft:oak_sign":96,"minecraft:mangrove_button":3,"minecraft:white_concrete_powder":2,"minecraft:shield":228,"minecraft:white_terracotta":2,"minecraft:iron_sword":852,"minecraft:zombie_spawn_egg":735,"minecraft:player_head":72,"minecraft:sculk_sensor":4,"minecraft:iron_chestplate":1,"minecraft:white_candle":20,"minecraft:debug_stick":243,"minecraft:prismarine_brick_stairs":7,"minecraft:carrot":12,"minecraft:deepslate_tile_slab":41,"minecraft:tuff":499,"minecraft:music_disc_11":1,"minecraft:cyan_wool":25,"minecraft:milk_bucket":36,"minecraft:polished_deepslate_stairs":1,"minecraft:glass":1637,"minecraft:coal_ore":5,"minecraft:crimson_roots":5,"minecraft:stone_bricks":340,"minecraft:bedrock":244,"minecraft:red_carpet":33,"minecraft:repeater":84,"minecraft:redstone_lamp":60,"minecraft:magma_block":17,"minecraft:brown_carpet":36,"minecraft:warped_fungus":5,"minecraft:scaffolding":3,"minecraft:oxidized_cut_copper_stairs":34,"minecraft:beetroot_seeds":4,"minecraft:polished_diorite_stairs":137,"minecraft:pearlescent_froglight":260,"minecraft:dark_oak_stairs":7,"minecraft:ender_pearl":674,"minecraft:redstone_block":273,"minecraft:blue_bed":1,"minecraft:loom":5,"minecraft:black_banner":20,"minecraft:light_gray_terracotta":1,"minecraft:deepslate_redstone_ore":3,"minecraft:sponge":12,"minecraft:blackstone_wall":50,"minecraft:stone_brick_wall":2,"minecraft:shears":1,"minecraft:redstone_torch":29,"minecraft:black_concrete":456,"minecraft:firework_rocket":703,"minecraft:gray_shulker_box":3,"minecraft:heavy_weighted_pressure_plate":28,"minecraft:string":4,"minecraft:gravel":55,"minecraft:blackstone_slab":23,"minecraft:jungle_sign":4,"minecraft:chainmail_boots":5,"minecraft:stripped_oak_wood":1,"minecraft:andesite":7,"minecraft:white_concrete":1531,"minecraft:air":1,"minecraft:cobweb":39,"minecraft:experience_bottle":1075,"minecraft:oak_fence":25,"minecraft:purpur_block":4,"minecraft:trident":112,"minecraft:music_disc_otherside":5,"minecraft:cracked_deepslate_bricks":2,"minecraft:stone_shovel":5,"minecraft:zombie_villager_spawn_egg":1,"minecraft:spruce_planks":12,"minecraft:sculk":376,"minecraft:bamboo_door":4,"minecraft:oak_door":3,"minecraft:spyglass":142,"minecraft:white_carpet":41,"minecraft:hopper":16,"minecraft:spruce_stairs":10,"minecraft:cobblestone_wall":2,"minecraft:shulker_box":17,"minecraft:diamond_helmet":29,"minecraft:warped_door":1,"minecraft:granite":5,"minecraft:light_blue_stained_glass":16,"minecraft:birch_door":2,"minecraft:purple_stained_glass_pane":49,"minecraft:stone_brick_slab":13,"minecraft:dark_oak_planks":1,"minecraft:bamboo_raft":4,"minecraft:bookshelf":39,"minecraft:light_gray_wool":13,"minecraft:emerald_block":57,"minecraft:white_stained_glass_pane":1,"minecraft:cooked_mutton":10,"minecraft:iron_ore":2,"minecraft:amethyst_block":155,"minecraft:netherite_chestplate":20,"minecraft:polished_andesite":6,"minecraft:glass_bottle":14,"minecraft:blue_wool":108,"minecraft:black_shulker_box":4,"minecraft:magenta_stained_glass":84,"minecraft:beacon":7,"minecraft:stonecutter":4,"minecraft:cobblestone_slab":5,"minecraft:glow_item_frame":94,"minecraft:polished_blackstone_pressure_plate":4,"minecraft:painting":10,"minecraft:piglin_head":2,"minecraft:dark_oak_door":4,"minecraft:purple_stained_glass":343,"minecraft:acacia_stairs":12,"minecraft:activator_rail":3,"minecraft:apple":8,"minecraft:netherite_axe":7124,"minecraft:fishing_rod":140,"minecraft:white_banner":26,"minecraft:jungle_door":1,"minecraft:red_banner":3,"minecraft:bucket":168,"minecraft:yellow_bed":4,"minecraft:splash_potion":667,"minecraft:soul_torch":176,"minecraft:chainmail_leggings":4},"minecraft:picked_up":{"minecraft:lead":71,"minecraft:smithing_table":5,"minecraft:stone_slab":5,"minecraft:enchanted_book":5,"minecraft:polished_deepslate":55,"minecraft:string":195,"minecraft:pufferfish":1,"minecraft:diamond_leggings":83,"minecraft:spruce_pressure_plate":1,"minecraft:jukebox":1,"minecraft:acacia_log":645,"minecraft:purpur_pillar":108,"minecraft:honeycomb_block":128,"minecraft:end_crystal":1,"minecraft:golden_chestplate":1,"minecraft:gray_shulker_box":2,"minecraft:stone_sword":11,"minecraft:command_block":61,"minecraft:vex_armor_trim_smithing_template":1,"minecraft:red_tulip":1,"minecraft:glowstone":65,"minecraft:end_rod":14,"minecraft:blaze_rod":34,"minecraft:iron_bars":144,"minecraft:snowball":36,"minecraft:sponge":24,"minecraft:barrier":2,"minecraft:feather":64,"minecraft:cooked_beef":3796,"minecraft:water_bucket":6,"minecraft:dark_oak_boat":1,"minecraft:copper_block":63,"minecraft:flint":608,"minecraft:lantern":8,"minecraft:stonecutter":70,"minecraft:rabbit":23,"minecraft:diamond_helmet":56,"minecraft:lime_terracotta":3,"minecraft:netherite_block":1,"minecraft:deepslate":1,"minecraft:lever":66,"minecraft:granite":7,"minecraft:spruce_button":13,"minecraft:golden_horse_armor":1,"minecraft:rooted_dirt":8,"minecraft:deepslate_coal_ore":6,"minecraft:diamond_pickaxe":22,"minecraft:bee_nest":3,"minecraft:clay_ball":264,"minecraft:leather_leggings":5,"minecraft:dragon_head":3,"minecraft:purpur_block":50,"minecraft:yellow_candle":7,"minecraft:cornflower":1,"minecraft:elytra":8,"minecraft:flint_and_steel":2,"minecraft:white_carpet":5,"minecraft:netherite_sword":67,"minecraft:jungle_sapling":1,"minecraft:poppy":78,"minecraft:minecart":5,"minecraft:cherry_button":1,"minecraft:piston":1,"minecraft:copper_ore":1,"minecraft:lime_shulker_box":2,"minecraft:stone":1075,"minecraft:netherite_pickaxe":37,"minecraft:stone_shovel":1,"minecraft:bamboo_sign":7,"minecraft:diamond_chestplate":65,"minecraft:hay_block":76,"minecraft:purpur_slab":4,"minecraft:cracked_deepslate_bricks":5,"minecraft:totem_of_undying":110,"minecraft:mutton":14,"minecraft:rail":2,"minecraft:emerald_ore":10,"minecraft:oxeye_daisy":3,"minecraft:yellow_shulker_box":2,"minecraft:clock":1,"minecraft:tripwire_hook":391,"minecraft:yellow_dye":491,"minecraft:purpur_stairs":12,"minecraft:paper":295,"minecraft:apple":28,"minecraft:oak_fence_gate":10,"minecraft:stone_pickaxe":1,"minecraft:cherry_sign":2,"minecraft:iron_ore":1,"minecraft:smooth_basalt":48,"minecraft:milk_bucket":3,"minecraft:sweet_berries":7,"minecraft:crying_obsidian":3,"minecraft:leather_helmet":5,"minecraft:coal_ore":1,"minecraft:slime_ball":2377,"minecraft:rib_armor_trim_smithing_template":1,"minecraft:deepslate_redstone_ore":11,"minecraft:birch_sign":2,"minecraft:baked_potato":3,"minecraft:hopper":39,"minecraft:ender_chest":1,"minecraft:sentry_armor_trim_smithing_template":5,"minecraft:stone_brick_stairs":3,"minecraft:lapis_block":162,"minecraft:deepslate_lapis_ore":13,"minecraft:experience_bottle":704,"minecraft:smooth_stone":8,"minecraft:comparator":2,"minecraft:bucket":22,"minecraft:light_weighted_pressure_plate":2,"minecraft:red_dye":260,"minecraft:rose_bush":2,"minecraft:deepslate_iron_ore":7,"minecraft:tipped_arrow":259,"minecraft:polished_deepslate_stairs":1,"minecraft:spruce_stairs":3,"minecraft:netherite_shovel":3,"minecraft:diorite":48,"minecraft:goat_horn":14,"minecraft:rotten_flesh":1452,"minecraft:mangrove_roots":775,"minecraft:deepslate_copper_ore":10,"minecraft:deepslate_brick_stairs":9,"minecraft:obsidian":117,"minecraft:cobblestone":17883,"minecraft:pink_petals":50,"minecraft:muddy_mangrove_roots":6,"minecraft:leather_chestplate":10,"minecraft:repeater":18,"minecraft:andesite":27,"minecraft:black_bed":1,"minecraft:golden_leggings":1,"minecraft:beacon":5,"minecraft:potato":7340,"minecraft:prismarine_bricks":26,"minecraft:silence_armor_trim_smithing_template":1,"minecraft:dirt":562,"minecraft:name_tag":2,"minecraft:glass":35,"minecraft:bone":1388,"minecraft:bow":30,"minecraft:orange_tulip":1,"minecraft:wheat_seeds":6878,"minecraft:crimson_fence_gate":64,"minecraft:grindstone":64,"minecraft:netherite_axe":12,"minecraft:mossy_stone_bricks":4,"minecraft:prismarine":22,"minecraft:grass_block":1,"minecraft:diamond_block":721,"minecraft:spectral_arrow":19,"minecraft:mossy_cobblestone":304,"minecraft:sugar":2,"minecraft:slime_block":156,"minecraft:netherite_helmet":23,"minecraft:soul_lantern":2,"minecraft:crossbow":18,"minecraft:bone_meal":65,"minecraft:golden_apple":11,"minecraft:emerald":803,"minecraft:netherrack":137,"minecraft:chorus_fruit":211,"minecraft:splash_potion":49,"minecraft:ladder":71,"minecraft:stone_brick_wall":2,"minecraft:chain":17,"minecraft:brick":128,"minecraft:shield":29,"minecraft:moss_carpet":30,"minecraft:creeper_banner_pattern":1,"minecraft:spire_armor_trim_smithing_template":1,"minecraft:end_stone":459,"minecraft:music_disc_11":2,"minecraft:trident":3,"minecraft:bamboo_button":1,"minecraft:weeping_vines":3,"minecraft:red_shulker_box":2,"minecraft:ward_armor_trim_smithing_template":1,"minecraft:black_banner":3,"minecraft:netherite_boots":27,"minecraft:magenta_banner":1,"minecraft:leather":370,"minecraft:granite_stairs":33,"minecraft:yellow_bed":1,"minecraft:gunpowder":336,"minecraft:cooked_mutton":119,"minecraft:coast_armor_trim_smithing_template":1,"minecraft:red_carpet":40,"minecraft:pearlescent_froglight":4,"minecraft:rabbit_hide":11,"minecraft:iron_ingot":704,"minecraft:cooked_chicken":46,"minecraft:sculk_catalyst":24,"minecraft:black_candle":1,"minecraft:emerald_block":136,"minecraft:dandelion":14,"minecraft:quartz":64,"minecraft:amethyst_shard":209,"minecraft:spruce_door":182,"minecraft:polished_diorite_stairs":1,"minecraft:mangrove_leaves":59,"minecraft:chainmail_leggings":2,"minecraft:cherry_sapling":15,"minecraft:wooden_axe":6,"minecraft:iron_chestplate":6,"minecraft:anvil":14,"minecraft:chainmail_boots":2,"minecraft:creeper_head":1,"minecraft:flower_pot":64,"minecraft:prismarine_shard":50,"minecraft:diamond_sword":183,"minecraft:wither_rose":2,"minecraft:birch_button":3,"minecraft:brewing_stand":3,"minecraft:light":1,"minecraft:golden_sword":34,"minecraft:amethyst_block":86,"minecraft:cooked_salmon":3,"minecraft:beetroot":2,"minecraft:gold_nugget":321,"minecraft:cobbled_deepslate":8823,"minecraft:spruce_planks":91,"minecraft:written_book":19,"minecraft:netherite_upgrade_smithing_template":5,"minecraft:enchanted_golden_apple":505,"minecraft:coal_block":39,"minecraft:golden_helmet":2,"minecraft:cherry_log":99,"minecraft:bamboo_door":3,"minecraft:deepslate_tile_stairs":3,"minecraft:rabbit_foot":67,"minecraft:tropical_fish":2,"minecraft:iron_block":264,"minecraft:netherite_chestplate":30,"minecraft:birch_log":656,"minecraft:magma_block":25,"minecraft:jungle_log":511,"minecraft:iron_door":1,"minecraft:birch_slab":64,"minecraft:netherite_leggings":24,"minecraft:disc_fragment_5":64,"minecraft:chipped_anvil":1,"minecraft:glowstone_dust":65,"minecraft:moss_block":2,"minecraft:ink_sac":34,"minecraft:fermented_spider_eye":64,"minecraft:dark_oak_log":4305,"minecraft:barrel":64,"minecraft:writable_book":4,"minecraft:chainmail_helmet":3,"minecraft:bread":520,"minecraft:coarse_dirt":8,"minecraft:crafting_table":10,"minecraft:nether_wart":60,"minecraft:red_bed":33,"minecraft:cracked_stone_bricks":5,"minecraft:deepslate_diamond_ore":6,"minecraft:music_disc_otherside":8,"minecraft:beef":15,"minecraft:cyan_wool":1,"minecraft:chest":123,"minecraft:raw_copper_block":140,"minecraft:egg":32,"minecraft:sandstone":15,"minecraft:oak_door":1,"minecraft:glow_item_frame":15,"minecraft:carrot":175,"minecraft:redstone":11833,"minecraft:blue_carpet":2,"minecraft:prismarine_crystals":64,"minecraft:chicken_spawn_egg":3,"minecraft:tnt":2,"minecraft:polished_granite_stairs":64,"minecraft:cooked_cod":15,"minecraft:beetroot_seeds":10,"minecraft:deepslate_bricks":232,"minecraft:shears":1,"minecraft:diamond_boots":73,"minecraft:warped_sign":3,"minecraft:gold_ingot":713,"minecraft:glow_berries":10,"minecraft:white_wool":32,"minecraft:filled_map":6,"minecraft:oak_log":277,"minecraft:white_banner":28,"minecraft:stone_bricks":141,"minecraft:glass_bottle":91,"minecraft:iron_sword":73,"minecraft:spyglass":5,"minecraft:gravel":142,"minecraft:spruce_sapling":20,"minecraft:spruce_log":12,"minecraft:firework_rocket":273,"minecraft:bamboo_trapdoor":1,"minecraft:stone_axe":1,"minecraft:scute":64,"minecraft:diamond_axe":1,"minecraft:gray_wool":2,"minecraft:oak_button":10,"minecraft:mangrove_propagule":1,"minecraft:pink_dye":75,"minecraft:ender_pearl":69,"minecraft:shulker_shell":35,"minecraft:chiseled_deepslate":161,"minecraft:wheat":2362,"minecraft:redstone_block":465,"minecraft:potion":114,"minecraft:raw_copper":7494,"minecraft:iron_leggings":1,"minecraft:smooth_stone_slab":14,"minecraft:armor_stand":65,"minecraft:sticky_piston":10,"minecraft:netherite_ingot":10,"minecraft:oak_sign":12,"minecraft:deepslate_tiles":286,"minecraft:black_shulker_box":4,"minecraft:redstone_torch":10,"minecraft:calcite":58,"minecraft:iron_boots":1,"minecraft:furnace":17,"minecraft:stick":72,"minecraft:orange_shulker_box":2,"minecraft:deepslate_brick_wall":128,"minecraft:torch":455,"minecraft:porkchop":19,"minecraft:target":64,"minecraft:cactus":3,"minecraft:suspicious_sand":64,"minecraft:cod":13,"minecraft:magma_cream":3,"minecraft:tuff":2440,"minecraft:wither_skeleton_skull":20,"minecraft:lapis_lazuli":23007,"minecraft:leather_boots":7,"minecraft:deepslate_brick_slab":256,"minecraft:raw_gold":3423,"minecraft:light_blue_dye":82,"minecraft:powered_rail":1,"minecraft:oak_planks":1130,"minecraft:ghast_tear":113,"minecraft:cooked_porkchop":126,"minecraft:pink_stained_glass_pane":1,"minecraft:axolotl_bucket":1,"minecraft:poisonous_potato":170,"minecraft:bamboo_raft":3,"minecraft:sand":2,"minecraft:lily_of_the_valley":1,"minecraft:shulker_box":18,"minecraft:dark_prismarine":10,"minecraft:diamond":1831,"minecraft:black_concrete":7,"minecraft:white_concrete":102,"minecraft:oak_sapling":1,"minecraft:nether_star":58,"minecraft:end_stone_bricks":14,"minecraft:charcoal":18,"minecraft:fishing_rod":5,"minecraft:chicken":25,"minecraft:turtle_helmet":2,"minecraft:gold_block":626,"minecraft:iron_axe":3,"minecraft:wooden_sword":8,"minecraft:item_frame":5,"minecraft:warped_fence":2,"minecraft:echo_shard":1,"minecraft:player_head":31,"minecraft:light_gray_wool":1,"minecraft:lectern":101,"minecraft:sugar_cane":33,"minecraft:blue_shulker_box":2,"minecraft:phantom_membrane":10,"minecraft:raw_iron":11104,"minecraft:music_disc_relic":8,"minecraft:copper_ingot":741,"minecraft:bowl":64,"minecraft:gray_dye":15,"minecraft:stone_button":1,"minecraft:arrow":484,"minecraft:saddle":7,"minecraft:lime_stained_glass":32,"minecraft:wet_sponge":6,"minecraft:cracked_deepslate_tiles":1,"minecraft:crimson_stem":64,"minecraft:glow_ink_sac":32,"minecraft:salmon":4,"minecraft:carrot_on_a_stick":1,"minecraft:mushroom_stew":1,"minecraft:nether_wart_block":1,"minecraft:cobblestone_stairs":1,"minecraft:wooden_hoe":1,"minecraft:piglin_head":1,"minecraft:soul_sand":8,"minecraft:book":43,"minecraft:scaffolding":6,"minecraft:pumpkin":9,"minecraft:bamboo_planks":210,"minecraft:raw_iron_block":179,"minecraft:blast_furnace":3,"minecraft:white_bed":5,"minecraft:green_carpet":1,"minecraft:spider_eye":59,"minecraft:lime_dye":1,"minecraft:honey_block":7,"minecraft:iron_helmet":1,"minecraft:coal":5918}},"DataVersion":3700}