{"stats":{"minecraft:used":{"minecraft:beetroot":27,"minecraft:stone_sword":2},"minecraft:mined":{"minecraft:mangrove_roots":2},"minecraft:killed_by":{"minecraft:iron_golem":1,"minecraft:slime":1},"minecraft:killed":{"minecraft:slime":1},"minecraft:dropped":{"minecraft:paper":1},"minecraft:custom":{"minecraft:open_chest":2,"minecraft:time_since_rest":10927,"minecraft:crouch_one_cm":132,"minecraft:play_time":27829,"minecraft:sprint_one_cm":56184,"minecraft:walk_one_cm":145634,"minecraft:damage_taken":1221,"minecraft:deaths":3,"minecraft:sneak_time":155,"minecraft:walk_under_water_one_cm":1877,"minecraft:mob_kills":1,"minecraft:drop":1,"minecraft:jump":611,"minecraft:damage_dealt":110,"minecraft:leave_game":1,"minecraft:time_since_death":10876,"minecraft:walk_on_water_one_cm":2592,"minecraft:interact_with_beacon":1,"minecraft:climb_one_cm":1473,"minecraft:total_world_time":27829,"minecraft:swim_one_cm":21554,"minecraft:interact_with_crafting_table":2,"minecraft:fall_one_cm":24045,"minecraft:fly_one_cm":107335}},"DataVersion":3700}