{"stats":{"minecraft:picked_up":{"minecraft:raw_iron":45,"minecraft:diamond":16,"minecraft:raw_gold":19,"minecraft:emerald":14,"minecraft:mangrove_roots":3,"minecraft:redstone":176,"minecraft:coal":19,"minecraft:cobblestone":75},"minecraft:used":{"minecraft:stone_sword":19,"minecraft:bread":15,"minecraft:iron_pickaxe":239},"minecraft:mined":{"minecraft:deepslate_redstone_ore":39,"minecraft:deepslate_iron_ore":46,"minecraft:deepslate_diamond_ore":16,"minecraft:deepslate_coal_ore":19,"minecraft:deepslate_gold_ore":19,"minecraft:stone":83,"minecraft:mangrove_roots":3,"minecraft:deepslate_emerald_ore":14},"minecraft:crafted":{"minecraft:spruce_planks":224,"minecraft:stick":64,"minecraft:iron_ingot":32,"minecraft:iron_pickaxe":1},"minecraft:custom":{"minecraft:time_since_rest":88630,"minecraft:play_time":88630,"minecraft:interact_with_furnace":5,"minecraft:sprint_one_cm":228499,"minecraft:damage_absorbed":60,"minecraft:damage_taken":630,"minecraft:walk_one_cm":161764,"minecraft:walk_under_water_one_cm":3234,"minecraft:mob_kills":3,"minecraft:interact_with_lectern":1,"minecraft:jump":552,"minecraft:damage_dealt":413,"minecraft:interact_with_blast_furnace":8,"minecraft:leave_game":2,"minecraft:walk_on_water_one_cm":855,"minecraft:time_since_death":88630,"minecraft:interact_with_smoker":5,"minecraft:total_world_time":88630,"minecraft:interact_with_crafting_table":2,"minecraft:swim_one_cm":8695,"minecraft:fall_one_cm":8325,"minecraft:fly_one_cm":137840},"minecraft:killed":{"minecraft:pillager":3}},"DataVersion":3700}