{"stats":{"minecraft:killed_by":{"minecraft:pillager":1,"minecraft:zombie":27,"minecraft:ender_dragon":3,"minecraft:warden":6,"minecraft:wither":1,"minecraft:wither_skeleton":7,"minecraft:endermite":3,"minecraft:player":44,"minecraft:spider":6,"minecraft:enderman":1,"minecraft:iron_golem":15,"minecraft:skeleton":15},"minecraft:used":{"minecraft:moss_block":1,"minecraft:writable_book":53,"minecraft:chiseled_deepslate":5,"minecraft:polished_blackstone":29,"minecraft:elytra":2,"minecraft:ladder":8,"minecraft:chest":91,"minecraft:stone":5867,"minecraft:rotten_flesh":36,"minecraft:soul_sand":114,"minecraft:deepslate_brick_slab":4,"minecraft:spruce_boat":1,"minecraft:lava_bucket":5,"minecraft:villager_spawn_egg":150,"minecraft:grass_block":4,"minecraft:stone_brick_stairs":2,"minecraft:netherite_boots":23,"minecraft:bow":1375,"minecraft:sweet_berries":3,"minecraft:furnace":63,"minecraft:potato":10,"minecraft:deepslate_brick_wall":11,"minecraft:emerald_ore":1,"minecraft:diorite":7,"minecraft:leather_leggings":5,"minecraft:spruce_door":10,"minecraft:blackstone":99,"minecraft:leather_chestplate":5,"minecraft:wooden_pickaxe":5,"minecraft:purpur_pillar":18,"minecraft:oak_leaves":189,"minecraft:golden_apple":7,"minecraft:sand":10,"minecraft:blast_furnace":2,"minecraft:netherite_helmet":15,"minecraft:deepslate_brick_stairs":12,"minecraft:deepslate_tiles":34,"minecraft:lectern":20,"minecraft:diamond_sword":8221,"minecraft:smithing_table":1,"minecraft:oak_boat":6,"minecraft:oak_trapdoor":446,"minecraft:enchanting_table":1,"minecraft:stone_sword":63,"minecraft:red_concrete":30,"minecraft:armor_stand":3,"minecraft:torch":356,"minecraft:anvil":2,"minecraft:chainmail_chestplate":2,"minecraft:nether_brick_stairs":8,"minecraft:sea_lantern":6,"minecraft:iron_block":3,"minecraft:muddy_mangrove_roots":5,"minecraft:rooted_dirt":76,"minecraft:chicken_spawn_egg":59,"minecraft:totem_of_undying":5,"minecraft:diamond_chestplate":10,"minecraft:purple_concrete":24,"minecraft:glowstone":23,"minecraft:trapped_chest":5,"minecraft:cobbled_deepslate":213,"minecraft:golden_axe":49,"minecraft:water_bucket":138,"minecraft:birch_planks":13,"minecraft:leather_boots":4,"minecraft:deepslate_bricks":108,"minecraft:cracked_stone_bricks":4,"minecraft:polished_blackstone_bricks":1098,"minecraft:gilded_blackstone":78,"minecraft:mossy_cobblestone":17,"minecraft:diamond_block":5,"minecraft:rail":8,"minecraft:oak_slab":13,"minecraft:crafting_table":25,"minecraft:red_bed":2,"minecraft:oak_log":21,"minecraft:diamond_pickaxe":1311,"minecraft:mangrove_propagule":8,"minecraft:iron_pickaxe":384,"minecraft:leather_helmet":5,"minecraft:cobblestone":2925,"minecraft:potion":26,"minecraft:glass_pane":2,"minecraft:diamond_leggings":5,"minecraft:cherry_sapling":5,"minecraft:polished_deepslate":128,"minecraft:oak_sign":19,"minecraft:shield":724,"minecraft:iron_sword":350,"minecraft:nether_wart":2,"minecraft:stripped_jungle_wood":8,"minecraft:nether_bricks":89,"minecraft:carrot":2,"minecraft:tuff":3,"minecraft:milk_bucket":2,"minecraft:obsidian":11,"minecraft:glass":1,"minecraft:mangrove_log":9,"minecraft:bricks":60,"minecraft:stone_bricks":4273,"minecraft:red_carpet":1,"minecraft:written_book":7,"minecraft:mangrove_roots":2,"minecraft:gold_block":5,"minecraft:mangrove_leaves":148,"minecraft:chiseled_polished_blackstone":58,"minecraft:end_rod":19,"minecraft:diamond_boots":9,"minecraft:wither_skeleton_skull":33,"minecraft:stone_pickaxe":189,"minecraft:oak_planks":142,"minecraft:ender_pearl":54,"minecraft:diamond_axe":89,"minecraft:sugar_cane":9,"minecraft:netherite_leggings":14,"minecraft:dripstone_block":5,"minecraft:stone_brick_wall":6,"minecraft:end_stone":995,"minecraft:shears":632,"minecraft:black_concrete":511,"minecraft:light_gray_concrete":19,"minecraft:bread":30,"minecraft:barrier":29,"minecraft:iron_door":10,"minecraft:gravel":13,"minecraft:chainmail_boots":1,"minecraft:grindstone":1,"minecraft:andesite":2,"minecraft:white_concrete":7,"minecraft:tropical_fish_bucket":4,"minecraft:coarse_dirt":2,"minecraft:chorus_plant":54,"minecraft:bone_meal":185,"minecraft:golden_pickaxe":32,"minecraft:experience_bottle":195,"minecraft:oak_fence":1,"minecraft:purpur_block":778,"minecraft:netherite_sword":7369,"minecraft:flint_and_steel":53,"minecraft:cracked_deepslate_bricks":5,"minecraft:spruce_planks":10,"minecraft:cooked_chicken":1,"minecraft:oak_door":6,"minecraft:dirt":57,"minecraft:hopper":22,"minecraft:diamond_helmet":9,"minecraft:shulker_box":2,"minecraft:granite":1,"minecraft:iron_hoe":11,"minecraft:bookshelf":50,"minecraft:netherite_pickaxe":40341,"minecraft:minecart":5,"minecraft:cooked_beef":935,"minecraft:enchanted_golden_apple":182,"minecraft:crimson_hanging_sign":2,"minecraft:amethyst_block":2,"minecraft:glass_bottle":3,"minecraft:netherite_chestplate":22,"minecraft:baked_potato":12,"minecraft:stonecutter":1,"minecraft:chiseled_nether_bricks":1,"minecraft:cracked_polished_blackstone_bricks":247,"minecraft:netherite_axe":313,"minecraft:cracked_nether_bricks":3,"minecraft:yellow_wool":1,"minecraft:pink_petals":1,"minecraft:fishing_rod":59,"minecraft:white_banner":1,"minecraft:bucket":148,"minecraft:sculk_catalyst":3,"minecraft:splash_potion":14,"minecraft:chainmail_leggings":2},"minecraft:crafted":{"minecraft:oak_sign":3,"minecraft:blaze_powder":2,"minecraft:diamond_shovel":1,"minecraft:bookshelf":22,"minecraft:iron_bars":16,"minecraft:diamond_helmet":2,"minecraft:diamond_leggings":1,"minecraft:netherite_boots":2,"minecraft:iron_door":3,"minecraft:feather":1,"minecraft:glass_bottle":3,"minecraft:golden_axe":2,"minecraft:emerald":18,"minecraft:spruce_door":6,"minecraft:golden_pickaxe":1,"minecraft:mossy_cobblestone":256,"minecraft:copper_ingot":256,"minecraft:sentry_armor_trim_smithing_template":8,"minecraft:stone_slab":6,"minecraft:iron_pickaxe":2,"minecraft:iron_block":136,"minecraft:gold_ingot":364,"minecraft:golden_carrot":2,"minecraft:smooth_stone_slab":6,"minecraft:bone_meal":597,"minecraft:ladder":9,"minecraft:stone_pickaxe":3,"minecraft:diamond_boots":1,"minecraft:spruce_boat":1,"minecraft:redstone_block":47,"minecraft:netherite_pickaxe":2,"minecraft:enchanting_table":1,"minecraft:enchanted_book":26,"minecraft:oak_fence_gate":2,"minecraft:iron_shovel":1,"minecraft:iron_leggings":1,"minecraft:armor_stand":1,"minecraft:grindstone":1,"minecraft:oak_planks":2607,"minecraft:stone":294,"minecraft:hopper":18,"minecraft:bow":3,"minecraft:iron_boots":1,"minecraft:chest":85,"minecraft:netherite_helmet":3,"minecraft:stone_bricks":256,"minecraft:oak_fence":3,"minecraft:oak_slab":6,"minecraft:crafting_table":19,"minecraft:spruce_planks":276,"minecraft:iron_helmet":1,"minecraft:wooden_pickaxe":1,"minecraft:gold_block":47,"minecraft:birch_planks":12,"minecraft:iron_chestplate":1,"minecraft:book":17,"minecraft:paper":51,"minecraft:diamond_pickaxe":3,"minecraft:emerald_block":126,"minecraft:shield":3,"minecraft:stick":276,"minecraft:iron_ingot":1988,"minecraft:stone_sword":2,"minecraft:shears":3,"minecraft:oak_door":6,"minecraft:fishing_rod":2,"minecraft:furnace":58,"minecraft:oak_trapdoor":484,"minecraft:diamond_block":123,"minecraft:flint_and_steel":2,"minecraft:netherite_chestplate":3,"minecraft:netherite_leggings":2,"minecraft:iron_hoe":1,"minecraft:minecart":1,"minecraft:diamond_sword":11,"minecraft:iron_sword":3,"minecraft:mangrove_planks":76,"minecraft:bucket":6,"minecraft:bread":256,"minecraft:air":0,"minecraft:oak_boat":4,"minecraft:gold_nugget":9,"minecraft:stonecutter":4090,"minecraft:anvil":1,"minecraft:acacia_planks":72,"minecraft:torch":240,"minecraft:lapis_lazuli":63,"minecraft:diamond_chestplate":2},"minecraft:dropped":{"minecraft:iron_sword":7,"minecraft:porkchop":4,"minecraft:lapis_lazuli":186,"minecraft:cooked_beef":2532,"minecraft:glass_bottle":12,"minecraft:diamond":1,"minecraft:crafting_table":1,"minecraft:crossbow":3,"minecraft:rooted_dirt":4,"minecraft:leather_helmet":3,"minecraft:item_frame":6,"minecraft:emerald":323,"minecraft:gold_block":2,"minecraft:dirt":24,"minecraft:netherite_boots":5,"minecraft:cherry_leaves":2,"minecraft:wooden_sword":2,"minecraft:gold_nugget":65,"minecraft:writable_book":3,"minecraft:phantom_membrane":1,"minecraft:sugar":1,"minecraft:iron_pickaxe":1,"minecraft:white_wool":3,"minecraft:bone":136,"minecraft:golden_chestplate":1,"minecraft:cobbled_deepslate":672,"minecraft:pink_dye":1,"minecraft:netherite_sword":6,"minecraft:wheat":2,"minecraft:deepslate_brick_slab":1,"minecraft:rotten_flesh":259,"minecraft:oak_planks":240,"minecraft:enchanted_golden_apple":34,"minecraft:glowstone_dust":2,"minecraft:end_stone":193,"minecraft:salmon":1,"minecraft:chiseled_deepslate":1,"minecraft:deepslate_tiles":189,"minecraft:leather_boots":7,"minecraft:ladder":1,"minecraft:leather_leggings":6,"minecraft:beef":1,"minecraft:ghast_tear":2,"minecraft:enchanted_book":4,"minecraft:iron_ingot":45,"minecraft:netherite_pickaxe":10,"minecraft:wheat_seeds":13,"minecraft:birch_leaves":6,"minecraft:mangrove_leaves":1,"minecraft:copper_block":7,"minecraft:polished_blackstone":1,"minecraft:deepslate_brick_wall":1,"minecraft:dripstone_block":12,"minecraft:netherite_chestplate":6,"minecraft:netherite_helmet":5,"minecraft:cobblestone":7673,"minecraft:book":14,"minecraft:spruce_door":6,"minecraft:chicken_spawn_egg":2,"minecraft:chainmail_helmet":1,"minecraft:coal":413,"minecraft:golden_apple":1,"minecraft:pufferfish":4,"minecraft:diamond_helmet":57,"minecraft:potion":113,"minecraft:chainmail_leggings":2,"minecraft:paper":13,"minecraft:string":27,"minecraft:trapped_chest":1,"minecraft:netherite_ingot":1,"minecraft:stone_sword":5,"minecraft:nether_bricks":1,"minecraft:diamond_sword":54,"minecraft:light_blue_dye":1,"minecraft:potato":608,"minecraft:spruce_boat":1,"minecraft:stone":1,"minecraft:spruce_planks":16,"minecraft:diamond_pickaxe":4,"minecraft:spider_eye":7,"minecraft:stone_bricks":257,"minecraft:bow":28,"minecraft:nether_brick_stairs":1,"minecraft:moss_block":1,"minecraft:diamond_axe":2,"minecraft:creeper_banner_pattern":1,"minecraft:cod":4,"minecraft:cracked_polished_blackstone_bricks":1,"minecraft:polished_blackstone_brick_stairs":2,"minecraft:mutton":5,"minecraft:gilded_blackstone":1,"minecraft:polished_blackstone_bricks":23,"minecraft:gold_ingot":65,"minecraft:chiseled_polished_blackstone":1,"minecraft:blackstone":3,"minecraft:mangrove_roots":83,"minecraft:pointed_dripstone":64,"minecraft:diamond_shovel":1,"minecraft:carrot":60,"minecraft:chainmail_chestplate":2,"minecraft:poppy":25,"minecraft:oak_fence_gate":2,"minecraft:leather_chestplate":5,"minecraft:gunpowder":9,"minecraft:chest":5,"minecraft:chainmail_boots":2,"minecraft:iron_bars":13,"minecraft:arrow":56,"minecraft:cracked_nether_bricks":1,"minecraft:scaffolding":1,"minecraft:written_book":1,"minecraft:splash_potion":44,"minecraft:firework_rocket":32,"minecraft:bread":88,"minecraft:vine":1,"minecraft:mossy_cobblestone":246,"minecraft:diamond_leggings":68,"minecraft:prismarine_shard":1,"minecraft:mangrove_propagule":1,"minecraft:lead":2,"minecraft:amethyst_block":4,"minecraft:copper_ingot":67,"minecraft:stick":133,"minecraft:iron_block":29,"minecraft:deepslate_brick_stairs":1,"minecraft:milk_bucket":3,"minecraft:white_concrete":4,"minecraft:polished_blackstone_brick_slab":1,"minecraft:iron_axe":1,"minecraft:pink_petals":3,"minecraft:bucket":2,"minecraft:redstone":936,"minecraft:polished_deepslate":1,"minecraft:nether_brick_slab":1,"minecraft:blaze_rod":4,"minecraft:raw_copper":2438,"minecraft:tuff":5,"minecraft:raw_iron":971,"minecraft:wither_skeleton_skull":1,"minecraft:yellow_candle":4,"minecraft:bamboo_sign":1,"minecraft:totem_of_undying":4,"minecraft:shulker_box":2,"minecraft:netherite_leggings":9,"minecraft:flint_and_steel":4,"minecraft:red_nether_brick_stairs":17,"minecraft:deepslate_bricks":1,"minecraft:shield":1,"minecraft:diamond_chestplate":44,"minecraft:andesite":6,"minecraft:golden_leggings":1,"minecraft:spruce_log":68,"minecraft:diamond_boots":59,"minecraft:slime_ball":18,"minecraft:beacon":4,"minecraft:stone_pickaxe":1,"minecraft:raw_gold":367},"minecraft:killed":{"minecraft:cave_spider":3,"minecraft:skeleton":60,"minecraft:guardian":4,"minecraft:iron_golem":23,"minecraft:ender_dragon":1,"minecraft:pillager":106,"minecraft:zombie":622,"minecraft:cow":9,"minecraft:endermite":82,"minecraft:horse":18,"minecraft:enderman":44,"minecraft:witch":6,"minecraft:spider":36,"minecraft:wither":8,"minecraft:pig":2,"minecraft:zombie_villager":2,"minecraft:creeper":23,"minecraft:sheep":3,"minecraft:ghast":46,"minecraft:slime":44,"minecraft:phantom":4,"minecraft:drowned":2,"minecraft:bat":1,"minecraft:wither_skeleton":2417},"minecraft:custom":{"minecraft:interact_with_crafting_table":318,"minecraft:open_barrel":1,"minecraft:leave_game":159,"minecraft:time_since_death":104502,"minecraft:damage_blocked_by_shield":37870,"minecraft:play_time":6751581,"minecraft:deaths":159,"minecraft:jump":84740,"minecraft:enchant_item":60,"minecraft:interact_with_furnace":155,"minecraft:traded_with_villager":40,"minecraft:sleep_in_bed":8,"minecraft:damage_dealt":726407,"minecraft:interact_with_smoker":3,"minecraft:horse_one_cm":274,"minecraft:interact_with_smithing_table":17,"minecraft:interact_with_anvil":47,"minecraft:inspect_hopper":49,"minecraft:damage_dealt_absorbed":19405,"minecraft:target_hit":9,"minecraft:sneak_time":597299,"minecraft:interact_with_lectern":4,"minecraft:interact_with_blast_furnace":206,"minecraft:total_world_time":6751581,"minecraft:interact_with_stonecutter":6,"minecraft:time_since_rest":32760,"minecraft:swim_one_cm":280140,"minecraft:fly_one_cm":18357763,"minecraft:open_chest":1487,"minecraft:fish_caught":25,"minecraft:fall_one_cm":1821376,"minecraft:open_shulker_box":9,"minecraft:damage_resisted":89153,"minecraft:sprint_one_cm":10550062,"minecraft:drop":3442,"minecraft:talked_to_villager":81,"minecraft:interact_with_brewingstand":13,"minecraft:walk_on_water_one_cm":252364,"minecraft:interact_with_loom":3,"minecraft:open_enderchest":29,"minecraft:interact_with_beacon":1,"minecraft:player_kills":41,"minecraft:crouch_one_cm":2823040,"minecraft:mob_kills":3902,"minecraft:damage_dealt_resisted":56197,"minecraft:climb_one_cm":82398,"minecraft:walk_one_cm":8729111,"minecraft:walk_under_water_one_cm":145283,"minecraft:boat_one_cm":519276,"minecraft:raid_trigger":1,"minecraft:interact_with_grindstone":3,"minecraft:damage_taken":145501,"minecraft:damage_absorbed":25712,"minecraft:trigger_trapped_chest":25,"minecraft:minecart_one_cm":15287},"minecraft:mined":{"minecraft:cherry_log":1,"minecraft:obsidian":16,"minecraft:granite":16,"minecraft:hopper":6,"minecraft:nether_wart":2,"minecraft:polished_blackstone_bricks":79,"minecraft:magma_block":10,"minecraft:cobbled_deepslate":173,"minecraft:fire":1,"minecraft:moss_carpet":1,"minecraft:deepslate_lapis_ore":1110,"minecraft:nether_brick_stairs":3,"minecraft:red_bed":1,"minecraft:amethyst_cluster":1,"minecraft:torch":76,"minecraft:sugar_cane":57,"minecraft:amethyst_block":8,"minecraft:wheat":83,"minecraft:mangrove_log":39,"minecraft:deepslate":479,"minecraft:deepslate_tiles":13,"minecraft:mossy_cobblestone":2,"minecraft:dark_oak_log":1,"minecraft:end_stone":146,"minecraft:shulker_box":1,"minecraft:nether_bricks":5,"minecraft:moss_block":1,"minecraft:cherry_wall_sign":1,"minecraft:andesite":18,"minecraft:diamond_block":2,"minecraft:vine":7,"minecraft:rail":7,"minecraft:smithing_table":1,"minecraft:oak_slab":5,"minecraft:soul_sand":46,"minecraft:short_grass":16,"minecraft:emerald_ore":1,"minecraft:tall_grass":3,"minecraft:deepslate_gold_ore":1124,"minecraft:diorite":16,"minecraft:coarse_dirt":5,"minecraft:birch_leaves":10,"minecraft:mangrove_leaves":558,"minecraft:gravel":24,"minecraft:dripstone_block":22,"minecraft:cobweb":2,"minecraft:stone_bricks":128,"minecraft:deepslate_emerald_ore":1135,"minecraft:spruce_planks":8,"minecraft:budding_amethyst":1,"minecraft:grass_block":23,"minecraft:white_concrete":2,"minecraft:glowstone":1,"minecraft:iron_ore":1,"minecraft:pointed_dripstone":40,"minecraft:iron_bars":1,"minecraft:birch_wall_sign":1,"minecraft:deepslate_redstone_ore":2033,"minecraft:blackstone":2,"minecraft:chest":29,"minecraft:cobblestone":272,"minecraft:oak_planks":27,"minecraft:prismarine":2,"minecraft:iron_door":9,"minecraft:wall_torch":45,"minecraft:deepslate_copper_ore":695,"minecraft:pink_petals":16,"minecraft:birch_log":1,"minecraft:oak_log":8,"minecraft:sand":6,"minecraft:dirt":25,"minecraft:oak_leaves":240,"minecraft:emerald_block":3,"minecraft:red_carpet":1,"minecraft:tuff":30,"minecraft:deepslate_diamond_ore":1641,"minecraft:oak_door":3,"minecraft:mangrove_roots":556,"minecraft:ladder":1,"minecraft:mangrove_propagule":27,"minecraft:rooted_dirt":8,"minecraft:oak_trapdoor":35,"minecraft:furnace":5,"minecraft:chiseled_deepslate":4,"minecraft:polished_deepslate":8,"minecraft:bookshelf":28,"minecraft:deepslate_iron_ore":3808,"minecraft:stone":26845,"minecraft:scaffolding":1,"minecraft:spruce_door":10,"minecraft:crafting_table":10,"minecraft:lectern":20,"minecraft:deepslate_coal_ore":1918,"minecraft:lapis_ore":1,"minecraft:prismarine_bricks":4,"minecraft:birch_planks":1,"minecraft:white_wall_banner":1,"minecraft:muddy_mangrove_roots":1,"minecraft:cherry_leaves":40,"minecraft:cracked_stone_bricks":4},"minecraft:picked_up":{"minecraft:chainmail_boots":3,"minecraft:prismarine_shard":7,"minecraft:lead":1,"minecraft:smithing_table":1,"minecraft:diamond_sword":24,"minecraft:enchanted_book":6,"minecraft:amethyst_block":12,"minecraft:polished_deepslate":6,"minecraft:string":66,"minecraft:pufferfish":4,"minecraft:diamond_leggings":21,"minecraft:gold_nugget":3,"minecraft:cobbled_deepslate":1356,"minecraft:spruce_planks":45,"minecraft:written_book":1,"minecraft:enchanted_golden_apple":95,"minecraft:mangrove_log":36,"minecraft:golden_axe":1,"minecraft:golden_chestplate":2,"minecraft:stone_sword":2,"minecraft:tropical_fish":1,"minecraft:iron_block":1,"minecraft:netherite_chestplate":8,"minecraft:blaze_rod":7,"minecraft:iron_bars":1,"minecraft:birch_log":1,"minecraft:magma_block":10,"minecraft:feather":1,"minecraft:cooked_beef":575,"minecraft:iron_door":7,"minecraft:cherry_leaves":4,"minecraft:water_bucket":2,"minecraft:copper_block":16,"minecraft:flint":1,"minecraft:netherite_leggings":9,"minecraft:diamond_helmet":13,"minecraft:glowstone_dust":2,"minecraft:moss_block":2,"minecraft:trapped_chest":1,"minecraft:writable_book":6,"minecraft:granite":15,"minecraft:chainmail_helmet":1,"minecraft:bread":88,"minecraft:rooted_dirt":5,"minecraft:diamond_pickaxe":7,"minecraft:coarse_dirt":2,"minecraft:crafting_table":11,"minecraft:nether_wart":6,"minecraft:leather_leggings":7,"minecraft:red_bed":1,"minecraft:flint_and_steel":3,"minecraft:cracked_stone_bricks":4,"minecraft:netherite_sword":7,"minecraft:beef":21,"minecraft:poppy":25,"minecraft:minecart":2,"minecraft:chest":48,"minecraft:stone":889,"minecraft:oak_door":3,"minecraft:carrot":69,"minecraft:redstone":8316,"minecraft:netherite_pickaxe":10,"minecraft:prismarine_crystals":3,"minecraft:chicken_spawn_egg":4,"minecraft:diamond_chestplate":14,"minecraft:bamboo_sign":1,"minecraft:diamond_boots":16,"minecraft:gold_ingot":196,"minecraft:totem_of_undying":5,"minecraft:mutton":5,"minecraft:rail":8,"minecraft:white_wool":3,"minecraft:birch_leaves":6,"minecraft:tripwire_hook":6,"minecraft:yellow_dye":121,"minecraft:oak_log":8,"minecraft:golden_boots":2,"minecraft:paper":11,"minecraft:white_banner":2,"minecraft:stone_bricks":123,"minecraft:stone_pickaxe":1,"minecraft:cherry_sign":1,"minecraft:glass_bottle":3,"minecraft:iron_sword":5,"minecraft:milk_bucket":1,"minecraft:sweet_berries":21,"minecraft:gravel":16,"minecraft:spruce_log":254,"minecraft:leather_helmet":2,"minecraft:diamond_shovel":1,"minecraft:slime_ball":51,"minecraft:diamond_axe":3,"minecraft:baked_potato":24,"minecraft:mangrove_propagule":22,"minecraft:pink_dye":8,"minecraft:hopper":6,"minecraft:ender_pearl":27,"minecraft:chiseled_deepslate":3,"minecraft:wheat":47,"minecraft:sentry_armor_trim_smithing_template":1,"minecraft:potion":27,"minecraft:lapis_block":124,"minecraft:raw_copper":3571,"minecraft:armor_stand":2,"minecraft:netherite_ingot":1,"minecraft:deepslate_tiles":7,"minecraft:bucket":2,"minecraft:iron_pickaxe":1,"minecraft:furnace":5,"minecraft:stick":40,"minecraft:torch":207,"minecraft:spruce_stairs":2,"minecraft:porkchop":4,"minecraft:pointed_dripstone":72,"minecraft:diorite":16,"minecraft:vine":1,"minecraft:rotten_flesh":1304,"minecraft:mangrove_roots":711,"minecraft:obsidian":15,"minecraft:cod":18,"minecraft:blaze_powder":2,"minecraft:cobblestone":14493,"minecraft:pink_petals":42,"minecraft:leather_chestplate":2,"minecraft:muddy_mangrove_roots":1,"minecraft:andesite":18,"minecraft:golden_leggings":2,"minecraft:beacon":1,"minecraft:potato":608,"minecraft:tuff":8,"minecraft:wither_skeleton_skull":161,"minecraft:lapis_lazuli":13161,"minecraft:dirt":52,"minecraft:leather_boots":11,"minecraft:bone":3940,"minecraft:bow":7,"minecraft:wheat_seeds":91,"minecraft:raw_gold":1859,"minecraft:light_blue_dye":3,"minecraft:oak_planks":152,"minecraft:ghast_tear":6,"minecraft:sand":6,"minecraft:nether_brick_stairs":3,"minecraft:diamond_block":2627,"minecraft:shulker_box":4,"minecraft:mossy_cobblestone":131,"minecraft:sugar":1,"minecraft:diamond":3060,"minecraft:spruce_boat":1,"minecraft:netherite_helmet":10,"minecraft:crossbow":3,"minecraft:golden_apple":10,"minecraft:white_concrete":4,"minecraft:emerald":2455,"minecraft:nether_star":9,"minecraft:oak_leaves":189,"minecraft:splash_potion":10,"minecraft:ladder":1,"minecraft:shield":2,"minecraft:oak_trapdoor":95,"minecraft:moss_carpet":33,"minecraft:iron_axe":1,"minecraft:wooden_sword":1,"minecraft:item_frame":8,"minecraft:creeper_banner_pattern":1,"minecraft:blackstone":3,"minecraft:oak_boat":2,"minecraft:lectern":20,"minecraft:sugar_cane":83,"minecraft:phantom_membrane":1,"minecraft:raw_iron":5322,"minecraft:end_stone":601,"minecraft:copper_ingot":193,"minecraft:polished_blackstone_bricks":68,"minecraft:arrow":491,"minecraft:nether_bricks":5,"minecraft:netherite_boots":7,"minecraft:salmon":2,"minecraft:leather":25,"minecraft:birch_planks":1,"minecraft:chainmail_chestplate":1,"minecraft:gunpowder":55,"minecraft:red_carpet":1,"minecraft:iron_ingot":305,"minecraft:cooked_chicken":32,"minecraft:soul_sand":115,"minecraft:book":110,"minecraft:sculk_catalyst":3,"minecraft:scaffolding":1,"minecraft:oak_slab":11,"minecraft:emerald_block":4,"minecraft:dripstone_block":20,"minecraft:amethyst_shard":16,"minecraft:spider_eye":21,"minecraft:spruce_door":10,"minecraft:mangrove_leaves":135,"minecraft:lime_dye":1,"minecraft:chainmail_leggings":2,"minecraft:cherry_sapling":4,"minecraft:coal":4981},"minecraft:broken":{"minecraft:golden_boots":2,"minecraft:diamond_helmet":2,"minecraft:shears":2,"minecraft:chainmail_boots":1,"minecraft:bow":1,"minecraft:leather_helmet":1,"minecraft:netherite_helmet":3,"minecraft:chainmail_leggings":2,"minecraft:diamond_leggings":1,"minecraft:chainmail_helmet":2,"minecraft:iron_pickaxe":1,"minecraft:netherite_boots":1,"minecraft:leather_leggings":3,"minecraft:golden_leggings":1,"minecraft:stone_pickaxe":1,"minecraft:diamond_boots":1,"minecraft:golden_chestplate":1,"minecraft:diamond_chestplate":2,"minecraft:golden_axe":1,"minecraft:leather_boots":1,"minecraft:golden_pickaxe":1}},"DataVersion":3700}