{"stats":{"minecraft:killed_by":{"minecraft:pillager":1,"minecraft:zombie":27,"minecraft:ender_dragon":3,"minecraft:warden":6,"minecraft:wither":1,"minecraft:wither_skeleton":7,"minecraft:endermite":3,"minecraft:player":46,"minecraft:spider":6,"minecraft:enderman":1,"minecraft:iron_golem":15,"minecraft:skeleton":15},"minecraft:picked_up":{"minecraft:chainmail_boots":3,"minecraft:prismarine_shard":7,"minecraft:lead":1,"minecraft:smithing_table":4,"minecraft:diamond_sword":29,"minecraft:enchanted_book":6,"minecraft:amethyst_block":14,"minecraft:polished_deepslate":6,"minecraft:string":73,"minecraft:pufferfish":4,"minecraft:diamond_leggings":25,"minecraft:gold_nugget":3,"minecraft:cobbled_deepslate":1582,"minecraft:spruce_planks":45,"minecraft:written_book":1,"minecraft:enchanted_golden_apple":95,"minecraft:mangrove_log":36,"minecraft:golden_axe":1,"minecraft:golden_chestplate":2,"minecraft:stone_sword":2,"minecraft:tropical_fish":1,"minecraft:iron_block":1,"minecraft:netherite_chestplate":8,"minecraft:blaze_rod":7,"minecraft:iron_bars":1,"minecraft:birch_log":1,"minecraft:magma_block":10,"minecraft:feather":1,"minecraft:cooked_beef":623,"minecraft:iron_door":7,"minecraft:cherry_leaves":4,"minecraft:water_bucket":2,"minecraft:copper_block":16,"minecraft:flint":1,"minecraft:netherite_leggings":9,"minecraft:diamond_helmet":14,"minecraft:glowstone_dust":2,"minecraft:moss_block":2,"minecraft:trapped_chest":1,"minecraft:writable_book":6,"minecraft:granite":15,"minecraft:bread":88,"minecraft:chainmail_helmet":1,"minecraft:rooted_dirt":5,"minecraft:diamond_pickaxe":7,"minecraft:crafting_table":11,"minecraft:coarse_dirt":2,"minecraft:nether_wart":6,"minecraft:leather_leggings":7,"minecraft:red_bed":9,"minecraft:flint_and_steel":3,"minecraft:cracked_stone_bricks":4,"minecraft:netherite_sword":7,"minecraft:beef":21,"minecraft:poppy":25,"minecraft:minecart":2,"minecraft:chest":48,"minecraft:stone":889,"minecraft:oak_door":3,"minecraft:carrot":197,"minecraft:redstone":10158,"minecraft:netherite_pickaxe":11,"minecraft:prismarine_crystals":3,"minecraft:chicken_spawn_egg":4,"minecraft:bamboo_sign":1,"minecraft:diamond_chestplate":15,"minecraft:diamond_boots":18,"minecraft:gold_ingot":196,"minecraft:totem_of_undying":5,"minecraft:mutton":5,"minecraft:white_wool":3,"minecraft:rail":8,"minecraft:birch_leaves":6,"minecraft:tripwire_hook":6,"minecraft:yellow_dye":121,"minecraft:oak_log":8,"minecraft:golden_boots":2,"minecraft:paper":11,"minecraft:white_banner":2,"minecraft:stone_bricks":123,"minecraft:stone_pickaxe":1,"minecraft:cherry_sign":1,"minecraft:glass_bottle":3,"minecraft:iron_sword":5,"minecraft:smooth_basalt":7,"minecraft:milk_bucket":1,"minecraft:sweet_berries":21,"minecraft:gravel":16,"minecraft:spruce_log":254,"minecraft:leather_helmet":2,"minecraft:diamond_shovel":1,"minecraft:slime_ball":51,"minecraft:diamond_axe":3,"minecraft:baked_potato":24,"minecraft:mangrove_propagule":22,"minecraft:pink_dye":8,"minecraft:hopper":6,"minecraft:ender_pearl":31,"minecraft:chiseled_deepslate":8,"minecraft:wheat":47,"minecraft:sentry_armor_trim_smithing_template":1,"minecraft:potion":29,"minecraft:lapis_block":124,"minecraft:raw_copper":3571,"minecraft:armor_stand":2,"minecraft:netherite_ingot":1,"minecraft:deepslate_tiles":15,"minecraft:bucket":2,"minecraft:red_dye":2,"minecraft:calcite":1,"minecraft:iron_pickaxe":1,"minecraft:furnace":5,"minecraft:stick":40,"minecraft:torch":209,"minecraft:spruce_stairs":2,"minecraft:porkchop":4,"minecraft:pointed_dripstone":72,"minecraft:diorite":16,"minecraft:vine":1,"minecraft:rotten_flesh":1319,"minecraft:mangrove_roots":713,"minecraft:obsidian":15,"minecraft:cod":18,"minecraft:blaze_powder":2,"minecraft:cobblestone":14666,"minecraft:muddy_mangrove_roots":1,"minecraft:pink_petals":42,"minecraft:leather_chestplate":2,"minecraft:andesite":18,"minecraft:golden_leggings":2,"minecraft:beacon":1,"minecraft:potato":707,"minecraft:tuff":8,"minecraft:wither_skeleton_skull":161,"minecraft:lapis_lazuli":15773,"minecraft:dirt":52,"minecraft:leather_boots":11,"minecraft:bone":3945,"minecraft:bow":7,"minecraft:wheat_seeds":91,"minecraft:raw_gold":1972,"minecraft:light_blue_dye":3,"minecraft:oak_planks":213,"minecraft:ghast_tear":6,"minecraft:sand":6,"minecraft:nether_brick_stairs":3,"minecraft:diamond_block":2627,"minecraft:shulker_box":4,"minecraft:mossy_cobblestone":131,"minecraft:sugar":1,"minecraft:diamond":3379,"minecraft:spruce_boat":1,"minecraft:netherite_helmet":10,"minecraft:crossbow":3,"minecraft:golden_apple":10,"minecraft:white_concrete":6,"minecraft:emerald":2459,"minecraft:nether_star":9,"minecraft:oak_leaves":189,"minecraft:splash_potion":10,"minecraft:ladder":1,"minecraft:shield":2,"minecraft:oak_trapdoor":105,"minecraft:moss_carpet":33,"minecraft:iron_axe":1,"minecraft:wooden_sword":1,"minecraft:item_frame":8,"minecraft:creeper_banner_pattern":1,"minecraft:blackstone":3,"minecraft:oak_boat":4,"minecraft:player_head":2,"minecraft:lectern":226,"minecraft:sugar_cane":83,"minecraft:phantom_membrane":1,"minecraft:raw_iron":5770,"minecraft:end_stone":604,"minecraft:copper_ingot":193,"minecraft:polished_blackstone_bricks":81,"minecraft:arrow":497,"minecraft:nether_bricks":5,"minecraft:netherite_boots":7,"minecraft:salmon":2,"minecraft:leather":25,"minecraft:birch_planks":1,"minecraft:chainmail_chestplate":1,"minecraft:gunpowder":56,"minecraft:red_carpet":1,"minecraft:iron_ingot":305,"minecraft:cooked_chicken":32,"minecraft:soul_sand":115,"minecraft:book":116,"minecraft:sculk_catalyst":3,"minecraft:scaffolding":1,"minecraft:oak_slab":11,"minecraft:emerald_block":4,"minecraft:dripstone_block":20,"minecraft:amethyst_shard":16,"minecraft:spruce_door":10,"minecraft:spider_eye":24,"minecraft:mangrove_leaves":135,"minecraft:lime_dye":1,"minecraft:chainmail_leggings":2,"minecraft:cherry_sapling":4,"minecraft:coal":5460},"minecraft:custom":{"minecraft:interact_with_crafting_table":331,"minecraft:open_barrel":1,"minecraft:leave_game":164,"minecraft:time_since_death":7342,"minecraft:damage_blocked_by_shield":37870,"minecraft:play_time":7196706,"minecraft:deaths":167,"minecraft:jump":89712,"minecraft:enchant_item":60,"minecraft:interact_with_furnace":155,"minecraft:traded_with_villager":44,"minecraft:sleep_in_bed":47,"minecraft:damage_dealt":731412,"minecraft:interact_with_smoker":3,"minecraft:horse_one_cm":274,"minecraft:interact_with_smithing_table":18,"minecraft:interact_with_anvil":48,"minecraft:inspect_hopper":49,"minecraft:damage_dealt_absorbed":19697,"minecraft:target_hit":9,"minecraft:sneak_time":621461,"minecraft:interact_with_lectern":4,"minecraft:interact_with_blast_furnace":206,"minecraft:total_world_time":7196706,"minecraft:interact_with_stonecutter":6,"minecraft:time_since_rest":7368,"minecraft:swim_one_cm":302865,"minecraft:fly_one_cm":19256031,"minecraft:open_chest":1658,"minecraft:fish_caught":25,"minecraft:fall_one_cm":1949194,"minecraft:open_shulker_box":26,"minecraft:damage_resisted":89739,"minecraft:sprint_one_cm":11112798,"minecraft:drop":3999,"minecraft:talked_to_villager":366,"minecraft:interact_with_brewingstand":13,"minecraft:walk_on_water_one_cm":285174,"minecraft:interact_with_loom":3,"minecraft:open_enderchest":31,"minecraft:interact_with_beacon":1,"minecraft:player_kills":42,"minecraft:crouch_one_cm":2927733,"minecraft:mob_kills":3950,"minecraft:damage_dealt_resisted":56197,"minecraft:climb_one_cm":87615,"minecraft:walk_one_cm":9364457,"minecraft:walk_under_water_one_cm":159351,"minecraft:boat_one_cm":523186,"minecraft:raid_trigger":1,"minecraft:interact_with_grindstone":3,"minecraft:damage_taken":150326,"minecraft:damage_absorbed":26146,"minecraft:trigger_trapped_chest":25,"minecraft:minecart_one_cm":15287},"minecraft:killed":{"minecraft:cave_spider":3,"minecraft:skeleton":72,"minecraft:guardian":4,"minecraft:cat":5,"minecraft:iron_golem":23,"minecraft:ender_dragon":1,"minecraft:pillager":106,"minecraft:zombie":636,"minecraft:cow":9,"minecraft:endermite":82,"minecraft:horse":18,"minecraft:enderman":44,"minecraft:witch":6,"minecraft:spider":45,"minecraft:wither":8,"minecraft:pig":2,"minecraft:zombie_villager":2,"minecraft:creeper":29,"minecraft:sheep":3,"minecraft:ghast":46,"minecraft:slime":45,"minecraft:phantom":4,"minecraft:drowned":2,"minecraft:bat":1,"minecraft:wither_skeleton":2417},"minecraft:used":{"minecraft:moss_block":1,"minecraft:writable_book":53,"minecraft:chiseled_deepslate":10,"minecraft:polished_blackstone":29,"minecraft:elytra":3,"minecraft:ladder":8,"minecraft:chest":93,"minecraft:stone":5935,"minecraft:rotten_flesh":41,"minecraft:soul_sand":114,"minecraft:deepslate_brick_slab":4,"minecraft:spruce_boat":1,"minecraft:lava_bucket":5,"minecraft:villager_spawn_egg":150,"minecraft:grass_block":4,"minecraft:stone_brick_stairs":2,"minecraft:netherite_boots":23,"minecraft:bow":1380,"minecraft:sweet_berries":3,"minecraft:furnace":63,"minecraft:potato":10,"minecraft:deepslate_brick_wall":11,"minecraft:emerald_ore":1,"minecraft:diorite":7,"minecraft:leather_leggings":5,"minecraft:spruce_door":10,"minecraft:blackstone":99,"minecraft:leather_chestplate":5,"minecraft:wooden_pickaxe":5,"minecraft:purpur_pillar":18,"minecraft:oak_leaves":189,"minecraft:golden_apple":7,"minecraft:sand":10,"minecraft:blast_furnace":2,"minecraft:netherite_helmet":15,"minecraft:deepslate_brick_stairs":12,"minecraft:deepslate_tiles":41,"minecraft:lectern":226,"minecraft:cherry_sign":1,"minecraft:diamond_sword":8230,"minecraft:smithing_table":3,"minecraft:oak_boat":7,"minecraft:oak_trapdoor":453,"minecraft:enchanting_table":1,"minecraft:stone_sword":63,"minecraft:red_concrete":30,"minecraft:armor_stand":3,"minecraft:torch":356,"minecraft:anvil":2,"minecraft:chainmail_chestplate":2,"minecraft:nether_brick_stairs":8,"minecraft:sea_lantern":6,"minecraft:iron_block":3,"minecraft:muddy_mangrove_roots":5,"minecraft:rooted_dirt":76,"minecraft:chicken_spawn_egg":59,"minecraft:totem_of_undying":5,"minecraft:smooth_basalt":2,"minecraft:diamond_chestplate":10,"minecraft:purple_concrete":24,"minecraft:glowstone":23,"minecraft:goat_horn":4,"minecraft:trapped_chest":5,"minecraft:cobbled_deepslate":429,"minecraft:golden_axe":49,"minecraft:calcite":1,"minecraft:water_bucket":138,"minecraft:birch_planks":13,"minecraft:leather_boots":4,"minecraft:deepslate_bricks":108,"minecraft:cracked_stone_bricks":4,"minecraft:polished_blackstone_bricks":1157,"minecraft:gilded_blackstone":78,"minecraft:mossy_cobblestone":17,"minecraft:diamond_block":5,"minecraft:rail":8,"minecraft:oak_slab":14,"minecraft:crafting_table":25,"minecraft:red_bed":10,"minecraft:oak_log":21,"minecraft:diamond_pickaxe":1311,"minecraft:mangrove_propagule":8,"minecraft:iron_pickaxe":384,"minecraft:leather_helmet":5,"minecraft:cobblestone":3027,"minecraft:potion":26,"minecraft:glass_pane":2,"minecraft:diamond_leggings":5,"minecraft:cherry_sapling":5,"minecraft:polished_deepslate":128,"minecraft:oak_sign":19,"minecraft:shield":724,"minecraft:iron_sword":453,"minecraft:nether_wart":2,"minecraft:stripped_jungle_wood":8,"minecraft:nether_bricks":89,"minecraft:carrot":2,"minecraft:tuff":3,"minecraft:milk_bucket":2,"minecraft:obsidian":11,"minecraft:glass":1,"minecraft:mangrove_log":9,"minecraft:bricks":60,"minecraft:stone_bricks":4273,"minecraft:red_carpet":1,"minecraft:written_book":7,"minecraft:mangrove_roots":10,"minecraft:gold_block":5,"minecraft:mangrove_leaves":148,"minecraft:chiseled_polished_blackstone":58,"minecraft:end_rod":19,"minecraft:diamond_boots":9,"minecraft:wither_skeleton_skull":33,"minecraft:stone_pickaxe":189,"minecraft:oak_planks":176,"minecraft:ender_pearl":54,"minecraft:diamond_axe":89,"minecraft:sugar_cane":9,"minecraft:netherite_leggings":14,"minecraft:dripstone_block":5,"minecraft:stone_brick_wall":6,"minecraft:end_stone":998,"minecraft:shears":632,"minecraft:black_concrete":511,"minecraft:light_gray_concrete":19,"minecraft:bread":36,"minecraft:barrier":29,"minecraft:iron_door":10,"minecraft:gravel":13,"minecraft:chainmail_boots":1,"minecraft:grindstone":1,"minecraft:andesite":2,"minecraft:white_concrete":7,"minecraft:tropical_fish_bucket":4,"minecraft:coarse_dirt":2,"minecraft:chorus_plant":54,"minecraft:bone_meal":185,"minecraft:golden_pickaxe":32,"minecraft:experience_bottle":195,"minecraft:oak_fence":1,"minecraft:purpur_block":778,"minecraft:netherite_sword":7436,"minecraft:flint_and_steel":53,"minecraft:cracked_deepslate_bricks":5,"minecraft:spruce_planks":10,"minecraft:cooked_chicken":12,"minecraft:oak_door":6,"minecraft:dirt":57,"minecraft:hopper":22,"minecraft:diamond_helmet":9,"minecraft:shulker_box":2,"minecraft:granite":1,"minecraft:iron_hoe":11,"minecraft:bookshelf":52,"minecraft:netherite_pickaxe":41930,"minecraft:minecart":5,"minecraft:cooked_beef":962,"minecraft:enchanted_golden_apple":185,"minecraft:crimson_hanging_sign":2,"minecraft:amethyst_block":2,"minecraft:glass_bottle":3,"minecraft:netherite_chestplate":22,"minecraft:baked_potato":12,"minecraft:stonecutter":1,"minecraft:chiseled_nether_bricks":1,"minecraft:cracked_polished_blackstone_bricks":247,"minecraft:netherite_axe":584,"minecraft:cracked_nether_bricks":3,"minecraft:yellow_wool":1,"minecraft:pink_petals":1,"minecraft:fishing_rod":59,"minecraft:white_banner":1,"minecraft:bucket":148,"minecraft:sculk_catalyst":3,"minecraft:splash_potion":14,"minecraft:chainmail_leggings":2},"minecraft:dropped":{"minecraft:iron_sword":8,"minecraft:porkchop":4,"minecraft:lapis_lazuli":191,"minecraft:cooked_beef":2580,"minecraft:glass_bottle":12,"minecraft:diamond":1,"minecraft:crafting_table":1,"minecraft:crossbow":3,"minecraft:rooted_dirt":4,"minecraft:leather_helmet":3,"minecraft:item_frame":6,"minecraft:emerald":327,"minecraft:gold_block":2,"minecraft:dirt":24,"minecraft:netherite_boots":5,"minecraft:cherry_leaves":2,"minecraft:wooden_sword":2,"minecraft:gold_nugget":65,"minecraft:writable_book":3,"minecraft:phantom_membrane":1,"minecraft:sugar":1,"minecraft:iron_pickaxe":1,"minecraft:white_wool":3,"minecraft:bone":139,"minecraft:golden_chestplate":1,"minecraft:cobbled_deepslate":672,"minecraft:pink_dye":3,"minecraft:netherite_sword":7,"minecraft:wheat":2,"minecraft:deepslate_brick_slab":1,"minecraft:rotten_flesh":263,"minecraft:oak_planks":240,"minecraft:enchanted_golden_apple":34,"minecraft:glowstone_dust":2,"minecraft:lime_dye":3,"minecraft:end_stone":193,"minecraft:salmon":1,"minecraft:chiseled_deepslate":1,"minecraft:deepslate_tiles":189,"minecraft:leather_boots":7,"minecraft:ladder":1,"minecraft:leather_leggings":6,"minecraft:beef":9,"minecraft:ghast_tear":2,"minecraft:enchanted_book":4,"minecraft:iron_ingot":45,"minecraft:netherite_pickaxe":11,"minecraft:birch_leaves":6,"minecraft:wheat_seeds":13,"minecraft:mangrove_leaves":1,"minecraft:copper_block":7,"minecraft:polished_blackstone":1,"minecraft:deepslate_brick_wall":1,"minecraft:dripstone_block":12,"minecraft:netherite_helmet":5,"minecraft:netherite_chestplate":6,"minecraft:cobblestone":7727,"minecraft:book":14,"minecraft:spruce_door":6,"minecraft:chicken_spawn_egg":2,"minecraft:chainmail_helmet":1,"minecraft:coal":413,"minecraft:golden_apple":1,"minecraft:pufferfish":4,"minecraft:diamond_helmet":59,"minecraft:potion":115,"minecraft:chainmail_leggings":2,"minecraft:paper":13,"minecraft:string":30,"minecraft:trapped_chest":1,"minecraft:netherite_ingot":1,"minecraft:stone_sword":5,"minecraft:nether_bricks":1,"minecraft:diamond_sword":59,"minecraft:light_blue_dye":1,"minecraft:potato":1295,"minecraft:spruce_boat":1,"minecraft:stone":1,"minecraft:spruce_planks":16,"minecraft:diamond_pickaxe":4,"minecraft:spider_eye":7,"minecraft:stone_bricks":257,"minecraft:bow":28,"minecraft:nether_brick_stairs":1,"minecraft:moss_block":1,"minecraft:diamond_axe":2,"minecraft:creeper_banner_pattern":1,"minecraft:cod":4,"minecraft:cracked_polished_blackstone_bricks":1,"minecraft:polished_blackstone_brick_stairs":2,"minecraft:mutton":5,"minecraft:gilded_blackstone":1,"minecraft:polished_blackstone_bricks":23,"minecraft:gold_ingot":65,"minecraft:chiseled_polished_blackstone":1,"minecraft:blackstone":3,"minecraft:mangrove_roots":83,"minecraft:pointed_dripstone":64,"minecraft:diamond_shovel":1,"minecraft:carrot":316,"minecraft:chainmail_chestplate":2,"minecraft:poppy":25,"minecraft:oak_fence_gate":2,"minecraft:leather_chestplate":5,"minecraft:gunpowder":9,"minecraft:chest":5,"minecraft:chainmail_boots":2,"minecraft:iron_bars":13,"minecraft:arrow":57,"minecraft:cracked_nether_bricks":1,"minecraft:scaffolding":1,"minecraft:written_book":1,"minecraft:splash_potion":44,"minecraft:firework_rocket":32,"minecraft:bread":88,"minecraft:vine":1,"minecraft:mossy_cobblestone":246,"minecraft:diamond_leggings":72,"minecraft:prismarine_shard":1,"minecraft:mangrove_propagule":1,"minecraft:lead":2,"minecraft:amethyst_block":4,"minecraft:copper_ingot":67,"minecraft:stick":133,"minecraft:iron_block":29,"minecraft:deepslate_brick_stairs":1,"minecraft:milk_bucket":3,"minecraft:white_concrete":4,"minecraft:polished_blackstone_brick_slab":1,"minecraft:iron_axe":1,"minecraft:pink_petals":3,"minecraft:bucket":2,"minecraft:redstone":940,"minecraft:polished_deepslate":1,"minecraft:nether_brick_slab":1,"minecraft:blaze_rod":4,"minecraft:raw_copper":2438,"minecraft:tuff":5,"minecraft:raw_iron":1266,"minecraft:wither_skeleton_skull":1,"minecraft:yellow_candle":4,"minecraft:bamboo_sign":1,"minecraft:totem_of_undying":4,"minecraft:shulker_box":2,"minecraft:netherite_leggings":9,"minecraft:flint_and_steel":4,"minecraft:red_nether_brick_stairs":17,"minecraft:deepslate_bricks":1,"minecraft:shield":1,"minecraft:diamond_chestplate":45,"minecraft:andesite":6,"minecraft:golden_leggings":1,"minecraft:spruce_log":68,"minecraft:diamond_boots":61,"minecraft:slime_ball":18,"minecraft:beacon":4,"minecraft:stone_pickaxe":1,"minecraft:raw_gold":437},"minecraft:broken":{"minecraft:golden_boots":2,"minecraft:diamond_helmet":2,"minecraft:shears":2,"minecraft:chainmail_boots":1,"minecraft:bow":1,"minecraft:leather_helmet":1,"minecraft:netherite_helmet":3,"minecraft:chainmail_leggings":2,"minecraft:diamond_leggings":1,"minecraft:chainmail_helmet":2,"minecraft:iron_pickaxe":1,"minecraft:netherite_boots":1,"minecraft:leather_leggings":3,"minecraft:golden_leggings":1,"minecraft:stone_pickaxe":1,"minecraft:diamond_boots":1,"minecraft:golden_chestplate":1,"minecraft:diamond_chestplate":2,"minecraft:golden_axe":1,"minecraft:leather_boots":1,"minecraft:golden_pickaxe":1},"minecraft:mined":{"minecraft:cherry_log":1,"minecraft:obsidian":16,"minecraft:granite":16,"minecraft:hopper":6,"minecraft:nether_wart":2,"minecraft:polished_blackstone_bricks":97,"minecraft:magma_block":10,"minecraft:cobbled_deepslate":348,"minecraft:fire":1,"minecraft:moss_carpet":1,"minecraft:deepslate_lapis_ore":1301,"minecraft:nether_brick_stairs":3,"minecraft:red_bed":9,"minecraft:amethyst_cluster":1,"minecraft:torch":76,"minecraft:sugar_cane":57,"minecraft:amethyst_block":10,"minecraft:wheat":83,"minecraft:mangrove_log":39,"minecraft:smooth_basalt":10,"minecraft:deepslate":540,"minecraft:deepslate_tiles":25,"minecraft:mossy_cobblestone":2,"minecraft:dark_oak_log":1,"minecraft:end_stone":149,"minecraft:shulker_box":1,"minecraft:nether_bricks":5,"minecraft:moss_block":1,"minecraft:cherry_wall_sign":1,"minecraft:andesite":18,"minecraft:diamond_block":2,"minecraft:vine":7,"minecraft:rail":7,"minecraft:smithing_table":4,"minecraft:oak_slab":6,"minecraft:soul_sand":46,"minecraft:short_grass":18,"minecraft:emerald_ore":1,"minecraft:tall_grass":3,"minecraft:deepslate_gold_ore":1178,"minecraft:diorite":16,"minecraft:coarse_dirt":5,"minecraft:birch_leaves":10,"minecraft:mangrove_leaves":558,"minecraft:gravel":24,"minecraft:dripstone_block":22,"minecraft:cobweb":2,"minecraft:stone_bricks":128,"minecraft:deepslate_emerald_ore":1135,"minecraft:spruce_planks":8,"minecraft:budding_amethyst":1,"minecraft:grass_block":23,"minecraft:white_concrete":2,"minecraft:glowstone":1,"minecraft:iron_ore":1,"minecraft:pointed_dripstone":40,"minecraft:iron_bars":1,"minecraft:birch_wall_sign":1,"minecraft:deepslate_redstone_ore":2348,"minecraft:blackstone":2,"minecraft:calcite":5,"minecraft:chest":29,"minecraft:cobblestone":331,"minecraft:oak_planks":88,"minecraft:prismarine":2,"minecraft:iron_door":9,"minecraft:wall_torch":45,"minecraft:deepslate_copper_ore":695,"minecraft:pink_petals":16,"minecraft:birch_log":1,"minecraft:oak_log":8,"minecraft:sand":6,"minecraft:dirt":25,"minecraft:oak_leaves":240,"minecraft:emerald_block":3,"minecraft:red_carpet":1,"minecraft:tuff":30,"minecraft:deepslate_diamond_ore":1786,"minecraft:oak_door":3,"minecraft:mangrove_roots":558,"minecraft:ladder":1,"minecraft:mangrove_propagule":27,"minecraft:rooted_dirt":8,"minecraft:oak_trapdoor":40,"minecraft:furnace":5,"minecraft:chiseled_deepslate":9,"minecraft:polished_deepslate":8,"minecraft:bookshelf":30,"minecraft:deepslate_iron_ore":4019,"minecraft:stone":26962,"minecraft:scaffolding":1,"minecraft:spruce_door":10,"minecraft:crafting_table":10,"minecraft:lectern":226,"minecraft:deepslate_coal_ore":2120,"minecraft:lapis_ore":1,"minecraft:prismarine_bricks":4,"minecraft:birch_planks":1,"minecraft:white_wall_banner":1,"minecraft:muddy_mangrove_roots":1,"minecraft:cherry_leaves":40,"minecraft:cracked_stone_bricks":4},"minecraft:crafted":{"minecraft:oak_sign":3,"minecraft:blaze_powder":2,"minecraft:diamond_shovel":1,"minecraft:bookshelf":24,"minecraft:iron_bars":16,"minecraft:diamond_helmet":2,"minecraft:diamond_leggings":1,"minecraft:netherite_boots":2,"minecraft:iron_door":3,"minecraft:feather":1,"minecraft:golden_axe":2,"minecraft:glass_bottle":3,"minecraft:emerald":18,"minecraft:spruce_door":6,"minecraft:golden_pickaxe":1,"minecraft:mossy_cobblestone":256,"minecraft:copper_ingot":256,"minecraft:sentry_armor_trim_smithing_template":8,"minecraft:stone_slab":6,"minecraft:iron_pickaxe":2,"minecraft:iron_block":136,"minecraft:gold_ingot":364,"minecraft:golden_carrot":2,"minecraft:smooth_stone_slab":6,"minecraft:bone_meal":597,"minecraft:diamond":18,"minecraft:ladder":9,"minecraft:stone_pickaxe":3,"minecraft:diamond_boots":1,"minecraft:spruce_boat":1,"minecraft:redstone_block":47,"minecraft:netherite_pickaxe":2,"minecraft:enchanting_table":1,"minecraft:enchanted_book":27,"minecraft:oak_fence_gate":2,"minecraft:iron_shovel":1,"minecraft:iron_leggings":1,"minecraft:armor_stand":1,"minecraft:grindstone":1,"minecraft:oak_planks":2739,"minecraft:stone":294,"minecraft:hopper":18,"minecraft:bow":3,"minecraft:iron_boots":1,"minecraft:chest":87,"minecraft:netherite_helmet":3,"minecraft:stone_bricks":256,"minecraft:oak_fence":3,"minecraft:oak_slab":6,"minecraft:crafting_table":19,"minecraft:spruce_planks":276,"minecraft:iron_helmet":1,"minecraft:wooden_pickaxe":1,"minecraft:gold_block":47,"minecraft:birch_planks":12,"minecraft:iron_chestplate":1,"minecraft:book":17,"minecraft:paper":51,"minecraft:diamond_pickaxe":3,"minecraft:emerald_block":126,"minecraft:shield":3,"minecraft:stick":276,"minecraft:iron_ingot":1988,"minecraft:stone_sword":2,"minecraft:shears":3,"minecraft:oak_door":6,"minecraft:fishing_rod":2,"minecraft:furnace":58,"minecraft:oak_trapdoor":490,"minecraft:diamond_block":123,"minecraft:flint_and_steel":2,"minecraft:netherite_chestplate":3,"minecraft:netherite_leggings":2,"minecraft:iron_hoe":1,"minecraft:minecart":1,"minecraft:diamond_sword":11,"minecraft:iron_sword":3,"minecraft:mangrove_planks":76,"minecraft:bucket":6,"minecraft:bread":262,"minecraft:air":0,"minecraft:oak_boat":4,"minecraft:gold_nugget":9,"minecraft:stonecutter":4090,"minecraft:anvil":1,"minecraft:coast_armor_trim_smithing_template":8,"minecraft:acacia_planks":72,"minecraft:torch":240,"minecraft:lapis_lazuli":63,"minecraft:diamond_chestplate":2}},"DataVersion":3700}