{"stats":{"minecraft:picked_up":{"minecraft:leather_chestplate":1,"minecraft:cooked_beef":1,"minecraft:tripwire_hook":8,"minecraft:leather_leggings":1,"minecraft:yellow_dye":6,"minecraft:copper_block":2,"minecraft:paper":13,"minecraft:white_banner":7,"minecraft:leather_boots":1,"minecraft:red_carpet":1,"minecraft:diamond_leggings":1,"minecraft:raw_gold":5,"minecraft:iron_ingot":11,"minecraft:enchanted_golden_apple":8,"minecraft:chest":4,"minecraft:raw_iron":3,"minecraft:netherite_pickaxe":1,"minecraft:redstone":9,"minecraft:diamond_chestplate":1,"minecraft:slime_ball":10,"minecraft:diamond":2,"minecraft:crossbow":3,"minecraft:mangrove_roots":11,"minecraft:emerald":1,"minecraft:coal":3,"minecraft:cobblestone":30},"minecraft:crafted":{"minecraft:emerald":9,"minecraft:spruce_planks":52,"minecraft:iron_helmet":1,"minecraft:iron_sword":2,"minecraft:iron_boots":1,"minecraft:iron_chestplate":2,"minecraft:iron_axe":1,"minecraft:stick":16,"minecraft:iron_pickaxe":1,"minecraft:golden_sword":3},"minecraft:mined":{"minecraft:deepslate_redstone_ore":2,"minecraft:deepslate_diamond_ore":2,"minecraft:mangrove_roots":11,"minecraft:deepslate_coal_ore":3,"minecraft:deepslate_gold_ore":5,"minecraft:deepslate_iron_ore":3,"minecraft:stone":31,"minecraft:deepslate_emerald_ore":1},"minecraft:killed_by":{"minecraft:player":3,"minecraft:iron_golem":3},"minecraft:custom":{"minecraft:mob_kills":101,"minecraft:interact_with_crafting_table":20,"minecraft:leave_game":2,"minecraft:time_since_death":12043,"minecraft:climb_one_cm":1153,"minecraft:damage_resisted":654,"minecraft:time_since_rest":12077,"minecraft:sprint_one_cm":418164,"minecraft:damage_absorbed":363,"minecraft:damage_taken":5812,"minecraft:walk_one_cm":426382,"minecraft:drop":57,"minecraft:damage_dealt":18742,"minecraft:swim_one_cm":737,"minecraft:fly_one_cm":517405,"minecraft:player_kills":7,"minecraft:open_chest":14,"minecraft:crouch_one_cm":2042,"minecraft:play_time":143909,"minecraft:sneak_time":736,"minecraft:deaths":6,"minecraft:walk_under_water_one_cm":121,"minecraft:interact_with_lectern":3,"minecraft:jump":2274,"minecraft:walk_on_water_one_cm":734,"minecraft:total_world_time":143909,"minecraft:fall_one_cm":50924},"minecraft:dropped":{"minecraft:netherite_pickaxe":1,"minecraft:mangrove_roots":6,"minecraft:cooked_beef":1,"minecraft:stone_sword":2,"minecraft:copper_block":2,"minecraft:diamond_leggings":1,"minecraft:crossbow":2,"minecraft:iron_helmet":1,"minecraft:iron_boots":1,"minecraft:leather_helmet":2,"minecraft:stick":3,"minecraft:diamond_sword":1,"minecraft:leather_chestplate":3,"minecraft:iron_chestplate":2,"minecraft:leather_boots":3,"minecraft:golden_sword":3,"minecraft:leather_leggings":3,"minecraft:slime_ball":10,"minecraft:paper":14},"minecraft:killed":{"minecraft:endermite":24,"minecraft:iron_golem":2,"minecraft:slime":10,"minecraft:pillager":45},"minecraft:used":{"minecraft:cooked_mutton":5,"minecraft:diamond_boots":2,"minecraft:leather_leggings":1,"minecraft:stone_sword":17,"minecraft:leather_chestplate":1,"minecraft:iron_sword":39,"minecraft:leather_boots":1,"minecraft:iron_chestplate":1,"minecraft:cookie":2,"minecraft:diamond_helmet":1,"minecraft:crossbow":3,"minecraft:iron_pickaxe":55,"minecraft:leather_helmet":1,"minecraft:iron_boots":1,"minecraft:diamond_chestplate":2,"minecraft:golden_sword":9,"minecraft:diamond_sword":493,"minecraft:cooked_beef":34,"minecraft:diamond_leggings":1,"minecraft:enchanted_golden_apple":3,"minecraft:splash_potion":1}},"DataVersion":3700}