{"stats":{"minecraft:killed_by":{"minecraft:witch":6,"minecraft:zombie":3,"minecraft:player":56,"minecraft:iron_golem":2,"minecraft:skeleton":1},"minecraft:picked_up":{"minecraft:redstone_block":240,"minecraft:anvil":1,"minecraft:prismarine_shard":27,"minecraft:yellow_wool":1,"minecraft:sentry_armor_trim_smithing_template":1,"minecraft:smithing_table":1,"minecraft:lead":2,"minecraft:diamond_sword":8,"minecraft:enchanted_book":1,"minecraft:potion":9,"minecraft:stone_brick_stairs":7,"minecraft:amethyst_block":43,"minecraft:lapis_block":414,"minecraft:string":16,"minecraft:raw_copper":2117,"minecraft:armor_stand":9,"minecraft:experience_bottle":130,"minecraft:deepslate_tiles":3,"minecraft:diamond_leggings":16,"minecraft:cobbled_deepslate":807,"minecraft:light_weighted_pressure_plate":1,"minecraft:calcite":3,"minecraft:netherite_upgrade_smithing_template":4,"minecraft:enchanted_golden_apple":101,"minecraft:coal_block":41,"minecraft:dark_oak_door":1,"minecraft:furnace":1,"minecraft:diamond_ore":2,"minecraft:tipped_arrow":3,"minecraft:stick":2,"minecraft:torch":29,"minecraft:villager_spawn_egg":2,"minecraft:diorite":49,"minecraft:zombie_spawn_egg":1,"minecraft:rotten_flesh":98,"minecraft:iron_block":74,"minecraft:mangrove_roots":114,"minecraft:netherite_chestplate":9,"minecraft:blaze_rod":10,"minecraft:obsidian":44,"minecraft:snowball":857,"minecraft:cobblestone":9001,"minecraft:leather_chestplate":1,"minecraft:feather":3,"minecraft:cooked_beef":320,"minecraft:andesite":179,"minecraft:brown_wool":1,"minecraft:dark_oak_boat":1,"minecraft:copper_block":47,"minecraft:flint":22,"minecraft:tuff":95,"minecraft:prismarine_bricks":10,"minecraft:wither_skeleton_skull":1,"minecraft:netherite_leggings":7,"minecraft:lapis_lazuli":4117,"minecraft:dirt":1130,"minecraft:lantern":1,"minecraft:bone":14,"minecraft:chipped_anvil":3,"minecraft:stonecutter":2,"minecraft:bow":2,"minecraft:wheat_seeds":7,"minecraft:raw_gold":307,"minecraft:light_blue_dye":3,"minecraft:diamond_helmet":10,"minecraft:mossy_stone_bricks":3,"minecraft:prismarine":14,"minecraft:oak_planks":4,"minecraft:ghast_tear":25,"minecraft:cooked_porkchop":3,"minecraft:music_disc_13":2,"minecraft:sand":8,"minecraft:grass_block":65,"minecraft:diamond_block":85,"minecraft:dark_oak_log":2,"minecraft:dark_prismarine":5,"minecraft:diamond":914,"minecraft:netherite_helmet":8,"minecraft:granite":10,"minecraft:golden_apple":3,"minecraft:bread":1,"minecraft:emerald":14,"minecraft:oak_sapling":2,"minecraft:nether_star":1,"minecraft:diamond_pickaxe":1,"minecraft:crafting_table":3,"minecraft:sandstone_slab":20,"minecraft:azure_bluet":1,"minecraft:splash_potion":1,"minecraft:leather_leggings":1,"minecraft:gold_block":77,"minecraft:chain":2,"minecraft:shield":4,"minecraft:heavy_weighted_pressure_plate":12,"minecraft:elytra":3,"minecraft:iron_axe":2,"minecraft:item_frame":12,"minecraft:cracked_stone_bricks":1,"minecraft:netherite_sword":92,"minecraft:beef":2,"minecraft:poppy":7,"minecraft:light_gray_wool":1,"minecraft:minecart":3,"minecraft:blue_shulker_box":183,"minecraft:sugar_cane":8,"minecraft:chest":14,"minecraft:diamond_hoe":1,"minecraft:phantom_membrane":3,"minecraft:raw_iron":2206,"minecraft:sandstone":15,"minecraft:end_stone":404,"minecraft:stone":1,"minecraft:copper_ingot":8,"minecraft:carrot":1,"minecraft:redstone":1836,"minecraft:netherite_pickaxe":112,"minecraft:prismarine_crystals":7,"minecraft:dark_oak_planks":123,"minecraft:arrow":19,"minecraft:diamond_chestplate":13,"minecraft:cooked_cod":6,"minecraft:deepslate_bricks":25,"minecraft:diamond_boots":8,"minecraft:hay_block":1,"minecraft:saddle":1,"minecraft:totem_of_undying":14,"minecraft:mutton":2,"minecraft:white_wool":1,"minecraft:wet_sponge":5,"minecraft:netherite_boots":7,"minecraft:leather":15,"minecraft:oak_log":13,"minecraft:chainmail_chestplate":1,"minecraft:gunpowder":22,"minecraft:paper":1,"minecraft:cooked_mutton":6,"minecraft:coast_armor_trim_smithing_template":2,"minecraft:apple":23,"minecraft:stone_bricks":3,"minecraft:kelp":5,"minecraft:iron_ore":2,"minecraft:iron_ingot":110,"minecraft:stone_pickaxe":1,"minecraft:cooked_chicken":3,"minecraft:glass_bottle":4,"minecraft:iron_sword":2,"minecraft:book":58,"minecraft:sculk_catalyst":2,"minecraft:emerald_block":1,"minecraft:sweet_berries":4,"minecraft:raw_iron_block":160,"minecraft:gravel":4,"minecraft:amethyst_shard":15,"minecraft:spruce_sapling":2,"minecraft:spruce_log":17,"minecraft:spider_eye":3,"minecraft:lime_dye":1,"minecraft:firework_rocket":28,"minecraft:slime_ball":434,"minecraft:redstone_ore":2,"minecraft:diamond_axe":1,"minecraft:cherry_sapling":6,"minecraft:gray_wool":1,"minecraft:pink_dye":7,"minecraft:stripped_dark_oak_log":1,"minecraft:coal":1074,"minecraft:hopper":1,"minecraft:ender_pearl":5},"minecraft:custom":{"minecraft:interact_with_crafting_table":143,"minecraft:open_shulker_box":72,"minecraft:leave_game":34,"minecraft:time_since_death":143447,"minecraft:damage_resisted":22859,"minecraft:sprint_one_cm":4403822,"minecraft:damage_blocked_by_shield":1464,"minecraft:drop":1244,"minecraft:talked_to_villager":7,"minecraft:play_time":2041724,"minecraft:deaths":123,"minecraft:jump":17490,"minecraft:walk_on_water_one_cm":73372,"minecraft:interact_with_furnace":252,"minecraft:traded_with_villager":7,"minecraft:sleep_in_bed":1,"minecraft:open_enderchest":92,"minecraft:damage_dealt":78006,"minecraft:interact_with_beacon":1,"minecraft:player_kills":47,"minecraft:crouch_one_cm":181462,"minecraft:horse_one_cm":575413,"minecraft:interact_with_smithing_table":24,"minecraft:mob_kills":160,"minecraft:interact_with_anvil":17,"minecraft:inspect_hopper":36,"minecraft:damage_dealt_resisted":5629,"minecraft:climb_one_cm":49169,"minecraft:walk_one_cm":4643749,"minecraft:damage_dealt_absorbed":21023,"minecraft:sneak_time":95300,"minecraft:walk_under_water_one_cm":61073,"minecraft:boat_one_cm":162426,"minecraft:interact_with_lectern":3,"minecraft:interact_with_blast_furnace":50,"minecraft:total_world_time":2041724,"minecraft:interact_with_grindstone":1,"minecraft:interact_with_stonecutter":4,"minecraft:time_since_rest":11581,"minecraft:damage_taken":77027,"minecraft:damage_absorbed":21082,"minecraft:trigger_trapped_chest":8,"minecraft:swim_one_cm":199741,"minecraft:fly_one_cm":6200884,"minecraft:open_chest":1094,"minecraft:fall_one_cm":477369},"minecraft:used":{"minecraft:diamond_hoe":2450,"minecraft:chest":103,"minecraft:shield":13,"minecraft:iron_sword":1,"minecraft:zombie_spawn_egg":22,"minecraft:snowball":33,"minecraft:obsidian":20,"minecraft:glass":16,"minecraft:grass_block":64,"minecraft:stone_brick_stairs":52,"minecraft:item_frame":13,"minecraft:netherite_boots":3,"minecraft:bow":18,"minecraft:dark_oak_boat":4,"minecraft:hay_block":1,"minecraft:written_book":3,"minecraft:blue_shulker_box":11,"minecraft:furnace":37,"minecraft:emerald_ore":2,"minecraft:diamond_boots":7,"minecraft:wither_skeleton_skull":1,"minecraft:prismarine":3,"minecraft:oak_planks":4,"minecraft:ender_pearl":114,"minecraft:sandstone":1111,"minecraft:diamond_axe":195,"minecraft:golden_apple":13,"minecraft:netherite_leggings":1,"minecraft:netherite_helmet":1,"minecraft:end_stone":456,"minecraft:firework_rocket":1,"minecraft:dark_oak_log":337,"minecraft:bread":7,"minecraft:diamond_ore":1,"minecraft:gravel":6,"minecraft:diamond_sword":1224,"minecraft:smithing_table":2,"minecraft:chain":2,"minecraft:oak_boat":2,"minecraft:experience_bottle":349,"minecraft:netherite_sword":2268,"minecraft:stone_sword":63,"minecraft:flint_and_steel":2,"minecraft:redstone_ore":1,"minecraft:armor_stand":20,"minecraft:spruce_planks":2,"minecraft:ender_chest":3,"minecraft:torch":160,"minecraft:dragon_egg":2,"minecraft:dirt":124,"minecraft:anvil":4,"minecraft:hopper":21,"minecraft:diamond_helmet":2,"minecraft:dark_oak_planks":3635,"minecraft:bookshelf":21,"minecraft:smooth_sandstone":64,"minecraft:spawner":1,"minecraft:totem_of_undying":6,"minecraft:diamond_chestplate":4,"minecraft:netherite_pickaxe":21170,"minecraft:cooked_beef":204,"minecraft:cobbled_deepslate":4,"minecraft:enchanted_golden_apple":146,"minecraft:water_bucket":2,"minecraft:iron_ore":1,"minecraft:sandstone_stairs":8,"minecraft:glass_bottle":1,"minecraft:netherite_chestplate":2,"minecraft:stonecutter":4,"minecraft:crafting_table":16,"minecraft:spruce_log":1,"minecraft:dark_oak_door":5,"minecraft:apple":15,"minecraft:diamond_pickaxe":217,"minecraft:diamond_shovel":1946,"minecraft:yellow_wool":1,"minecraft:fishing_rod":2,"minecraft:cobblestone":57,"minecraft:potion":18,"minecraft:bucket":5,"minecraft:sandstone_slab":92,"minecraft:glass_pane":342,"minecraft:splash_potion":17,"minecraft:diamond_leggings":6},"minecraft:killed":{"minecraft:cave_spider":1,"minecraft:witch":1,"minecraft:spider":11,"minecraft:wither":1,"minecraft:skeleton":10,"minecraft:guardian":9,"minecraft:chicken":3,"minecraft:pig":4,"minecraft:iron_golem":3,"minecraft:creeper":3,"minecraft:sheep":4,"minecraft:zombie":55,"minecraft:donkey":1,"minecraft:stray":1,"minecraft:ghast":6,"minecraft:blaze":5,"minecraft:cow":6,"minecraft:phantom":3,"minecraft:horse":1,"minecraft:warden":4,"minecraft:bat":1,"minecraft:enderman":2},"minecraft:dropped":{"minecraft:blue_shulker_box":1,"minecraft:iron_sword":2,"minecraft:birch_planks":2,"minecraft:diamond_axe":3,"minecraft:lapis_lazuli":2672,"minecraft:cooked_beef":1405,"minecraft:diamond":15,"minecraft:ender_pearl":6,"minecraft:glass_bottle":20,"minecraft:crafting_table":1,"minecraft:cooked_porkchop":3,"minecraft:netherite_upgrade_smithing_template":4,"minecraft:leather":4,"minecraft:cracked_stone_bricks":1,"minecraft:saddle":1,"minecraft:elytra":4,"minecraft:sentry_armor_trim_smithing_template":3,"minecraft:emerald":59,"minecraft:leather_helmet":1,"minecraft:music_disc_13":2,"minecraft:item_frame":3,"minecraft:gold_block":66,"minecraft:flint":21,"minecraft:dirt":458,"minecraft:dark_oak_log":192,"minecraft:mutton":4,"minecraft:cooked_cod":2,"minecraft:netherite_boots":5,"minecraft:snowball":108,"minecraft:gold_nugget":64,"minecraft:amethyst_shard":30,"minecraft:phantom_membrane":3,"minecraft:iron_pickaxe":1,"minecraft:dark_oak_planks":11,"minecraft:white_wool":1,"minecraft:gold_ingot":8,"minecraft:armor_stand":1,"minecraft:bone":6,"minecraft:gravel":1,"minecraft:dark_oak_door":2,"minecraft:emerald_block":2,"minecraft:mangrove_roots":116,"minecraft:diamond_block":11,"minecraft:sugar_cane":2,"minecraft:lever":1,"minecraft:cooked_chicken":3,"minecraft:cobbled_deepslate":86,"minecraft:pink_dye":1,"minecraft:netherite_sword":10,"minecraft:cherry_sapling":6,"minecraft:obsidian":24,"minecraft:stripped_dark_oak_log":1,"minecraft:rotten_flesh":66,"minecraft:oak_planks":46,"minecraft:enchanted_golden_apple":14,"minecraft:end_stone":360,"minecraft:glowstone_dust":2,"minecraft:prismarine":11,"minecraft:cooked_mutton":6,"minecraft:azure_bluet":1,"minecraft:carrot":1,"minecraft:chainmail_chestplate":2,"minecraft:echo_shard":9,"minecraft:poppy":6,"minecraft:leather_chestplate":2,"minecraft:tipped_arrow":3,"minecraft:deepslate_tiles":3,"minecraft:gunpowder":42,"minecraft:leather_boots":1,"minecraft:chest":6,"minecraft:leather_leggings":2,"minecraft:iron_ore":1,"minecraft:arrow":12,"minecraft:beef":4,"minecraft:prismarine_bricks":10,"minecraft:ghast_tear":25,"minecraft:written_book":1,"minecraft:oak_leaves":10,"minecraft:splash_potion":1,"minecraft:firework_rocket":273,"minecraft:enchanted_book":2,"minecraft:bread":82,"minecraft:iron_ingot":83,"minecraft:wheat_seeds":5,"minecraft:cherry_log":49,"minecraft:copper_block":54,"minecraft:minecart":4,"minecraft:diamond_leggings":20,"minecraft:netherite_helmet":5,"minecraft:netherite_chestplate":6,"minecraft:feather":3,"minecraft:iron_helmet":1,"minecraft:cobblestone":4766,"minecraft:book":2,"minecraft:apple":26,"minecraft:granite":6,"minecraft:copper_ingot":55,"minecraft:disc_fragment_5":3,"minecraft:grass_block":1,"minecraft:coal":431,"minecraft:golden_apple":3,"minecraft:chainmail_helmet":1,"minecraft:stick":26,"minecraft:iron_block":13,"minecraft:diorite":3,"minecraft:wooden_axe":1,"minecraft:brown_wool":1,"minecraft:diamond_helmet":14,"minecraft:potion":17,"minecraft:iron_leggings":2,"minecraft:stonecutter":1,"minecraft:iron_axe":2,"minecraft:paper":2,"minecraft:string":4,"minecraft:spruce_sapling":1,"minecraft:lapis_block":34,"minecraft:redstone":1418,"minecraft:anvil":1,"minecraft:sweet_berries":2,"minecraft:zombie_spawn_egg":1,"minecraft:redstone_ore":1,"minecraft:kelp":5,"minecraft:stone_sword":1,"minecraft:blaze_rod":3,"minecraft:raw_copper":2021,"minecraft:tuff":83,"minecraft:raw_iron":1202,"minecraft:experience_bottle":5,"minecraft:sculk_sensor":6,"minecraft:light_gray_wool":1,"minecraft:iron_boots":1,"minecraft:diamond_ore":1,"minecraft:totem_of_undying":3,"minecraft:flint_and_steel":1,"minecraft:netherite_leggings":8,"minecraft:deepslate_bricks":25,"minecraft:diamond_sword":13,"minecraft:stone":133,"minecraft:shield":3,"minecraft:diamond_chestplate":21,"minecraft:dragon_egg":2,"minecraft:diamond_pickaxe":5,"minecraft:andesite":178,"minecraft:oak_sapling":2,"minecraft:stone_bricks":4,"minecraft:diamond_boots":13,"minecraft:spider_eye":1,"minecraft:spruce_log":6,"minecraft:sandstone":3,"minecraft:bow":28,"minecraft:stone_pickaxe":2,"minecraft:raw_gold":49,"minecraft:calcite":3,"minecraft:dark_prismarine":5},"minecraft:broken":{"minecraft:diamond_helmet":4,"minecraft:iron_chestplate":1,"minecraft:netherite_chestplate":1,"minecraft:diamond_boots":4,"minecraft:diamond_shovel":1,"minecraft:netherite_leggings":1,"minecraft:diamond_chestplate":2,"minecraft:netherite_helmet":1,"minecraft:diamond_leggings":4},"minecraft:mined":{"minecraft:dark_oak_planks":126,"minecraft:sculk_vein":234,"minecraft:obsidian":32,"minecraft:granite":139,"minecraft:budding_amethyst":3,"minecraft:grass_block":903,"minecraft:deepslate_bricks":2,"minecraft:deepslate_tile_stairs":2,"minecraft:hopper":1,"minecraft:spawner":1,"minecraft:tall_seagrass":17,"minecraft:sculk_catalyst":12,"minecraft:iron_ore":16,"minecraft:fire":2,"minecraft:cobbled_deepslate":1,"minecraft:deepslate_lapis_ore":527,"minecraft:sculk_shrieker":28,"minecraft:deepslate_redstone_ore":578,"minecraft:sandstone_slab":17,"minecraft:kelp_plant":22,"minecraft:soul_fire":3,"minecraft:torch":16,"minecraft:calcite":9,"minecraft:chest":9,"minecraft:glass":16,"minecraft:cobblestone":3,"minecraft:sugar_cane":5,"minecraft:prismarine":15,"minecraft:oak_planks":2,"minecraft:wall_torch":25,"minecraft:amethyst_block":43,"minecraft:deepslate_copper_ore":434,"minecraft:seagrass":1,"minecraft:chain":2,"minecraft:dark_oak_door":1,"minecraft:yellow_wool":1,"minecraft:stone_brick_stairs":9,"minecraft:oak_log":13,"minecraft:sand":8,"minecraft:dirt":326,"minecraft:smooth_basalt":2,"minecraft:blue_shulker_box":10,"minecraft:stonecutter":2,"minecraft:oak_leaves":2,"minecraft:deepslate":1422,"minecraft:dark_prismarine":11,"minecraft:tuff":203,"minecraft:deepslate_diamond_ore":448,"minecraft:dark_oak_log":4,"minecraft:mangrove_roots":29,"minecraft:end_stone":1,"minecraft:spruce_leaves":11,"minecraft:kelp":1,"minecraft:sandstone":15,"minecraft:hay_block":1,"minecraft:furnace":1,"minecraft:snow":875,"minecraft:andesite":428,"minecraft:chiseled_deepslate":1,"minecraft:gold_block":8,"minecraft:bookshelf":19,"minecraft:deepslate_iron_ore":1243,"minecraft:packed_ice":4,"minecraft:wet_sponge":4,"minecraft:stone":14786,"minecraft:smithing_table":1,"minecraft:glass_pane":6,"minecraft:crafting_table":2,"minecraft:short_grass":31,"minecraft:sculk_sensor":105,"minecraft:tall_grass":7,"minecraft:copper_ore":9,"minecraft:deepslate_coal_ore":414,"minecraft:lapis_ore":2,"minecraft:deepslate_gold_ore":119,"minecraft:cracked_deepslate_bricks":1,"minecraft:sculk":2086,"minecraft:diorite":79,"minecraft:prismarine_bricks":10,"minecraft:gray_wool":2,"minecraft:sweet_berry_bush":1,"minecraft:ice":4,"minecraft:spruce_log":17,"minecraft:coal_ore":146,"minecraft:gravel":22,"minecraft:stone_bricks":1,"minecraft:mossy_stone_bricks":3,"minecraft:deepslate_emerald_ore":7},"minecraft:crafted":{"minecraft:oak_planks":56,"minecraft:dark_oak_boat":3,"minecraft:blaze_powder":8,"minecraft:slime_block":48,"minecraft:stone":1187,"minecraft:diamond_shovel":2,"minecraft:bookshelf":21,"minecraft:dark_oak_door":6,"minecraft:iron_boots":1,"minecraft:chest":107,"minecraft:netherite_helmet":4,"minecraft:copper_block":101,"minecraft:name_tag":3,"minecraft:item_frame":4,"minecraft:emerald":63,"minecraft:diamond_axe":3,"minecraft:crafting_table":19,"minecraft:spruce_planks":48,"minecraft:iron_helmet":1,"minecraft:silence_armor_trim_smithing_template":24,"minecraft:smithing_table":1,"minecraft:gold_block":21,"minecraft:sentry_armor_trim_smithing_template":68,"minecraft:blaze_rod":1,"minecraft:stone_brick_stairs":8,"minecraft:iron_chestplate":1,"minecraft:diamond_pickaxe":2,"minecraft:shield":2,"minecraft:stick":376,"minecraft:iron_ingot":573,"minecraft:iron_block":50,"minecraft:snow_block":176,"minecraft:gold_ingot":72,"minecraft:sandstone_stairs":8,"minecraft:raw_iron":1046,"minecraft:smooth_stone_slab":18,"minecraft:netherite_sword":1,"minecraft:furnace":36,"minecraft:blue_shulker_box":1,"minecraft:diamond_block":22,"minecraft:glass_pane":640,"minecraft:flint_and_steel":1,"minecraft:diamond":117,"minecraft:leather":8,"minecraft:vex_armor_trim_smithing_template":16,"minecraft:redstone_block":31,"minecraft:dark_oak_planks":4864,"minecraft:minecart":1,"minecraft:coal_block":8,"minecraft:diamond_sword":1,"minecraft:sandstone_slab":78,"minecraft:bucket":3,"minecraft:enchanted_book":4,"minecraft:air":0,"minecraft:bread":21,"minecraft:blue_dye":1,"minecraft:oak_boat":2,"minecraft:golden_apple":8,"minecraft:iron_leggings":2,"minecraft:armor_stand":14,"minecraft:stonecutter":2805,"minecraft:anvil":4,"minecraft:white_bed":10,"minecraft:music_disc_5":1,"minecraft:coast_armor_trim_smithing_template":14,"minecraft:torch":328,"minecraft:lapis_block":143,"minecraft:diamond_chestplate":1}},"DataVersion":3700}