{"stats":{"minecraft:killed":{"minecraft:cave_spider":1,"minecraft:witch":1,"minecraft:spider":7,"minecraft:wither":1,"minecraft:skeleton":8,"minecraft:guardian":9,"minecraft:chicken":3,"minecraft:pig":4,"minecraft:iron_golem":3,"minecraft:creeper":2,"minecraft:sheep":4,"minecraft:zombie":50,"minecraft:donkey":1,"minecraft:stray":1,"minecraft:ghast":6,"minecraft:blaze":5,"minecraft:cow":2,"minecraft:phantom":3,"minecraft:horse":1,"minecraft:warden":4,"minecraft:bat":1,"minecraft:enderman":2},"minecraft:custom":{"minecraft:interact_with_crafting_table":122,"minecraft:open_shulker_box":64,"minecraft:leave_game":20,"minecraft:time_since_death":69769,"minecraft:damage_resisted":22730,"minecraft:sprint_one_cm":3900643,"minecraft:damage_blocked_by_shield":1464,"minecraft:drop":1166,"minecraft:talked_to_villager":3,"minecraft:play_time":1883520,"minecraft:deaths":122,"minecraft:jump":16087,"minecraft:walk_on_water_one_cm":59671,"minecraft:interact_with_furnace":252,"minecraft:traded_with_villager":7,"minecraft:open_enderchest":91,"minecraft:damage_dealt":76241,"minecraft:interact_with_beacon":1,"minecraft:player_kills":47,"minecraft:crouch_one_cm":179951,"minecraft:horse_one_cm":575413,"minecraft:interact_with_smithing_table":24,"minecraft:mob_kills":143,"minecraft:interact_with_anvil":16,"minecraft:inspect_hopper":36,"minecraft:damage_dealt_resisted":5629,"minecraft:climb_one_cm":49169,"minecraft:walk_one_cm":4132837,"minecraft:damage_dealt_absorbed":21023,"minecraft:sneak_time":94894,"minecraft:walk_under_water_one_cm":57853,"minecraft:boat_one_cm":162426,"minecraft:interact_with_lectern":2,"minecraft:interact_with_blast_furnace":50,"minecraft:total_world_time":1883520,"minecraft:interact_with_grindstone":1,"minecraft:interact_with_stonecutter":4,"minecraft:time_since_rest":69789,"minecraft:damage_taken":75825,"minecraft:damage_absorbed":21082,"minecraft:trigger_trapped_chest":8,"minecraft:swim_one_cm":186828,"minecraft:fly_one_cm":5912059,"minecraft:open_chest":946,"minecraft:fall_one_cm":445687},"minecraft:dropped":{"minecraft:blue_shulker_box":1,"minecraft:iron_sword":2,"minecraft:birch_planks":2,"minecraft:diamond_axe":3,"minecraft:lapis_lazuli":2672,"minecraft:cooked_beef":1405,"minecraft:ender_pearl":6,"minecraft:glass_bottle":19,"minecraft:diamond":15,"minecraft:crafting_table":1,"minecraft:cooked_porkchop":3,"minecraft:netherite_upgrade_smithing_template":4,"minecraft:leather":4,"minecraft:cracked_stone_bricks":1,"minecraft:saddle":1,"minecraft:elytra":4,"minecraft:sentry_armor_trim_smithing_template":3,"minecraft:leather_helmet":1,"minecraft:emerald":59,"minecraft:music_disc_13":2,"minecraft:item_frame":3,"minecraft:flint":21,"minecraft:gold_block":66,"minecraft:dirt":208,"minecraft:mutton":4,"minecraft:cooked_cod":2,"minecraft:netherite_boots":5,"minecraft:snowball":39,"minecraft:gold_nugget":64,"minecraft:amethyst_shard":30,"minecraft:phantom_membrane":3,"minecraft:iron_pickaxe":1,"minecraft:dark_oak_planks":11,"minecraft:white_wool":1,"minecraft:gold_ingot":8,"minecraft:armor_stand":1,"minecraft:bone":6,"minecraft:gravel":1,"minecraft:dark_oak_door":2,"minecraft:emerald_block":2,"minecraft:mangrove_roots":116,"minecraft:sugar_cane":2,"minecraft:diamond_block":11,"minecraft:lever":1,"minecraft:cooked_chicken":3,"minecraft:cobbled_deepslate":86,"minecraft:pink_dye":1,"minecraft:netherite_sword":10,"minecraft:obsidian":24,"minecraft:cherry_sapling":6,"minecraft:rotten_flesh":64,"minecraft:oak_planks":46,"minecraft:enchanted_golden_apple":14,"minecraft:end_stone":360,"minecraft:glowstone_dust":2,"minecraft:prismarine":11,"minecraft:cooked_mutton":6,"minecraft:azure_bluet":1,"minecraft:carrot":1,"minecraft:chainmail_chestplate":2,"minecraft:echo_shard":9,"minecraft:poppy":6,"minecraft:leather_chestplate":2,"minecraft:tipped_arrow":3,"minecraft:deepslate_tiles":3,"minecraft:gunpowder":42,"minecraft:leather_boots":1,"minecraft:chest":6,"minecraft:leather_leggings":2,"minecraft:arrow":12,"minecraft:beef":4,"minecraft:prismarine_bricks":10,"minecraft:ghast_tear":25,"minecraft:written_book":1,"minecraft:oak_leaves":10,"minecraft:splash_potion":1,"minecraft:firework_rocket":273,"minecraft:enchanted_book":2,"minecraft:bread":61,"minecraft:iron_ingot":83,"minecraft:wheat_seeds":2,"minecraft:cherry_log":49,"minecraft:copper_block":54,"minecraft:minecart":4,"minecraft:diamond_leggings":20,"minecraft:netherite_helmet":5,"minecraft:netherite_chestplate":6,"minecraft:feather":3,"minecraft:iron_helmet":1,"minecraft:cobblestone":4056,"minecraft:book":2,"minecraft:apple":26,"minecraft:granite":6,"minecraft:copper_ingot":55,"minecraft:disc_fragment_5":3,"minecraft:grass_block":1,"minecraft:coal":431,"minecraft:chainmail_helmet":1,"minecraft:golden_apple":3,"minecraft:stick":26,"minecraft:iron_block":13,"minecraft:diorite":3,"minecraft:wooden_axe":1,"minecraft:brown_wool":1,"minecraft:diamond_helmet":14,"minecraft:potion":16,"minecraft:iron_leggings":2,"minecraft:stonecutter":1,"minecraft:iron_axe":2,"minecraft:paper":2,"minecraft:string":4,"minecraft:spruce_sapling":1,"minecraft:lapis_block":34,"minecraft:redstone":1418,"minecraft:anvil":1,"minecraft:zombie_spawn_egg":1,"minecraft:kelp":5,"minecraft:sweet_berries":2,"minecraft:stone_sword":1,"minecraft:blaze_rod":3,"minecraft:raw_copper":2021,"minecraft:tuff":83,"minecraft:raw_iron":1202,"minecraft:experience_bottle":5,"minecraft:sculk_sensor":6,"minecraft:light_gray_wool":1,"minecraft:iron_boots":1,"minecraft:totem_of_undying":3,"minecraft:flint_and_steel":1,"minecraft:netherite_leggings":8,"minecraft:deepslate_bricks":25,"minecraft:diamond_sword":13,"minecraft:stone":131,"minecraft:shield":3,"minecraft:diamond_chestplate":21,"minecraft:dragon_egg":2,"minecraft:diamond_pickaxe":5,"minecraft:andesite":166,"minecraft:oak_sapling":2,"minecraft:spider_eye":1,"minecraft:diamond_boots":13,"minecraft:spruce_log":6,"minecraft:sandstone":1,"minecraft:bow":28,"minecraft:stone_pickaxe":2,"minecraft:raw_gold":49,"minecraft:calcite":3,"minecraft:dark_prismarine":5},"minecraft:crafted":{"minecraft:oak_planks":56,"minecraft:blaze_powder":8,"minecraft:slime_block":48,"minecraft:stone":1187,"minecraft:diamond_shovel":1,"minecraft:bookshelf":21,"minecraft:dark_oak_door":3,"minecraft:iron_boots":1,"minecraft:chest":94,"minecraft:netherite_helmet":4,"minecraft:copper_block":101,"minecraft:name_tag":3,"minecraft:item_frame":4,"minecraft:diamond_axe":2,"minecraft:crafting_table":17,"minecraft:spruce_planks":48,"minecraft:iron_helmet":1,"minecraft:silence_armor_trim_smithing_template":24,"minecraft:smithing_table":1,"minecraft:gold_block":21,"minecraft:sentry_armor_trim_smithing_template":68,"minecraft:blaze_rod":1,"minecraft:stone_brick_stairs":8,"minecraft:iron_chestplate":1,"minecraft:diamond_pickaxe":2,"minecraft:shield":2,"minecraft:stick":356,"minecraft:iron_ingot":555,"minecraft:iron_block":50,"minecraft:gold_ingot":72,"minecraft:raw_iron":1046,"minecraft:smooth_stone_slab":18,"minecraft:netherite_sword":1,"minecraft:furnace":36,"minecraft:blue_shulker_box":1,"minecraft:diamond_block":22,"minecraft:flint_and_steel":1,"minecraft:diamond":117,"minecraft:leather":4,"minecraft:vex_armor_trim_smithing_template":16,"minecraft:redstone_block":31,"minecraft:dark_oak_planks":4224,"minecraft:minecart":1,"minecraft:coal_block":8,"minecraft:diamond_sword":1,"minecraft:sandstone_slab":78,"minecraft:enchanted_book":4,"minecraft:air":0,"minecraft:blue_dye":1,"minecraft:oak_boat":2,"minecraft:golden_apple":8,"minecraft:iron_leggings":2,"minecraft:armor_stand":14,"minecraft:stonecutter":2805,"minecraft:anvil":2,"minecraft:music_disc_5":1,"minecraft:coast_armor_trim_smithing_template":14,"minecraft:torch":256,"minecraft:lapis_block":143,"minecraft:diamond_chestplate":1},"minecraft:used":{"minecraft:diamond_hoe":2450,"minecraft:chest":90,"minecraft:shield":13,"minecraft:iron_sword":1,"minecraft:zombie_spawn_egg":22,"minecraft:snowball":3,"minecraft:obsidian":20,"minecraft:grass_block":64,"minecraft:stone_brick_stairs":52,"minecraft:item_frame":13,"minecraft:netherite_boots":3,"minecraft:bow":18,"minecraft:hay_block":1,"minecraft:written_book":3,"minecraft:blue_shulker_box":10,"minecraft:furnace":37,"minecraft:emerald_ore":2,"minecraft:diamond_boots":7,"minecraft:wither_skeleton_skull":1,"minecraft:prismarine":3,"minecraft:oak_planks":4,"minecraft:ender_pearl":114,"minecraft:sandstone":798,"minecraft:diamond_axe":144,"minecraft:golden_apple":13,"minecraft:netherite_leggings":1,"minecraft:netherite_helmet":1,"minecraft:end_stone":456,"minecraft:firework_rocket":1,"minecraft:dark_oak_log":337,"minecraft:bread":7,"minecraft:gravel":6,"minecraft:diamond_sword":1224,"minecraft:smithing_table":2,"minecraft:oak_boat":2,"minecraft:experience_bottle":349,"minecraft:netherite_sword":2247,"minecraft:stone_sword":63,"minecraft:flint_and_steel":2,"minecraft:armor_stand":20,"minecraft:spruce_planks":2,"minecraft:ender_chest":3,"minecraft:torch":135,"minecraft:dragon_egg":2,"minecraft:dirt":30,"minecraft:anvil":2,"minecraft:hopper":21,"minecraft:diamond_helmet":2,"minecraft:dark_oak_planks":3152,"minecraft:bookshelf":21,"minecraft:smooth_sandstone":64,"minecraft:spawner":1,"minecraft:totem_of_undying":6,"minecraft:diamond_chestplate":4,"minecraft:netherite_pickaxe":19523,"minecraft:cooked_beef":186,"minecraft:cobbled_deepslate":4,"minecraft:enchanted_golden_apple":146,"minecraft:glass_bottle":1,"minecraft:netherite_chestplate":2,"minecraft:stonecutter":4,"minecraft:crafting_table":13,"minecraft:spruce_log":1,"minecraft:dark_oak_door":1,"minecraft:apple":15,"minecraft:diamond_pickaxe":217,"minecraft:diamond_shovel":382,"minecraft:yellow_wool":1,"minecraft:fishing_rod":2,"minecraft:cobblestone":47,"minecraft:potion":17,"minecraft:sandstone_slab":92,"minecraft:splash_potion":17,"minecraft:diamond_leggings":6},"minecraft:killed_by":{"minecraft:witch":6,"minecraft:zombie":3,"minecraft:player":56,"minecraft:iron_golem":2,"minecraft:skeleton":1},"minecraft:broken":{"minecraft:diamond_helmet":4,"minecraft:iron_chestplate":1,"minecraft:netherite_chestplate":1,"minecraft:diamond_boots":4,"minecraft:netherite_leggings":1,"minecraft:diamond_chestplate":2,"minecraft:netherite_helmet":1,"minecraft:diamond_leggings":4},"minecraft:mined":{"minecraft:dark_oak_planks":78,"minecraft:sculk_vein":234,"minecraft:obsidian":32,"minecraft:granite":139,"minecraft:budding_amethyst":3,"minecraft:grass_block":398,"minecraft:deepslate_bricks":2,"minecraft:deepslate_tile_stairs":2,"minecraft:hopper":1,"minecraft:spawner":1,"minecraft:tall_seagrass":17,"minecraft:sculk_catalyst":12,"minecraft:iron_ore":16,"minecraft:fire":2,"minecraft:cobbled_deepslate":1,"minecraft:deepslate_lapis_ore":516,"minecraft:sculk_shrieker":28,"minecraft:deepslate_redstone_ore":552,"minecraft:sandstone_slab":17,"minecraft:kelp_plant":22,"minecraft:soul_fire":3,"minecraft:torch":15,"minecraft:calcite":9,"minecraft:chest":8,"minecraft:prismarine":15,"minecraft:oak_planks":2,"minecraft:wall_torch":19,"minecraft:amethyst_block":43,"minecraft:deepslate_copper_ore":434,"minecraft:seagrass":1,"minecraft:yellow_wool":1,"minecraft:stone_brick_stairs":9,"minecraft:oak_log":13,"minecraft:dirt":53,"minecraft:smooth_basalt":2,"minecraft:blue_shulker_box":10,"minecraft:stonecutter":2,"minecraft:oak_leaves":2,"minecraft:deepslate":1422,"minecraft:dark_prismarine":11,"minecraft:tuff":203,"minecraft:deepslate_diamond_ore":437,"minecraft:dark_oak_log":4,"minecraft:mangrove_roots":28,"minecraft:end_stone":1,"minecraft:spruce_leaves":11,"minecraft:kelp":1,"minecraft:sandstone":8,"minecraft:hay_block":1,"minecraft:furnace":1,"minecraft:snow":42,"minecraft:andesite":413,"minecraft:chiseled_deepslate":1,"minecraft:gold_block":8,"minecraft:bookshelf":16,"minecraft:deepslate_iron_ore":1233,"minecraft:packed_ice":4,"minecraft:wet_sponge":4,"minecraft:stone":13298,"minecraft:smithing_table":1,"minecraft:crafting_table":1,"minecraft:short_grass":24,"minecraft:sculk_sensor":105,"minecraft:tall_grass":7,"minecraft:copper_ore":9,"minecraft:deepslate_coal_ore":406,"minecraft:deepslate_gold_ore":114,"minecraft:lapis_ore":2,"minecraft:cracked_deepslate_bricks":1,"minecraft:sculk":2086,"minecraft:diorite":79,"minecraft:prismarine_bricks":10,"minecraft:gray_wool":2,"minecraft:sweet_berry_bush":1,"minecraft:spruce_log":17,"minecraft:coal_ore":146,"minecraft:gravel":22,"minecraft:stone_bricks":1,"minecraft:mossy_stone_bricks":3,"minecraft:deepslate_emerald_ore":7},"minecraft:picked_up":{"minecraft:redstone_block":240,"minecraft:anvil":1,"minecraft:prismarine_shard":27,"minecraft:yellow_wool":1,"minecraft:sentry_armor_trim_smithing_template":1,"minecraft:smithing_table":1,"minecraft:lead":2,"minecraft:diamond_sword":8,"minecraft:potion":9,"minecraft:enchanted_book":1,"minecraft:stone_brick_stairs":7,"minecraft:amethyst_block":43,"minecraft:lapis_block":414,"minecraft:string":10,"minecraft:raw_copper":2117,"minecraft:armor_stand":9,"minecraft:experience_bottle":130,"minecraft:diamond_leggings":16,"minecraft:deepslate_tiles":3,"minecraft:cobbled_deepslate":807,"minecraft:light_weighted_pressure_plate":1,"minecraft:calcite":3,"minecraft:netherite_upgrade_smithing_template":4,"minecraft:enchanted_golden_apple":101,"minecraft:coal_block":41,"minecraft:furnace":1,"minecraft:tipped_arrow":3,"minecraft:stick":2,"minecraft:torch":21,"minecraft:diorite":49,"minecraft:zombie_spawn_egg":1,"minecraft:rotten_flesh":94,"minecraft:iron_block":74,"minecraft:mangrove_roots":114,"minecraft:netherite_chestplate":9,"minecraft:blaze_rod":10,"minecraft:obsidian":44,"minecraft:snowball":49,"minecraft:cobblestone":6771,"minecraft:leather_chestplate":1,"minecraft:feather":3,"minecraft:cooked_beef":303,"minecraft:andesite":152,"minecraft:brown_wool":1,"minecraft:copper_block":47,"minecraft:flint":22,"minecraft:tuff":95,"minecraft:prismarine_bricks":10,"minecraft:wither_skeleton_skull":1,"minecraft:netherite_leggings":7,"minecraft:lapis_lazuli":4028,"minecraft:dirt":367,"minecraft:lantern":1,"minecraft:bone":9,"minecraft:chipped_anvil":3,"minecraft:bow":2,"minecraft:stonecutter":2,"minecraft:wheat_seeds":3,"minecraft:raw_gold":255,"minecraft:light_blue_dye":3,"minecraft:mossy_stone_bricks":3,"minecraft:diamond_helmet":10,"minecraft:prismarine":14,"minecraft:oak_planks":4,"minecraft:ghast_tear":25,"minecraft:cooked_porkchop":3,"minecraft:music_disc_13":2,"minecraft:grass_block":65,"minecraft:diamond_block":85,"minecraft:dark_oak_log":2,"minecraft:dark_prismarine":5,"minecraft:diamond":885,"minecraft:netherite_helmet":8,"minecraft:granite":10,"minecraft:golden_apple":3,"minecraft:emerald":14,"minecraft:bread":1,"minecraft:oak_sapling":2,"minecraft:nether_star":1,"minecraft:diamond_pickaxe":1,"minecraft:crafting_table":2,"minecraft:splash_potion":1,"minecraft:azure_bluet":1,"minecraft:sandstone_slab":20,"minecraft:leather_leggings":1,"minecraft:gold_block":77,"minecraft:shield":4,"minecraft:heavy_weighted_pressure_plate":12,"minecraft:elytra":3,"minecraft:iron_axe":2,"minecraft:item_frame":12,"minecraft:cracked_stone_bricks":1,"minecraft:netherite_sword":90,"minecraft:beef":2,"minecraft:poppy":7,"minecraft:light_gray_wool":1,"minecraft:minecart":3,"minecraft:chest":14,"minecraft:blue_shulker_box":183,"minecraft:phantom_membrane":3,"minecraft:diamond_hoe":1,"minecraft:raw_iron":2034,"minecraft:sandstone":8,"minecraft:end_stone":404,"minecraft:copper_ingot":8,"minecraft:carrot":1,"minecraft:redstone":1679,"minecraft:netherite_pickaxe":112,"minecraft:prismarine_crystals":7,"minecraft:dark_oak_planks":76,"minecraft:arrow":12,"minecraft:diamond_chestplate":13,"minecraft:cooked_cod":6,"minecraft:diamond_boots":8,"minecraft:deepslate_bricks":25,"minecraft:hay_block":1,"minecraft:saddle":1,"minecraft:totem_of_undying":14,"minecraft:mutton":2,"minecraft:white_wool":1,"minecraft:wet_sponge":5,"minecraft:netherite_boots":7,"minecraft:leather":4,"minecraft:oak_log":13,"minecraft:chainmail_chestplate":1,"minecraft:gunpowder":22,"minecraft:paper":1,"minecraft:cooked_mutton":6,"minecraft:coast_armor_trim_smithing_template":2,"minecraft:apple":23,"minecraft:stone_bricks":1,"minecraft:kelp":5,"minecraft:stone_pickaxe":1,"minecraft:iron_ingot":110,"minecraft:cooked_chicken":3,"minecraft:glass_bottle":4,"minecraft:iron_sword":2,"minecraft:book":49,"minecraft:sculk_catalyst":2,"minecraft:emerald_block":1,"minecraft:sweet_berries":4,"minecraft:raw_iron_block":160,"minecraft:gravel":4,"minecraft:amethyst_shard":15,"minecraft:spruce_sapling":2,"minecraft:spruce_log":17,"minecraft:spider_eye":3,"minecraft:lime_dye":1,"minecraft:firework_rocket":28,"minecraft:slime_ball":434,"minecraft:diamond_axe":1,"minecraft:cherry_sapling":6,"minecraft:gray_wool":1,"minecraft:coal":1056,"minecraft:pink_dye":7,"minecraft:hopper":1,"minecraft:ender_pearl":5}},"DataVersion":3700}