{"stats":{"minecraft:crafted":{"minecraft:crafting_table":1,"minecraft:iron_ingot":67,"minecraft:gold_ingot":4,"minecraft:copper_ingot":23,"minecraft:air":0},"minecraft:custom":{"minecraft:time_since_rest":13013,"minecraft:damage_taken":155,"minecraft:interact_with_furnace":8,"minecraft:sprint_one_cm":74935,"minecraft:open_enderchest":2,"minecraft:walk_one_cm":273654,"minecraft:mob_kills":39,"minecraft:damage_dealt":1423,"minecraft:fly_one_cm":163492,"minecraft:open_chest":21,"minecraft:crouch_one_cm":1740,"minecraft:play_time":78230,"minecraft:sneak_time":798,"minecraft:walk_under_water_one_cm":1676,"minecraft:jump":1017,"minecraft:interact_with_blast_furnace":19,"minecraft:leave_game":5,"minecraft:walk_on_water_one_cm":355,"minecraft:time_since_death":78230,"minecraft:sleep_in_bed":1,"minecraft:total_world_time":78230,"minecraft:climb_one_cm":4411,"minecraft:fall_one_cm":16364,"minecraft:horse_one_cm":453874},"minecraft:mined":{"minecraft:cherry_planks":14,"minecraft:iron_ore":1,"minecraft:dandelion":1,"minecraft:mangrove_roots":1,"minecraft:deepslate_lapis_ore":2,"minecraft:short_grass":2,"minecraft:grass_block":8,"minecraft:oak_sign":1,"minecraft:deepslate_iron_ore":81,"minecraft:dirt":15,"minecraft:deepslate_coal_ore":32,"minecraft:deepslate_gold_ore":4,"minecraft:stone":30,"minecraft:deepslate_copper_ore":6},"minecraft:picked_up":{"minecraft:chicken":1,"minecraft:feather":2,"minecraft:raw_iron":82,"minecraft:cooked_beef":55,"minecraft:cherry_planks":14,"minecraft:leather":2,"minecraft:diamond_sword":1,"minecraft:dandelion":1,"minecraft:redstone":13,"minecraft:lapis_lazuli":8,"minecraft:dirt":20,"minecraft:raw_copper":175,"minecraft:oak_sign":1,"minecraft:diamond_chestplate":1,"minecraft:slime_ball":29,"minecraft:diamond_leggings":1,"minecraft:raw_gold":4,"minecraft:diamond_boots":1,"minecraft:mangrove_roots":1,"minecraft:diamond_helmet":1,"minecraft:coal":35,"minecraft:diamond_pickaxe":1,"minecraft:cobblestone":39},"minecraft:used":{"minecraft:diamond_pickaxe":158,"minecraft:diamond_boots":1,"minecraft:iron_axe":19,"minecraft:oak_planks":3,"minecraft:oak_sign":1,"minecraft:cherry_planks":2,"minecraft:diamond_chestplate":1,"minecraft:diamond_sword":35,"minecraft:dirt":12,"minecraft:cobblestone":6,"minecraft:diamond_helmet":1,"minecraft:cooked_beef":5,"minecraft:diamond_leggings":1},"minecraft:killed":{"minecraft:horse":1,"minecraft:skeleton":2,"minecraft:chicken":1,"minecraft:slime":34}},"DataVersion":3700}