{"stats":{"minecraft:custom":{"minecraft:time_since_rest":59527,"minecraft:open_enderchest":2,"minecraft:sprint_one_cm":103448,"minecraft:damage_taken":2471,"minecraft:walk_one_cm":308129,"minecraft:damage_absorbed":2528,"minecraft:mob_kills":1,"minecraft:drop":1,"minecraft:damage_dealt":4071,"minecraft:damage_dealt_absorbed":2763,"minecraft:fly_one_cm":270215,"minecraft:player_kills":1,"minecraft:open_chest":12,"minecraft:crouch_one_cm":1311,"minecraft:play_time":59527,"minecraft:sneak_time":1029,"minecraft:jump":566,"minecraft:leave_game":1,"minecraft:walk_on_water_one_cm":104,"minecraft:time_since_death":59527,"minecraft:climb_one_cm":2869,"minecraft:total_world_time":59527,"minecraft:damage_resisted":2188,"minecraft:fall_one_cm":2126},"minecraft:mined":{"minecraft:deepslate_redstone_ore":4,"minecraft:deepslate_lapis_ore":1,"minecraft:deepslate_iron_ore":2,"minecraft:chest":1,"minecraft:deepslate_gold_ore":1,"minecraft:stone":32,"minecraft:deepslate_copper_ore":1},"minecraft:picked_up":{"minecraft:cooked_beef":39,"minecraft:raw_iron":6,"minecraft:redstone":28,"minecraft:lapis_lazuli":7,"minecraft:raw_copper":20,"minecraft:lime_dye":64,"minecraft:netherite_sword":1,"minecraft:raw_gold":1,"minecraft:light_blue_dye":64,"minecraft:red_dye":64,"minecraft:diamond_helmet":1,"minecraft:pink_dye":64,"minecraft:cobblestone":24},"minecraft:used":{"minecraft:netherite_sword":602,"minecraft:netherite_axe":1,"minecraft:iron_sword":18,"minecraft:totem_of_undying":1,"minecraft:cobblestone":10,"minecraft:netherite_pickaxe":41,"minecraft:enchanted_golden_apple":33},"minecraft:broken":{"minecraft:netherite_helmet":1,"minecraft:netherite_chestplate":1,"minecraft:netherite_leggings":1,"minecraft:netherite_boots":1},"minecraft:killed":{"minecraft:zombie":1},"minecraft:dropped":{"minecraft:netherite_sword":1}},"DataVersion":3700}