{"stats":{"minecraft:killed":{"minecraft:endermite":1,"minecraft:slime":6,"minecraft:wither_skeleton":15,"minecraft:cow":2},"minecraft:custom":{"minecraft:interact_with_furnace":61,"minecraft:mob_kills":27,"minecraft:interact_with_anvil":2,"minecraft:interact_with_crafting_table":36,"minecraft:open_barrel":10,"minecraft:open_shulker_box":1,"minecraft:bell_ring":7,"minecraft:damage_dealt_resisted":1704,"minecraft:leave_game":6,"minecraft:time_since_death":82388,"minecraft:sleep_in_bed":8,"minecraft:climb_one_cm":39850,"minecraft:damage_resisted":2099,"minecraft:time_since_rest":25804,"minecraft:damage_absorbed":2671,"minecraft:sprint_one_cm":1476797,"minecraft:open_enderchest":29,"minecraft:damage_taken":11462,"minecraft:walk_one_cm":1927541,"minecraft:drop":75,"minecraft:damage_dealt":5094,"minecraft:swim_one_cm":2045,"minecraft:damage_dealt_absorbed":920,"minecraft:fly_one_cm":2064886,"minecraft:open_chest":55,"minecraft:walk_under_water_one_cm":13762,"minecraft:crouch_one_cm":14479,"minecraft:play_time":635656,"minecraft:deaths":21,"minecraft:sneak_time":6665,"minecraft:aviate_one_cm":124132,"minecraft:jump":10352,"minecraft:walk_on_water_one_cm":18184,"minecraft:enchant_item":3,"minecraft:total_world_time":635656,"minecraft:fall_one_cm":227126,"minecraft:horse_one_cm":2386},"minecraft:picked_up":{"minecraft:wheat":1,"minecraft:netherite_boots":1,"minecraft:crafting_table":1,"minecraft:splash_potion":1,"minecraft:cooked_beef":195,"minecraft:redstone_block":104,"minecraft:ladder":1,"minecraft:prismarine_shard":1,"minecraft:copper_block":20,"minecraft:leather":2,"minecraft:diamond_sword":8,"minecraft:potion":6,"minecraft:oak_log":6,"minecraft:wither_skeleton_skull":4,"minecraft:lapis_block":200,"minecraft:lapis_lazuli":1629,"minecraft:elytra":1,"minecraft:dirt":3,"minecraft:dead_tube_coral_block":42,"minecraft:raw_copper":487,"minecraft:cooked_mutton":3,"minecraft:bone":5,"minecraft:wheat_seeds":3,"minecraft:diamond_leggings":4,"minecraft:raw_gold":26,"minecraft:light_blue_dye":4,"minecraft:iron_ingot":216,"minecraft:cooked_chicken":18,"minecraft:enchanted_golden_apple":16,"minecraft:glass_bottle":2,"minecraft:diamond_helmet":3,"minecraft:chest":3,"minecraft:coal_block":42,"minecraft:oak_planks":1,"minecraft:iron_sword":1,"minecraft:soul_sand":6,"minecraft:raw_copper_block":127,"minecraft:stick":31,"minecraft:raw_iron":251,"minecraft:copper_ingot":470,"minecraft:torch":1,"minecraft:raw_iron_block":70,"minecraft:carrot":5,"minecraft:shulker_box":2,"minecraft:redstone":610,"minecraft:diamond_block":22,"minecraft:netherite_pickaxe":1,"minecraft:firework_rocket":13,"minecraft:lime_dye":2,"minecraft:stone_sword":1,"minecraft:diamond_chestplate":4,"minecraft:slime_ball":5,"minecraft:cooked_cod":2,"minecraft:diamond":106,"minecraft:diamond_boots":5,"minecraft:netherite_chestplate":1,"minecraft:mangrove_roots":3,"minecraft:blaze_rod":1,"minecraft:coal":227,"minecraft:pink_dye":3,"minecraft:white_wool":2,"minecraft:cobblestone":262},"minecraft:killed_by":{"minecraft:player":13,"minecraft:wither_skeleton":1},"minecraft:used":{"minecraft:emerald_ore":2,"minecraft:stone_sword":4,"minecraft:diamond_boots":1,"minecraft:wither_skeleton_skull":4,"minecraft:oak_planks":1,"minecraft:elytra":1,"minecraft:ender_pearl":6,"minecraft:diamond_axe":7,"minecraft:cooked_chicken":9,"minecraft:torch":1,"minecraft:crafting_table":1,"minecraft:carrot":5,"minecraft:shulker_box":1,"minecraft:diamond_helmet":1,"minecraft:diamond_pickaxe":402,"minecraft:firework_rocket":13,"minecraft:bread":4,"minecraft:diamond_chestplate":3,"minecraft:diamond_sword":303,"minecraft:potion":3,"minecraft:cooked_beef":71,"minecraft:diamond_leggings":2,"minecraft:enchanted_golden_apple":24,"minecraft:experience_bottle":16},"minecraft:broken":{"minecraft:diamond_boots":1,"minecraft:diamond_helmet":2,"minecraft:diamond_leggings":1},"minecraft:crafted":{"minecraft:oak_planks":24,"minecraft:crafting_table":1,"minecraft:raw_gold_block":3,"minecraft:copper_ingot":64,"minecraft:gold_block":1,"minecraft:raw_copper_block":1,"minecraft:diamond_helmet":1,"minecraft:diamond_pickaxe":1,"minecraft:raw_gold":27,"minecraft:stick":8,"minecraft:iron_ingot":35,"minecraft:gold_ingot":26,"minecraft:redstone_block":7,"minecraft:lapis_block":4},"minecraft:dropped":{"minecraft:wheat_seeds":3,"minecraft:iron_sword":1,"minecraft:netherite_pickaxe":1,"minecraft:mangrove_roots":3,"minecraft:lapis_lazuli":71,"minecraft:cooked_beef":13,"minecraft:stone_sword":2,"minecraft:raw_copper":237,"minecraft:glass_bottle":5,"minecraft:wheat":1,"minecraft:netherite_chestplate":1,"minecraft:raw_iron":182,"minecraft:cobblestone":262,"minecraft:oak_planks":16,"minecraft:rooted_dirt":1,"minecraft:stick":43,"minecraft:diamond_sword":6,"minecraft:dirt":3,"minecraft:raw_copper_block":1,"minecraft:diamond_chestplate":2,"minecraft:cooked_cod":2,"minecraft:netherite_boots":1,"minecraft:ladder":1,"minecraft:diamond_helmet":1,"minecraft:diamond_boots":1,"minecraft:dead_tube_coral_block":3,"minecraft:white_wool":2,"minecraft:bone":2},"minecraft:mined":{"minecraft:deepslate_redstone_ore":17,"minecraft:deepslate_diamond_ore":65,"minecraft:shulker_box":1,"minecraft:crafting_table":1,"minecraft:short_grass":3,"minecraft:grass_block":3,"minecraft:deepslate_coal_ore":29,"minecraft:oak_planks":1,"minecraft:wall_torch":1,"minecraft:deepslate_copper_ore":36,"minecraft:deepslate_lapis_ore":89,"minecraft:oak_log":4,"minecraft:deepslate_iron_ore":76,"minecraft:dirt":1,"minecraft:wither_skeleton_skull":1,"minecraft:stone":81,"minecraft:oak_leaves":5}},"DataVersion":3700}