{"stats":{"minecraft:killed":{"minecraft:cave_spider":2,"minecraft:spider":9,"minecraft:skeleton":13,"minecraft:iron_golem":4,"minecraft:creeper":11,"minecraft:sheep":1,"minecraft:trader_llama":2,"minecraft:pillager":24,"minecraft:zombie":100,"minecraft:ghast":85,"minecraft:stray":2,"minecraft:cow":1,"minecraft:endermite":57,"minecraft:slime":233,"minecraft:zoglin":6,"minecraft:husk":29,"minecraft:rabbit":1,"minecraft:wandering_trader":1,"minecraft:wither_skeleton":46,"minecraft:enderman":4},"minecraft:custom":{"minecraft:interact_with_crafting_table":96,"minecraft:open_barrel":11,"minecraft:bell_ring":2,"minecraft:leave_game":33,"minecraft:time_since_death":72080,"minecraft:damage_resisted":9880,"minecraft:sprint_one_cm":2980370,"minecraft:damage_blocked_by_shield":3420,"minecraft:drop":198,"minecraft:talked_to_villager":2,"minecraft:play_time":1410035,"minecraft:deaths":107,"minecraft:jump":16098,"minecraft:interact_with_brewingstand":9,"minecraft:walk_on_water_one_cm":52106,"minecraft:enchant_item":4,"minecraft:interact_with_furnace":240,"minecraft:sleep_in_bed":2,"minecraft:open_enderchest":18,"minecraft:damage_dealt":71338,"minecraft:interact_with_beacon":2,"minecraft:player_kills":4,"minecraft:crouch_one_cm":44690,"minecraft:interact_with_smoker":6,"minecraft:use_cauldron":33,"minecraft:inspect_dispenser":1,"minecraft:horse_one_cm":19794,"minecraft:interact_with_smithing_table":1,"minecraft:mob_kills":642,"minecraft:interact_with_anvil":15,"minecraft:climb_one_cm":30340,"minecraft:walk_one_cm":3977159,"minecraft:damage_dealt_absorbed":1564,"minecraft:target_hit":30,"minecraft:sneak_time":17413,"minecraft:walk_under_water_one_cm":47565,"minecraft:interact_with_lectern":1,"minecraft:interact_with_blast_furnace":3,"minecraft:total_world_time":1410035,"minecraft:time_since_rest":72130,"minecraft:damage_taken":54427,"minecraft:damage_absorbed":20458,"minecraft:trigger_trapped_chest":96,"minecraft:swim_one_cm":46442,"minecraft:fly_one_cm":3094578,"minecraft:open_chest":587,"minecraft:aviate_one_cm":699402,"minecraft:fish_caught":4,"minecraft:fall_one_cm":245403},"minecraft:dropped":{"minecraft:iron_sword":4,"minecraft:cooked_beef":1,"minecraft:glass_bottle":2,"minecraft:diamond":1,"minecraft:crafting_table":1,"minecraft:crossbow":4,"minecraft:leather":32,"minecraft:elytra":3,"minecraft:leather_helmet":4,"minecraft:dirt":130,"minecraft:netherite_boots":4,"minecraft:bone_meal":6,"minecraft:end_crystal":64,"minecraft:bone":2,"minecraft:magenta_banner":16,"minecraft:mangrove_roots":11,"minecraft:netherite_sword":4,"minecraft:rotten_flesh":5,"minecraft:oak_planks":66,"minecraft:enchanted_golden_apple":168,"minecraft:cooked_mutton":1,"minecraft:carrot":27,"minecraft:chainmail_chestplate":1,"minecraft:leather_chestplate":6,"minecraft:trident":1,"minecraft:gunpowder":4,"minecraft:leather_boots":6,"minecraft:chainmail_boots":6,"minecraft:leather_leggings":6,"minecraft:arrow":1,"minecraft:ghast_tear":1,"minecraft:bread":39,"minecraft:wheat_seeds":1,"minecraft:netherite_helmet":3,"minecraft:netherite_chestplate":5,"minecraft:cobblestone":664,"minecraft:lead":9,"minecraft:spruce_button":1,"minecraft:chainmail_helmet":1,"minecraft:coal":115,"minecraft:stick":344,"minecraft:potion":5,"minecraft:iron_leggings":1,"minecraft:white_banner":4,"minecraft:paper":8,"minecraft:chainmail_leggings":1,"minecraft:trapped_chest":1,"minecraft:redstone_block":1,"minecraft:dandelion":2,"minecraft:stone_sword":5,"minecraft:raw_iron":47,"minecraft:iron_boots":2,"minecraft:totem_of_undying":2,"minecraft:oak_sign":1,"minecraft:netherite_leggings":3,"minecraft:diamond_sword":7,"minecraft:stone":67,"minecraft:shield":2,"minecraft:spruce_planks":52,"minecraft:diamond_pickaxe":3,"minecraft:iron_chestplate":1,"minecraft:spruce_log":1,"minecraft:bow":2,"minecraft:stone_pickaxe":1,"minecraft:wooden_pickaxe":4,"minecraft:raw_gold":21},"minecraft:crafted":{"minecraft:oak_planks":788,"minecraft:cobblestone_slab":6732,"minecraft:orange_stained_glass":16,"minecraft:stone":43,"minecraft:diamond_shovel":1,"minecraft:glass":57,"minecraft:diamond_leggings":3,"minecraft:diamond_helmet":1,"minecraft:bow":4,"minecraft:chest":12,"minecraft:oak_fence":3,"minecraft:golden_sword":1,"minecraft:pink_stained_glass":8,"minecraft:spruce_planks":272,"minecraft:wooden_pickaxe":1,"minecraft:copper_ingot":64,"minecraft:yellow_stained_glass":16,"minecraft:golden_leggings":1,"minecraft:diamond_pickaxe":2,"minecraft:yellow_dye":2,"minecraft:stick":532,"minecraft:iron_ingot":799,"minecraft:iron_pickaxe":1,"minecraft:gold_ingot":149,"minecraft:cherry_planks":72,"minecraft:wooden_sword":1,"minecraft:fishing_rod":1,"minecraft:golden_chestplate":1,"minecraft:iron_nugget":576,"minecraft:furnace":1,"minecraft:bone_meal":6,"minecraft:flint_and_steel":1,"minecraft:lantern":72,"minecraft:diamond":144,"minecraft:ladder":15,"minecraft:cherry_stairs":48,"minecraft:stone_pickaxe":1,"minecraft:diamond_boots":3,"minecraft:redstone_block":18,"minecraft:golden_helmet":1,"minecraft:red_dye":10,"minecraft:netherite_pickaxe":1,"minecraft:diamond_sword":9,"minecraft:iron_sword":1,"minecraft:bucket":8,"minecraft:air":0,"minecraft:black_stained_glass":8,"minecraft:red_stained_glass":88,"minecraft:torch":256,"minecraft:diamond_chestplate":3},"minecraft:used":{"minecraft:cherry_sapling":3,"minecraft:elytra":17,"minecraft:ladder":17,"minecraft:chest":13,"minecraft:shield":42,"minecraft:stone":11,"minecraft:iron_sword":71,"minecraft:player_head":3,"minecraft:rotten_flesh":3,"minecraft:carrot":121,"minecraft:axolotl_bucket":81,"minecraft:milk_bucket":2,"minecraft:obsidian":18,"minecraft:warden_spawn_egg":295,"minecraft:glass":1,"minecraft:lava_bucket":11,"minecraft:lantern":13,"minecraft:grass_block":21,"minecraft:stone_bricks":2,"minecraft:netherite_boots":5,"minecraft:golden_sword":32,"minecraft:bow":345,"minecraft:scaffolding":2,"minecraft:furnace":1,"minecraft:potato":78,"minecraft:leather_leggings":1,"minecraft:diamond_boots":1,"minecraft:red_stained_glass":58,"minecraft:stone_pickaxe":13,"minecraft:oak_planks":532,"minecraft:ender_pearl":1,"minecraft:wooden_pickaxe":7,"minecraft:leather_chestplate":1,"minecraft:diamond_axe":7,"minecraft:golden_apple":4,"minecraft:sand":33,"minecraft:netherite_leggings":5,"minecraft:crossbow":2,"minecraft:netherite_helmet":5,"minecraft:firework_rocket":866,"minecraft:bread":66,"minecraft:gravel":2,"minecraft:diamond_sword":3082,"minecraft:wooden_sword":9,"minecraft:chainmail_boots":1,"minecraft:poisonous_potato":1,"minecraft:pink_stained_glass":8,"minecraft:air":16,"minecraft:bone_meal":32,"minecraft:experience_bottle":85,"minecraft:stone_sword":4,"minecraft:flint_and_steel":3,"minecraft:cooked_chicken":3,"minecraft:orange_stained_glass":9,"minecraft:torch":68,"minecraft:dirt":160,"minecraft:chainmail_chestplate":1,"minecraft:diamond_helmet":1,"minecraft:yellow_stained_glass":16,"minecraft:iron_block":25,"minecraft:iron_axe":44,"minecraft:totem_of_undying":12,"minecraft:diamond_chestplate":1,"minecraft:black_stained_glass":4,"minecraft:goat_horn":1,"minecraft:netherite_pickaxe":4852,"minecraft:cooked_beef":22,"minecraft:cobbled_deepslate":2,"minecraft:enchanted_golden_apple":128,"minecraft:cooked_mutton":26,"minecraft:water_bucket":4,"minecraft:amethyst_block":94,"minecraft:glass_bottle":18,"minecraft:netherite_chestplate":17,"minecraft:beacon":1,"minecraft:leather_boots":28,"minecraft:crafting_table":1,"minecraft:cod":2,"minecraft:spruce_log":33,"minecraft:diamond_pickaxe":2774,"minecraft:diamond_shovel":351,"minecraft:oak_button":2,"minecraft:leather_helmet":1,"minecraft:stone_axe":5,"minecraft:fishing_rod":108,"minecraft:cobblestone":59,"minecraft:potion":6,"minecraft:cherry_stairs":17,"minecraft:cooked_porkchop":18,"minecraft:bucket":12,"minecraft:brush":18,"minecraft:diamond_leggings":3,"minecraft:splash_potion":1},"minecraft:mined":{"minecraft:cherry_log":18,"minecraft:orange_stained_glass":1,"minecraft:obsidian":10,"minecraft:granite":76,"minecraft:budding_amethyst":35,"minecraft:grass_block":219,"minecraft:tall_seagrass":1,"minecraft:iron_ore":8,"minecraft:cobbled_deepslate":25,"minecraft:fire":2,"minecraft:deepslate_lapis_ore":29,"minecraft:small_amethyst_bud":1,"minecraft:iron_block":25,"minecraft:deepslate_redstone_ore":289,"minecraft:player_wall_head":2,"minecraft:torch":7,"minecraft:calcite":277,"minecraft:poppy":11,"minecraft:beacon":1,"minecraft:glass":1,"minecraft:cobblestone":53,"minecraft:oak_planks":16,"minecraft:sugar_cane":60,"minecraft:wall_torch":2,"minecraft:amethyst_block":293,"minecraft:deepslate_copper_ore":4,"minecraft:seagrass":1,"minecraft:sand":59,"minecraft:dirt":140,"minecraft:smooth_basalt":104,"minecraft:yellow_stained_glass":16,"minecraft:deepslate_diamond_ore":390,"minecraft:red_stained_glass":20,"minecraft:cherry_sapling":1,"minecraft:mangrove_roots":75,"minecraft:ladder":13,"minecraft:furnace":1,"minecraft:andesite":4,"minecraft:potatoes":79,"minecraft:deepslate_iron_ore":439,"minecraft:stone":4728,"minecraft:cherry_stairs":5,"minecraft:scaffolding":1,"minecraft:dandelion":4,"minecraft:crafting_table":1,"minecraft:short_grass":92,"minecraft:tall_grass":24,"minecraft:deepslate_coal_ore":273,"minecraft:deepslate_gold_ore":204,"minecraft:coarse_dirt":1,"minecraft:cherry_leaves":5,"minecraft:gravel":17,"minecraft:stone_bricks":2,"minecraft:deepslate_emerald_ore":224},"minecraft:broken":{"minecraft:golden_helmet":1,"minecraft:diamond_helmet":1,"minecraft:iron_leggings":1,"minecraft:diamond_boots":2,"minecraft:golden_sword":1,"minecraft:diamond_chestplate":2,"minecraft:diamond_leggings":2,"minecraft:chainmail_helmet":1,"minecraft:shield":1},"minecraft:killed_by":{"minecraft:ghast":1,"minecraft:pillager":2,"minecraft:zombie":18,"minecraft:endermite":2,"minecraft:husk":45,"minecraft:player":25,"minecraft:spider":1,"minecraft:iron_golem":1,"minecraft:skeleton":5},"minecraft:picked_up":{"minecraft:iron_chestplate":1,"minecraft:redstone_block":1,"minecraft:chainmail_boots":5,"minecraft:lead":18,"minecraft:diamond_sword":10,"minecraft:potion":6,"minecraft:amethyst_block":293,"minecraft:string":14,"minecraft:raw_copper":15,"minecraft:iron_leggings":1,"minecraft:diamond_leggings":1,"minecraft:cobbled_deepslate":25,"minecraft:spruce_planks":16,"minecraft:calcite":276,"minecraft:enchanted_golden_apple":84,"minecraft:iron_boots":2,"minecraft:furnace":1,"minecraft:stick":138,"minecraft:torch":19,"minecraft:cherry_log":18,"minecraft:stone_sword":5,"minecraft:rotten_flesh":139,"minecraft:iron_block":25,"minecraft:mangrove_roots":73,"minecraft:netherite_chestplate":2,"minecraft:obsidian":10,"minecraft:cod":2,"minecraft:cobblestone":4876,"minecraft:leather_chestplate":2,"minecraft:cooked_beef":48,"minecraft:andesite":4,"minecraft:beacon":1,"minecraft:potato":303,"minecraft:flint":2,"minecraft:wither_skeleton_skull":1,"minecraft:lapis_lazuli":182,"minecraft:netherite_leggings":1,"minecraft:dirt":386,"minecraft:leather_boots":5,"minecraft:glass":1,"minecraft:bone":73,"minecraft:bow":3,"minecraft:wheat_seeds":12,"minecraft:raw_gold":196,"minecraft:rabbit":1,"minecraft:diamond_helmet":2,"minecraft:oak_planks":17,"minecraft:ghast_tear":44,"minecraft:poisonous_potato":5,"minecraft:sand":74,"minecraft:diamond_block":30,"minecraft:trapped_chest":1,"minecraft:diamond":386,"minecraft:netherite_helmet":2,"minecraft:crossbow":4,"minecraft:granite":61,"minecraft:emerald":225,"minecraft:diamond_pickaxe":1,"minecraft:crafting_table":2,"minecraft:coarse_dirt":1,"minecraft:splash_potion":1,"minecraft:ladder":13,"minecraft:leather_leggings":3,"minecraft:wooden_pickaxe":3,"minecraft:shield":3,"minecraft:elytra":1,"minecraft:iron_axe":1,"minecraft:beef":1,"minecraft:player_head":2,"minecraft:poppy":11,"minecraft:sugar_cane":183,"minecraft:chest":8,"minecraft:raw_iron":434,"minecraft:stone":67,"minecraft:cherry_stairs":5,"minecraft:carrot":1,"minecraft:redstone":1271,"minecraft:arrow":45,"minecraft:diamond_chestplate":2,"minecraft:diamond_boots":1,"minecraft:totem_of_undying":2,"minecraft:mutton":2,"minecraft:netherite_boots":3,"minecraft:tripwire_hook":1,"minecraft:yellow_dye":7,"minecraft:leather":4,"minecraft:golden_boots":1,"minecraft:gunpowder":97,"minecraft:paper":8,"minecraft:white_banner":3,"minecraft:cooked_mutton":1,"minecraft:stone_bricks":2,"minecraft:rabbit_hide":1,"minecraft:iron_ingot":17,"minecraft:glass_bottle":1,"minecraft:iron_sword":1,"minecraft:soul_sand":17,"minecraft:scaffolding":1,"minecraft:smooth_basalt":86,"minecraft:dandelion":6,"minecraft:gravel":14,"minecraft:amethyst_shard":12,"minecraft:spider_eye":2,"minecraft:leather_helmet":1,"minecraft:slime_ball":164,"minecraft:chainmail_leggings":1,"minecraft:cherry_sapling":12,"minecraft:oak_button":1,"minecraft:pink_dye":2,"minecraft:black_wool":1,"minecraft:coal":418,"minecraft:ender_pearl":2}},"DataVersion":3700}