{"stats":{"minecraft:killed_by":{"minecraft:zombie":1,"minecraft:player":32},"minecraft:dropped":{"minecraft:experience_bottle":1},"minecraft:picked_up":{"minecraft:experience_bottle":1,"minecraft:rotten_flesh":1,"minecraft:glass_bottle":1,"minecraft:lapis_lazuli":64},"minecraft:used":{"minecraft:rotten_flesh":1,"minecraft:stone_sword":6,"minecraft:iron_sword":20,"minecraft:experience_bottle":60},"minecraft:custom":{"minecraft:time_since_rest":158762,"minecraft:crouch_one_cm":2831,"minecraft:play_time":373729,"minecraft:sprint_one_cm":73216,"minecraft:deaths":33,"minecraft:damage_taken":9805,"minecraft:walk_one_cm":191267,"minecraft:sneak_time":1235,"minecraft:drop":1,"minecraft:jump":291,"minecraft:damage_dealt":1721,"minecraft:leave_game":10,"minecraft:time_since_death":158553,"minecraft:sleep_in_bed":2,"minecraft:total_world_time":373729,"minecraft:player_kills":6,"minecraft:fall_one_cm":1889,"minecraft:fly_one_cm":29733}},"DataVersion":3700}