{
  "minecraft:recipes/misc/book": {
    "criteria": {
      "has_paper": "2024-05-22 20:02:03 -0500"
    },
    "done": true
  },
  "minecraft:recipes/decorations/crafting_table": {
    "criteria": {
      "unlock_right_away": "2024-05-22 19:57:36 -0500"
    },
    "done": true
  },
  "minecraft:recipes/decorations/cartography_table": {
    "criteria": {
      "has_paper": "2024-05-22 20:02:03 -0500"
    },
    "done": true
  },
  "minecraft:adventure/adventuring_time": {
    "criteria": {
      "minecraft:plains": "2024-05-22 19:57:36 -0500"
    },
    "done": false
  },
  "DataVersion": 3700
}