{
  "minecraft:recipes/misc/book": {
    "criteria": {
      "has_paper": "2024-05-08 14:22:35 -0500"
    },
    "done": true
  },
  "minecraft:recipes/decorations/crafting_table": {
    "criteria": {
      "unlock_right_away": "2024-05-08 14:19:32 -0500"
    },
    "done": true
  },
  "minecraft:adventure/root": {
    "criteria": {
      "killed_by_something": "2024-05-08 14:22:59 -0500"
    },
    "done": true
  },
  "minecraft:recipes/decorations/cartography_table": {
    "criteria": {
      "has_paper": "2024-05-08 14:22:35 -0500"
    },
    "done": true
  },
  "minecraft:adventure/adventuring_time": {
    "criteria": {
      "minecraft:plains": "2024-05-08 14:19:33 -0500"
    },
    "done": false
  },
  "DataVersion": 3700
}