{
  "minecraft:recipes/decorations/crafting_table": {
    "criteria": {
      "unlock_right_away": "2024-03-21 16:57:01 -0500"
    },
    "done": true
  },
  "minecraft:adventure/adventuring_time": {
    "criteria": {
      "minecraft:old_growth_birch_forest": "2024-05-14 22:58:20 -0500",
      "minecraft:forest": "2024-05-14 22:59:25 -0500",
      "minecraft:river": "2024-05-14 22:59:27 -0500",
      "minecraft:dripstone_caves": "2024-05-14 22:58:49 -0500",
      "minecraft:plains": "2024-03-21 16:57:01 -0500"
    },
    "done": false
  },
  "minecraft:recipes/misc/book": {
    "criteria": {
      "has_paper": "2024-05-08 21:03:32 -0500"
    },
    "done": true
  },
  "minecraft:recipes/decorations/cartography_table": {
    "criteria": {
      "has_paper": "2024-05-08 21:03:32 -0500"
    },
    "done": true
  },
  "minecraft:adventure/root": {
    "criteria": {
      "killed_by_something": "2024-05-14 23:05:45 -0500"
    },
    "done": true
  },
  "DataVersion": 3700
}