{
  "minecraft:recipes/decorations/crafting_table": {
    "criteria": {
      "unlock_right_away": "2024-05-17 21:29:10 -0500"
    },
    "done": true
  },
  "minecraft:adventure/adventuring_time": {
    "criteria": {
      "minecraft:lukewarm_ocean": "2024-05-17 21:32:08 -0500",
      "minecraft:plains": "2024-05-17 21:29:11 -0500",
      "minecraft:deep_lukewarm_ocean": "2024-05-17 21:32:03 -0500"
    },
    "done": false
  },
  "minecraft:recipes/building_blocks/emerald_block": {
    "criteria": {
      "has_emerald": "2024-05-17 21:37:33 -0500"
    },
    "done": true
  },
  "DataVersion": 3700
}